-- phpMyAdmin SQL Dump
-- version 3.2.3
-- http://www.phpmyadmin.net
--
-- Host: localhost
-- Generation Time: Mar 25, 2013 at 04:38 PM
-- Server version: 5.1.40
-- PHP Version: 5.3.3

SET SQL_MODE="NO_AUTO_VALUE_ON_ZERO";


/*!40101 SET @OLD_CHARACTER_SET_CLIENT=@@CHARACTER_SET_CLIENT */;
/*!40101 SET @OLD_CHARACTER_SET_RESULTS=@@CHARACTER_SET_RESULTS */;
/*!40101 SET @OLD_COLLATION_CONNECTION=@@COLLATION_CONNECTION */;
/*!40101 SET NAMES utf8 */;

--
-- Database: `bagira-fresh`
--

-- --------------------------------------------------------

--
-- Table structure for table `bagira_classes`
--

CREATE TABLE IF NOT EXISTS `bagira_classes` (
  `c_id` int(11) NOT NULL AUTO_INCREMENT,
  `c_parent_id` int(11) DEFAULT NULL,
  `c_name` varchar(100) DEFAULT NULL,
  `c_sname` varchar(50) NOT NULL,
  `c_text` varchar(50) DEFAULT NULL,
  `c_base_class` int(11) DEFAULT NULL,
  `c_system` tinyint(1) DEFAULT NULL,
  `c_is_list` tinyint(1) DEFAULT NULL,
  `c_is_page` tinyint(1) DEFAULT NULL,
  PRIMARY KEY (`c_id`),
  KEY `c_parent_id` (`c_parent_id`),
  KEY `bagira_classes_ibfk_2` (`c_base_class`)
) ENGINE=InnoDB  DEFAULT CHARSET=cp1251 AUTO_INCREMENT=83 ;

--
-- Dumping data for table `bagira_classes`
--

INSERT INTO `bagira_classes` (`c_id`, `c_parent_id`, `c_name`, `c_sname`, `c_text`, `c_base_class`, `c_system`, `c_is_list`, `c_is_page`) VALUES
(27, NULL, 'Раздел сайта', 'section', 'раздел, раздела', NULL, 1, 0, 1),
(29, NULL, 'Справочник', 'handbook', '', NULL, 1, 1, 0),
(33, NULL, 'Группа пользователей', 'user_group', '', NULL, 1, 1, 0),
(34, NULL, 'Пользователь', 'user', 'пользователя, пользователя', NULL, 1, 1, 0),
(35, 29, 'Пол', 'sex', '', NULL, 1, 1, 0),
(45, 27, 'Страница', 'page', 'страницу, страницы', NULL, 0, 0, 1),
(46, 27, 'Категория', 'category', 'категорию, категории', NULL, 0, 0, 1),
(47, 27, 'Новость', 'news', 'новость, новости', 48, 0, 0, 1),
(48, 27, 'Фотография', 'photo', 'фотографию, фотографии', NULL, 0, 0, 1),
(49, 27, 'Файл для скачивания', 'file', 'файл, файла', NULL, 0, 0, 1),
(50, 27, 'Обратная связь', 'feedback', 'объект, объекта', NULL, 0, 0, 1),
(51, 50, 'Вопрос / ответ', 'faq', 'вопрос, вопроса', NULL, 0, 0, 1),
(52, 50, 'Отзыв', 'review', 'отзыв, отзыва', NULL, 0, 0, 1),
(53, 27, 'Голосование', 'vote', 'голосование, голосования', NULL, 0, 0, 1),
(55, NULL, 'Вариант ответа', 'answer', '', NULL, 1, 1, 0),
(56, NULL, 'Форма обратной связи', 'feedback_form', '', NULL, 1, 0, 0),
(57, NULL, 'Категория рассылки', 'subscription', '', NULL, 1, 1, 0),
(58, NULL, 'Выпуск рассылки', 'subscribe_msg', '', NULL, 1, 0, 0),
(59, NULL, 'Подписчик', 'subscribe_user', '', NULL, 1, 0, 0),
(60, 46, 'Новостная лента', 'news_feed', 'новостную ленту, новостной ленты', 47, 0, 0, 1),
(61, 46, 'Фотоальбом', 'gallery', 'фотоальбом, фотоальбома', 48, 0, 0, 1),
(62, 46, 'Раздел Вопрос/Ответ', 'category_faq', 'категорию, категории', 51, 0, 0, 1),
(63, 46, 'Раздел Отзывы', 'category_review', 'категорию, категории', 52, 0, 0, 1),
(66, 27, 'Товар', 'goods', 'товар, товара', 48, 0, 0, 1),
(68, NULL, 'Заказ (Интернет-магазин)', 'eshop_order', '', NULL, 0, 0, 0),
(69, NULL, 'Статус заказа (Интернет-магазин)', 'eshop_status', '', NULL, 0, 1, 0),
(70, NULL, 'Способ оплаты (Интернет-магазин)', 'eshop_payment_method', '', NULL, 0, 1, 0),
(71, NULL, 'Способ доставки (Интернет-магазин)', 'eshop_delivery_method', '', NULL, 0, 1, 0),
(72, NULL, 'Товар в заказе (Интернет-магазин)', 'eshop_goods', '', NULL, 0, 0, 0),
(73, 29, 'Для поля &quot;Гарантия&quot;', 'list_garantiya', '', NULL, 0, 1, 0),
(74, 29, 'Для поля &quot;Страна производитель&quot;', 'list_strana_proizvoditel', '', NULL, 0, 1, 0),
(75, 29, 'Для поля &quot;Возможные цвета корпуса&quot;', 'list_color', '', NULL, 0, 1, 0);

-- --------------------------------------------------------

--
-- Table structure for table `bagira_comments`
--

CREATE TABLE IF NOT EXISTS `bagira_comments` (
  `c_id` int(11) NOT NULL AUTO_INCREMENT,
  `c_parent_id` int(11) DEFAULT NULL,
  `c_obj_id` int(11) NOT NULL,
  `c_active` int(1) NOT NULL,
  `c_user_id` int(11) DEFAULT NULL,
  `c_username` varchar(255) NOT NULL,
  `c_email` varchar(255) NOT NULL,
  `c_publ_date` datetime NOT NULL,
  `c_text` text NOT NULL,
  `c_send_email` int(1) NOT NULL,
  `c_rate` int(11) NOT NULL,
  `c_parram` varchar(255) NOT NULL,
  PRIMARY KEY (`c_id`),
  KEY `c_obj_id` (`c_obj_id`),
  KEY `c_parent_id` (`c_parent_id`)
) ENGINE=InnoDB  DEFAULT CHARSET=cp1251 AUTO_INCREMENT=58 ;

--
-- Dumping data for table `bagira_comments`
--

INSERT INTO `bagira_comments` (`c_id`, `c_parent_id`, `c_obj_id`, `c_active`, `c_user_id`, `c_username`, `c_email`, `c_publ_date`, `c_text`, `c_send_email`, `c_rate`, `c_parram`) VALUES
(51, NULL, 1765, 1, 29, 'Иван', 'test@test.ru', '2011-06-22 09:20:23', 'В «Музыкальном автомате» можно найти первую джазовую звукозапись, на которой Original Dixieland Jazz Band играет «Блюз конюшни» (Livery Stable Blues). ', 0, 0, ''),
(52, 51, 1765, 1, 29, 'Вася', 'test@test.ru', '2011-06-22 09:20:42', 'Библиотека Конгресса обладает крупнейшей коллекцией исторических звукозаписей в стране. Они хранятся и оцифровываются в отделении библиотеки в Вирджинии. Именно оттуда они поступают в «Музыкальный автомат».', 0, 2, ''),
(53, NULL, 1764, 1, 29, 'Мария', 'test@test.ru', '2011-06-22 09:21:16', 'Среди выпускниц разных лет можно встретить известные фамилии: Дюпон, Рокфеллер или вот Уоллис Симпсон – барышня, ради которой британский монарх Эдуард Восьмой отрекся от престола.', 0, 0, ''),
(54, NULL, 1764, 1, 29, 'Даша', 'test@test.ru', '2011-06-22 09:21:52', 'Ми-ми-ми! В конце церемонии – объятия подруг, друзей, родственников. Слезы расставания. ', 0, 0, ''),
(55, 54, 1764, 1, 29, 'Мария', 'test@test.ru', '2011-06-22 09:22:25', 'Ага.  И каждая ученица торжественно, с поклоном, подходила к трону и клала свой букет к ногам королевы. ', 0, 0, ''),
(56, NULL, 1611, 1, 29, 'Иван', 'test@test.ru', '2011-06-22 09:22:50', 'Ребята в Microsoft, конечно же, молодцы.', 0, 1, ''),
(57, NULL, 1611, 1, 29, 'Вася', 'test@test.ru', '2011-06-22 09:23:22', 'Знаете вы, или нет, WP7 не предполагает, что вам понадобится сделать снимок экрана.', 0, 0, '');

-- --------------------------------------------------------

--
-- Table structure for table `bagira_domains`
--

CREATE TABLE IF NOT EXISTS `bagira_domains` (
  `d_id` int(11) NOT NULL AUTO_INCREMENT,
  `d_name` varchar(50) DEFAULT NULL,
  `d_domain_id` int(11) DEFAULT NULL,
  `d_def_lang` int(11) DEFAULT NULL,
  `d_sitename` varchar(100) NOT NULL,
  `d_email` varchar(100) NOT NULL,
  `d_online` tinyint(1) NOT NULL,
  `d_offline_msg` text NOT NULL,
  `d_error_msg` text NOT NULL,
  PRIMARY KEY (`d_id`),
  KEY `d_def_lang` (`d_def_lang`),
  KEY `d_domain_id` (`d_domain_id`)
) ENGINE=InnoDB  DEFAULT CHARSET=cp1251 AUTO_INCREMENT=2 ;

--
-- Dumping data for table `bagira_domains`
--

INSERT INTO `bagira_domains` (`d_id`, `d_name`, `d_domain_id`, `d_def_lang`, `d_sitename`, `d_email`, `d_online`, `d_offline_msg`, `d_error_msg`) VALUES
(1, 'bagira-cms.ru', NULL, 1, 'Bagira.CMS', 'test@test.ru', 1, 'На сайте ведутся профилактические работы, пожалуйста зайдите позже!', 'Сайт не исправен, пожалуйста зайдите позже!');

-- --------------------------------------------------------

--
-- Table structure for table `bagira_fgroup`
--

CREATE TABLE IF NOT EXISTS `bagira_fgroup` (
  `fg_id` int(11) NOT NULL AUTO_INCREMENT,
  `fg_class_id` int(11) NOT NULL,
  `fg_position` int(5) NOT NULL,
  `fg_name` varchar(50) NOT NULL,
  `fg_sname` varchar(50) NOT NULL,
  `fg_view` tinyint(1) DEFAULT NULL,
  `fg_system` tinyint(1) NOT NULL,
  `fg_is_clone` tinyint(1) DEFAULT NULL,
  PRIMARY KEY (`fg_id`),
  KEY `fg_class_id` (`fg_class_id`)
) ENGINE=InnoDB  DEFAULT CHARSET=cp1251 AUTO_INCREMENT=130 ;

--
-- Dumping data for table `bagira_fgroup`
--

INSERT INTO `bagira_fgroup` (`fg_id`, `fg_class_id`, `fg_position`, `fg_name`, `fg_sname`, `fg_view`, `fg_system`, `fg_is_clone`) VALUES
(41, 27, 1, 'Основное', 'base', 1, 1, 0),
(43, 27, 2, 'Параметры', 'param', 1, 1, 0),
(49, 33, 4, 'Основное', 'base', 1, 1, 0),
(50, 34, 1, 'Основное', 'base', 1, 1, 0),
(51, 34, 2, 'Служебные', 'systems', 0, 1, 0),
(52, 29, 1, 'Основное', 'base', 1, 0, 0),
(53, 35, 1, 'Основное', 'base', 1, 1, 1),
(64, 45, 1, 'Основное', 'base', 1, 1, 1),
(65, 45, 2, 'Параметры', 'param', 1, 1, 1),
(66, 46, 1, 'Основное', 'base', 1, 1, 1),
(67, 46, 2, 'Параметры', 'param', 1, 1, 1),
(68, 47, 1, 'Основное', 'base', 1, 1, 1),
(69, 47, 2, 'Параметры', 'param', 1, 1, 1),
(70, 48, 1, 'Основное', 'base', 1, 1, 1),
(71, 48, 2, 'Параметры', 'param', 1, 1, 1),
(72, 49, 1, 'Основное', 'base', 1, 1, 1),
(73, 49, 2, 'Параметры', 'param', 1, 1, 1),
(74, 50, 1, 'Основное', 'base', 1, 1, 1),
(75, 50, 3, 'Параметры', 'param', 1, 1, 1),
(76, 50, 2, 'Служебные', 'system', 0, 1, 0),
(77, 51, 1, 'Основное', 'base', 1, 1, 1),
(78, 51, 2, 'Служебные', 'system', 0, 1, 1),
(79, 51, 3, 'Параметры', 'param', 1, 1, 1),
(80, 52, 1, 'Основное', 'base', 1, 1, 1),
(81, 52, 2, 'Служебные', 'system', 0, 1, 1),
(82, 52, 3, 'Параметры', 'param', 1, 1, 1),
(83, 53, 1, 'Основное', 'base', 1, 1, 1),
(84, 53, 2, 'Параметры', 'param', 1, 1, 1),
(86, 55, 1, 'Основное', 'base', 1, 1, 0),
(87, 56, 1, 'Основное', 'base', 1, 1, 0),
(88, 56, 2, 'Шаблон письма администратору', 'admin_templ', 1, 1, 0),
(89, 56, 3, 'Шаблон письма уведомления', 'notice_templ', 1, 1, 0),
(90, 56, 4, 'Шаблон пиcьма ответа', 'answer_templ', 1, 1, 0),
(91, 57, 1, 'Основное', 'base', 1, 1, 0),
(92, 58, 1, 'Основное', 'base', 1, 1, 0),
(93, 59, 1, 'Основное', 'base', 1, 1, 0),
(94, 60, 1, 'Основное', 'base', 1, 1, 1),
(95, 60, 2, 'Параметры', 'param', 1, 1, 1),
(96, 61, 1, 'Основное', 'base', 1, 1, 1),
(97, 61, 2, 'Параметры', 'param', 1, 1, 1),
(98, 62, 1, 'Основное', 'base', 1, 1, 1),
(99, 62, 2, 'Параметры', 'param', 1, 1, 1),
(100, 63, 1, 'Основное', 'base', 1, 1, 1),
(101, 63, 2, 'Параметры', 'param', 1, 1, 1),
(102, 58, 2, 'Системные', 'system', 0, 1, 0),
(105, 66, 1, 'Основное', 'base', 1, 0, 1),
(106, 66, 3, 'Параметры', 'param', 1, 0, 1),
(108, 68, 1, 'Основное', 'base', 1, 0, 0),
(109, 69, 1, 'Основное', 'base', 1, 0, 0),
(110, 70, 1, 'Основное', 'base', 1, 0, 0),
(111, 71, 1, 'Основное', 'base', 1, 0, 0),
(112, 68, 3, 'Информация о доставке', 'delivery', 1, 0, 0),
(113, 68, 2, 'Информация об оплате', 'payment', 1, 0, 0),
(114, 72, 1, 'Основное', 'base', 1, 0, 0),
(115, 69, 2, 'Письмо пользователю', 'email', 1, 0, 0),
(116, 66, 2, 'Характеристики', 'property', 1, 0, 0),
(117, 73, 1, 'Основное', 'base', 1, 0, 1),
(118, 74, 1, 'Основное', 'base', 1, 0, 1),
(119, 75, 1, 'Основное', 'base', 1, 0, 1),
(129, 34, 3, 'Бронирование UCS', 'ucs_booking', 0, 0, 0);

-- --------------------------------------------------------

--
-- Table structure for table `bagira_fields`
--

CREATE TABLE IF NOT EXISTS `bagira_fields` (
  `f_id` int(11) NOT NULL AUTO_INCREMENT,
  `f_group_id` int(11) NOT NULL,
  `f_position` int(5) DEFAULT NULL,
  `f_name` varchar(70) DEFAULT NULL,
  `f_sname` varchar(50) NOT NULL,
  `f_hint` varchar(255) NOT NULL,
  `f_type` int(11) DEFAULT NULL,
  `f_list_id` int(11) DEFAULT NULL,
  `f_max_size` int(11) NOT NULL,
  `f_view` tinyint(1) DEFAULT NULL,
  `f_search` tinyint(1) DEFAULT NULL,
  `f_inherit` tinyint(1) DEFAULT NULL,
  `f_filter` tinyint(1) DEFAULT NULL,
  `f_required` tinyint(1) DEFAULT NULL,
  `f_system` tinyint(1) NOT NULL,
  `f_is_clone` tinyint(1) NOT NULL,
  `f_uniqum` tinyint(1) NOT NULL,
  `f_quick_add` tinyint(1) NOT NULL,
  `f_relation` int(1) NOT NULL,
  `f_spec` int(1) NOT NULL,
  PRIMARY KEY (`f_id`),
  KEY `f_group_id` (`f_group_id`),
  KEY `f_list_id` (`f_list_id`)
) ENGINE=InnoDB  DEFAULT CHARSET=cp1251 AUTO_INCREMENT=1784 ;

--
-- Dumping data for table `bagira_fields`
--

INSERT INTO `bagira_fields` (`f_id`, `f_group_id`, `f_position`, `f_name`, `f_sname`, `f_hint`, `f_type`, `f_list_id`, `f_max_size`, `f_view`, `f_search`, `f_inherit`, `f_filter`, `f_required`, `f_system`, `f_is_clone`, `f_uniqum`, `f_quick_add`, `f_relation`, `f_spec`) VALUES
(29, 41, 3, 'Заголовок', 'h1', '', 10, NULL, 0, 1, 1, 1, 0, 1, 1, 0, 0, 0, 0, 0),
(30, 41, 5, 'Заголовок окна', 'title', '', 10, NULL, 0, 1, 1, 1, 0, 1, 1, 0, 0, 0, 0, 0),
(31, 41, 4, 'Ключевые слова', 'keywords', '', 10, NULL, 0, 1, 0, 1, 0, 0, 1, 0, 0, 0, 0, 0),
(32, 41, 6, 'Мето описание', 'description', '', 10, NULL, 0, 1, 0, 1, 0, 0, 1, 0, 0, 0, 0, 0),
(183, 43, 1, 'Активность', 'active', '', 50, NULL, 0, 1, 0, 1, 0, 0, 1, 0, 0, 0, 0, 0),
(189, 43, 5, 'Участвует в поиске', 'in_search', '', 50, NULL, 0, 1, 0, 1, 0, 0, 1, 0, 0, 0, 0, 0),
(215, 41, 2, 'Псевдо адрес', 'pseudo_url', '', 10, NULL, 0, 1, 0, 1, 0, 1, 1, 0, 0, 0, 0, 0),
(245, 49, 2, 'Активность', 'active', '', 50, NULL, 0, 1, 0, 1, 0, 0, 1, 0, 0, 0, 0, 0),
(246, 49, 3, 'Примечания', 'notice', '', 55, NULL, 0, 1, 0, 1, 0, 0, 1, 0, 0, 0, 0, 0),
(247, 50, 5, 'E-mail', 'email', 'На этот ящик будут приходить системные увелдомления. А так же сюда при необходимости отправляется забытый пароль.', 15, NULL, 0, 1, 0, 1, 1, 1, 1, 0, 1, 0, 0, 0),
(248, 50, 7, 'Пароль', 'password', 'Пароль должен состоять минимум из 6 символов. Лучше использовать более длинный пароль сгенерированный автоматически.', 35, NULL, 0, 1, 0, 1, 0, 1, 1, 0, 0, 0, 0, 0),
(249, 50, 4, 'Фамилия', 'surname', '', 10, NULL, 0, 1, 0, 1, 0, 0, 0, 0, 0, 0, 0, 0),
(250, 50, 1, 'Логин', 'login', 'В качестве логина так же можно использовать адрес электронного ящика.', 10, NULL, 0, 1, 0, 1, 1, 1, 1, 0, 1, 0, 0, 0),
(251, 50, 12, 'Пол', 'sex', '', 90, 35, 0, 1, 0, 1, 0, 0, 0, 0, 0, 0, 0, 0),
(253, 50, 13, 'День рождения', 'happy_day', '', 25, NULL, 0, 1, 0, 1, 0, 0, 0, 0, 0, 0, 0, 0),
(254, 50, 2, 'Активность', 'active', '', 50, NULL, 0, 1, 0, 1, 0, 0, 1, 0, 0, 0, 0, 0),
(255, 50, 11, '', '', '', 0, NULL, 0, 0, 0, 1, 0, 0, 1, 0, 0, 0, 0, 0),
(256, 51, 1, 'Последний вход', 'last_visit', '', 32, NULL, 0, 0, 0, 1, 0, 0, 1, 0, 0, 0, 0, 0),
(257, 51, 2, 'Последний IP', 'last_ip', '', 10, NULL, 0, 0, 0, 1, 0, 0, 1, 0, 0, 0, 0, 0),
(268, 50, 10, 'Аватара', 'avatara', '', 75, NULL, 100000, 1, 0, 1, 0, 0, 1, 0, 0, 0, 0, 0),
(272, 49, 4, '', '', '', 0, NULL, 0, 0, 0, 1, 0, 0, 1, 0, 0, 0, 0, 0),
(273, 49, 5, '', '', '', 0, NULL, 0, 0, 0, 1, 0, 0, 1, 0, 0, 0, 0, 0),
(274, 51, 3, 'Количество неправильных вводов пароля', 'error_passw', '', 40, NULL, 0, 0, 0, 1, 0, 0, 1, 0, 0, 0, 0, 0),
(275, 50, 14, 'Модуль по умолчанию', 'def_modul', '', 40, NULL, 0, 1, 0, 1, 0, 0, 1, 0, 0, 0, 0, 0),
(303, 43, 2, 'Домашняя страница', 'is_home_page', '', 50, NULL, 0, 1, 0, 1, 0, 0, 1, 0, 0, 0, 0, 0),
(304, 43, 3, 'Отображать в меню', 'view_in_menu', '', 50, NULL, 0, 1, 0, 1, 0, 0, 1, 0, 0, 0, 0, 0),
(305, 43, 6, 'Индексировать поисковиками', 'in_index', '', 50, NULL, 0, 1, 0, 1, 0, 0, 1, 0, 0, 0, 0, 0),
(306, 43, 17, 'Рисунок заголовка страницы', 'img_h1', '', 75, NULL, 0, 1, 0, 1, 0, 0, 1, 0, 0, 0, 0, 0),
(307, 43, 15, 'Рисунок активного пункта меню', 'img_act', '', 75, NULL, 0, 1, 0, 1, 0, 0, 1, 0, 0, 0, 0, 0),
(308, 43, 16, 'Рисунок не активного пункта меню', 'img_no_act', '', 75, NULL, 0, 1, 0, 1, 0, 0, 1, 0, 0, 0, 0, 0),
(309, 43, 13, '', '', '', 0, NULL, 0, 0, 0, 1, 0, 0, 1, 0, 0, 0, 0, 0),
(427, 41, 8, '', '', '', 0, NULL, 0, 0, 0, 1, 0, 0, 1, 0, 0, 0, 0, 0),
(575, 43, 7, 'Открывать в новом окне', 'in_new_window', '', 50, NULL, 0, 1, 0, 1, 0, 0, 1, 0, 0, 0, 0, 0),
(587, 43, 9, 'Ссылка', 'other_link', 'Используйте, если необходимо, чтобы данный пункт меню ссылался на другой ресурс. Здесь вы можете указать внешнюю или внутреннюю ссылку.', 20, NULL, 0, 1, 0, 1, 0, 0, 1, 0, 0, 0, 0, 0),
(743, 43, 4, 'Показывать подменю', 'view_submenu', '', 50, NULL, 0, 1, 0, 1, 0, 0, 1, 0, 0, 0, 0, 0),
(1095, 51, 4, 'Флаг md5', 'md5_flag', 'Используется для восстановления пароля и активации новых пользователей.', 10, NULL, 0, 0, 0, 1, 0, 0, 1, 0, 0, 0, 0, 0),
(1096, 52, 1, 'Имя', 'name', '', 10, NULL, 0, 1, 0, 1, 0, 1, 0, 0, 0, 0, 0, 0),
(1097, 53, 2, 'Название', 'name', '', 10, NULL, 0, 1, 0, 1, 0, 1, 1, 1, 0, 0, 0, 0),
(1098, 49, 1, 'Название', 'name', '', 10, NULL, 0, 1, 0, 1, 0, 1, 1, 0, 0, 0, 0, 0),
(1099, 50, 3, 'Имя', 'name', '', 10, NULL, 0, 1, 0, 1, 1, 1, 1, 0, 0, 0, 0, 0),
(1100, 41, 1, 'Название', 'name', '', 10, NULL, 0, 1, 1, 1, 0, 1, 1, 0, 0, 0, 0, 0),
(1129, 64, 1, 'Название', 'name', '', 10, NULL, 0, 1, 1, 1, 0, 1, 1, 1, 0, 0, 0, 0),
(1130, 64, 2, 'Псевдо адрес', 'pseudo_url', '', 10, NULL, 0, 1, 0, 1, 0, 1, 1, 1, 0, 0, 0, 0),
(1131, 64, 3, 'Заголовок', 'h1', '', 10, NULL, 0, 1, 1, 1, 0, 1, 1, 1, 0, 0, 0, 0),
(1132, 64, 4, 'Ключевые слова', 'keywords', '', 10, NULL, 0, 1, 0, 1, 0, 0, 1, 1, 0, 0, 0, 0),
(1133, 64, 5, 'Заголовок окна', 'title', '', 10, NULL, 0, 1, 1, 1, 0, 1, 1, 1, 0, 0, 0, 0),
(1134, 64, 6, 'Мето описание', 'description', '', 10, NULL, 0, 1, 0, 1, 0, 0, 1, 1, 0, 0, 0, 0),
(1135, 64, 8, '', '', '', 0, NULL, 0, 0, 0, 1, 0, 0, 1, 1, 0, 0, 0, 0),
(1136, 65, 1, 'Активность', 'active', '', 50, NULL, 0, 1, 0, 1, 0, 0, 1, 1, 0, 0, 0, 0),
(1137, 65, 2, 'Домашняя страница', 'is_home_page', '', 50, NULL, 0, 1, 0, 1, 0, 0, 1, 1, 0, 0, 0, 0),
(1138, 65, 3, 'Отображать в меню', 'view_in_menu', '', 50, NULL, 0, 1, 0, 1, 0, 0, 1, 1, 0, 0, 0, 0),
(1139, 65, 4, 'Показывать подменю', 'view_submenu', '', 50, NULL, 0, 1, 0, 1, 0, 0, 1, 1, 0, 0, 0, 0),
(1140, 65, 5, 'Участвует в поиске', 'in_search', '', 50, NULL, 0, 1, 0, 1, 0, 0, 1, 1, 0, 0, 0, 0),
(1141, 65, 6, 'Индексировать поисковиками', 'in_index', '', 50, NULL, 0, 1, 0, 1, 0, 0, 1, 1, 0, 0, 0, 0),
(1142, 65, 7, 'Открывать в новом окне', 'in_new_window', '', 50, NULL, 0, 1, 0, 1, 0, 0, 1, 1, 0, 0, 0, 0),
(1143, 65, 9, 'Ссылка', 'other_link', 'Используйте, если необходимо, чтобы данный пункт меню ссылался на другой ресурс. Здесь вы можете указать внешнюю или внутреннюю ссылку.', 20, NULL, 0, 1, 0, 1, 0, 0, 1, 1, 0, 0, 0, 0),
(1144, 65, 10, '', '', '', 0, NULL, 0, 0, 0, 1, 0, 0, 1, 1, 0, 0, 0, 0),
(1145, 65, 11, 'Рисунок активного пункта меню', 'img_act', '', 75, NULL, 0, 1, 0, 1, 0, 0, 1, 1, 0, 0, 0, 0),
(1146, 65, 12, 'Рисунок не активного пункта меню', 'img_no_act', '', 75, NULL, 0, 1, 0, 1, 0, 0, 1, 1, 0, 0, 0, 0),
(1147, 65, 13, 'Рисунок заголовка страницы', 'img_h1', '', 75, NULL, 0, 1, 0, 1, 0, 0, 1, 1, 0, 0, 0, 0),
(1149, 66, 1, 'Название', 'name', '', 10, NULL, 0, 1, 1, 1, 0, 1, 1, 1, 0, 0, 0, 0),
(1150, 66, 2, 'Псевдо адрес', 'pseudo_url', '', 10, NULL, 0, 1, 0, 1, 0, 1, 1, 1, 0, 0, 0, 0),
(1151, 66, 3, 'Заголовок', 'h1', '', 10, NULL, 0, 1, 1, 1, 0, 1, 1, 1, 0, 0, 0, 0),
(1152, 66, 4, 'Ключевые слова', 'keywords', '', 10, NULL, 0, 1, 0, 1, 0, 0, 1, 1, 0, 0, 0, 0),
(1153, 66, 5, 'Заголовок окна', 'title', '', 10, NULL, 0, 1, 1, 1, 0, 1, 1, 1, 0, 0, 0, 0),
(1154, 66, 6, 'Мето описание', 'description', '', 10, NULL, 0, 1, 0, 1, 0, 0, 1, 1, 0, 0, 0, 0),
(1155, 66, 8, '', '', '', 0, NULL, 0, 0, 0, 1, 0, 0, 1, 1, 0, 0, 0, 0),
(1156, 67, 1, 'Активность', 'active', '', 50, NULL, 0, 1, 0, 1, 0, 0, 1, 1, 0, 0, 0, 0),
(1157, 67, 2, 'Домашняя страница', 'is_home_page', '', 50, NULL, 0, 1, 0, 1, 0, 0, 1, 1, 0, 0, 0, 0),
(1158, 67, 3, 'Отображать в меню', 'view_in_menu', '', 50, NULL, 0, 1, 0, 1, 0, 0, 1, 1, 0, 0, 0, 0),
(1159, 67, 4, 'Показывать подменю', 'view_submenu', '', 50, NULL, 0, 1, 0, 1, 0, 0, 1, 1, 0, 0, 0, 0),
(1160, 67, 5, 'Участвует в поиске', 'in_search', '', 50, NULL, 0, 1, 0, 1, 0, 0, 1, 1, 0, 0, 0, 0),
(1161, 67, 6, 'Индексировать поисковиками', 'in_index', '', 50, NULL, 0, 1, 0, 1, 0, 0, 1, 1, 0, 0, 0, 0),
(1162, 67, 7, 'Открывать в новом окне', 'in_new_window', '', 50, NULL, 0, 1, 0, 1, 0, 0, 1, 1, 0, 0, 0, 0),
(1163, 67, 11, 'Ссылка', 'other_link', 'Используйте, если необходимо, чтобы данный пункт меню ссылался на другой ресурс. Здесь вы можете указать внешнюю или внутреннюю ссылку.', 20, NULL, 0, 1, 0, 1, 0, 0, 1, 1, 0, 0, 0, 0),
(1164, 67, 12, '', '', '', 0, NULL, 0, 0, 0, 1, 0, 0, 1, 1, 0, 0, 0, 0),
(1165, 67, 13, 'Рисунок активного пункта меню', 'img_act', '', 75, NULL, 0, 1, 0, 1, 0, 0, 1, 1, 0, 0, 0, 0),
(1166, 67, 14, 'Рисунок не активного пункта меню', 'img_no_act', '', 75, NULL, 0, 1, 0, 1, 0, 0, 1, 1, 0, 0, 0, 0),
(1167, 67, 15, 'Рисунок заголовка страницы', 'img_h1', '', 75, NULL, 0, 1, 0, 1, 0, 0, 1, 1, 0, 0, 0, 0),
(1168, 67, 9, 'Количество элементов на странице', 'number_of_items', '', 40, NULL, 0, 1, 0, 1, 0, 0, 1, 0, 0, 0, 0, 0),
(1169, 67, 9, 'Способ сортировки содержимого', 'order_by', 'Задает способ сортировки подразделов в списке. Используется SQL-подобный синтаксис, например: &quot;name DESC&quot;. Изменяйте данное поле только, если вы уверены в своих действиях.', 10, NULL, 0, 1, 0, 1, 0, 0, 1, 0, 0, 0, 0, 0),
(1170, 68, 1, 'Название', 'name', '', 10, NULL, 0, 1, 1, 1, 0, 1, 1, 1, 0, 0, 0, 0),
(1171, 68, 2, 'Псевдо адрес', 'pseudo_url', '', 10, NULL, 0, 1, 0, 1, 0, 1, 1, 1, 0, 0, 0, 0),
(1172, 68, 3, 'Заголовок', 'h1', '', 10, NULL, 0, 1, 1, 1, 0, 1, 1, 1, 0, 0, 0, 0),
(1173, 68, 4, 'Ключевые слова', 'keywords', '', 10, NULL, 0, 1, 0, 1, 0, 0, 1, 1, 0, 0, 0, 0),
(1174, 68, 5, 'Заголовок окна', 'title', '', 10, NULL, 0, 1, 1, 1, 0, 1, 1, 1, 0, 0, 0, 0),
(1175, 68, 6, 'Мето описание', 'description', '', 10, NULL, 0, 1, 0, 1, 0, 0, 1, 1, 0, 0, 0, 0),
(1176, 68, 8, '', '', '', 0, NULL, 0, 0, 0, 1, 0, 0, 1, 1, 0, 0, 0, 0),
(1177, 69, 1, 'Активность', 'active', '', 50, NULL, 0, 1, 0, 1, 0, 0, 1, 1, 0, 0, 0, 0),
(1178, 69, 2, 'Домашняя страница', 'is_home_page', '', 50, NULL, 0, 1, 0, 1, 0, 0, 1, 1, 0, 0, 0, 0),
(1179, 69, 3, 'Отображать в меню', 'view_in_menu', '', 50, NULL, 0, 1, 0, 1, 0, 0, 1, 1, 0, 0, 0, 0),
(1180, 69, 4, 'Показывать подменю', 'view_submenu', '', 50, NULL, 0, 1, 0, 1, 0, 0, 1, 1, 0, 0, 0, 0),
(1181, 69, 5, 'Участвует в поиске', 'in_search', '', 50, NULL, 0, 1, 0, 1, 0, 0, 1, 1, 0, 0, 0, 0),
(1182, 69, 6, 'Индексировать поисковиками', 'in_index', '', 50, NULL, 0, 1, 0, 1, 0, 0, 1, 1, 0, 0, 0, 0),
(1183, 69, 7, 'Открывать в новом окне', 'in_new_window', '', 50, NULL, 0, 1, 0, 1, 0, 0, 1, 1, 0, 0, 0, 0),
(1184, 69, 9, 'Ссылка', 'other_link', 'Используйте, если необходимо, чтобы данный пункт меню ссылался на другой ресурс. Здесь вы можете указать внешнюю или внутреннюю ссылку.', 20, NULL, 0, 1, 0, 1, 0, 0, 1, 1, 0, 0, 0, 0),
(1185, 69, 10, '', '', '', 0, NULL, 0, 0, 0, 1, 0, 0, 1, 1, 0, 0, 0, 0),
(1186, 69, 11, 'Рисунок активного пункта меню', 'img_act', '', 75, NULL, 0, 1, 0, 1, 0, 0, 1, 1, 0, 0, 0, 0),
(1187, 69, 12, 'Рисунок не активного пункта меню', 'img_no_act', '', 75, NULL, 0, 1, 0, 1, 0, 0, 1, 1, 0, 0, 0, 0),
(1188, 69, 13, 'Рисунок заголовка страницы', 'img_h1', '', 75, NULL, 0, 1, 0, 1, 0, 0, 1, 1, 0, 0, 0, 0),
(1189, 68, 13, 'Дата публикации', 'publ_date', '', 32, NULL, 0, 1, 0, 1, 1, 1, 1, 0, 0, 0, 0, 0),
(1190, 68, 16, 'Картинка', 'image', '', 75, NULL, 0, 1, 0, 1, 1, 0, 1, 0, 0, 0, 0, 0),
(1191, 68, 17, 'Анонс новости', 'notice', '', 60, NULL, 0, 1, 1, 1, 1, 0, 1, 0, 0, 0, 0, 0),
(1192, 68, 18, 'Содержание', 'content', '', 60, NULL, 0, 1, 1, 1, 0, 0, 1, 0, 0, 0, 0, 0),
(1193, 70, 1, 'Название', 'name', '', 10, NULL, 0, 1, 1, 1, 0, 1, 1, 1, 0, 0, 0, 0),
(1194, 70, 2, 'Псевдо адрес', 'pseudo_url', '', 10, NULL, 0, 1, 0, 1, 0, 1, 1, 1, 0, 0, 0, 0),
(1195, 70, 3, 'Заголовок', 'h1', '', 10, NULL, 0, 1, 1, 1, 0, 1, 1, 1, 0, 0, 0, 0),
(1196, 70, 4, 'Ключевые слова', 'keywords', '', 10, NULL, 0, 1, 0, 1, 0, 0, 1, 1, 0, 0, 0, 0),
(1197, 70, 5, 'Заголовок окна', 'title', '', 10, NULL, 0, 1, 1, 1, 0, 1, 1, 1, 0, 0, 0, 0),
(1198, 70, 6, 'Мето описание', 'description', '', 10, NULL, 0, 1, 0, 1, 0, 0, 1, 1, 0, 0, 0, 0),
(1199, 70, 8, '', '', '', 0, NULL, 0, 0, 0, 1, 0, 0, 1, 1, 0, 0, 0, 0),
(1200, 71, 1, 'Активность', 'active', '', 50, NULL, 0, 1, 0, 1, 0, 0, 1, 1, 0, 0, 0, 0),
(1201, 71, 2, 'Домашняя страница', 'is_home_page', '', 50, NULL, 0, 1, 0, 1, 0, 0, 1, 1, 0, 0, 0, 0),
(1202, 71, 3, 'Отображать в меню', 'view_in_menu', '', 50, NULL, 0, 1, 0, 1, 0, 0, 1, 1, 0, 0, 0, 0),
(1203, 71, 4, 'Показывать подменю', 'view_submenu', '', 50, NULL, 0, 1, 0, 1, 0, 0, 1, 1, 0, 0, 0, 0),
(1204, 71, 5, 'Участвует в поиске', 'in_search', '', 50, NULL, 0, 1, 0, 1, 0, 0, 1, 1, 0, 0, 0, 0),
(1205, 71, 6, 'Индексировать поисковиками', 'in_index', '', 50, NULL, 0, 1, 0, 1, 0, 0, 1, 1, 0, 0, 0, 0),
(1206, 71, 7, 'Открывать в новом окне', 'in_new_window', '', 50, NULL, 0, 1, 0, 1, 0, 0, 1, 1, 0, 0, 0, 0),
(1207, 71, 8, 'Ссылка', 'other_link', 'Используйте, если необходимо, чтобы данный пункт меню ссылался на другой ресурс. Здесь вы можете указать внешнюю или внутреннюю ссылку.', 20, NULL, 0, 1, 0, 1, 0, 0, 1, 1, 0, 0, 0, 0),
(1208, 71, 10, '', '', '', 0, NULL, 0, 0, 0, 1, 0, 0, 1, 1, 0, 0, 0, 0),
(1209, 71, 11, 'Рисунок активного пункта меню', 'img_act', '', 75, NULL, 0, 1, 0, 1, 0, 0, 1, 1, 0, 0, 0, 0),
(1210, 71, 12, 'Рисунок не активного пункта меню', 'img_no_act', '', 75, NULL, 0, 1, 0, 1, 0, 0, 1, 1, 0, 0, 0, 0),
(1211, 71, 13, 'Рисунок заголовка страницы', 'img_h1', '', 75, NULL, 0, 1, 0, 1, 0, 0, 1, 1, 0, 0, 0, 0),
(1212, 70, 9, 'Фотография', 'image', '', 75, NULL, 0, 1, 0, 1, 0, 1, 1, 0, 0, 0, 0, 0),
(1213, 72, 1, 'Название', 'name', '', 10, NULL, 0, 1, 1, 1, 0, 1, 1, 1, 0, 0, 0, 0),
(1214, 72, 2, 'Псевдо адрес', 'pseudo_url', '', 10, NULL, 0, 1, 0, 1, 0, 1, 1, 1, 0, 0, 0, 0),
(1215, 72, 3, 'Заголовок', 'h1', '', 10, NULL, 0, 1, 1, 1, 0, 1, 1, 1, 0, 0, 0, 0),
(1216, 72, 4, 'Ключевые слова', 'keywords', '', 10, NULL, 0, 1, 0, 1, 0, 0, 1, 1, 0, 0, 0, 0),
(1217, 72, 5, 'Заголовок окна', 'title', '', 10, NULL, 0, 1, 1, 1, 0, 1, 1, 1, 0, 0, 0, 0),
(1218, 72, 6, 'Мето описание', 'description', '', 10, NULL, 0, 1, 0, 1, 0, 0, 1, 1, 0, 0, 0, 0),
(1219, 72, 8, '', '', '', 0, NULL, 0, 0, 0, 1, 0, 0, 1, 1, 0, 0, 0, 0),
(1220, 73, 1, 'Активность', 'active', '', 50, NULL, 0, 1, 0, 1, 0, 0, 1, 1, 0, 0, 0, 0),
(1221, 73, 2, 'Домашняя страница', 'is_home_page', '', 50, NULL, 0, 1, 0, 1, 0, 0, 1, 1, 0, 0, 0, 0),
(1222, 73, 3, 'Отображать в меню', 'view_in_menu', '', 50, NULL, 0, 1, 0, 1, 0, 0, 1, 1, 0, 0, 0, 0),
(1223, 73, 4, 'Показывать подменю', 'view_submenu', '', 50, NULL, 0, 1, 0, 1, 0, 0, 1, 1, 0, 0, 0, 0),
(1224, 73, 5, 'Участвует в поиске', 'in_search', '', 50, NULL, 0, 1, 0, 1, 0, 0, 1, 1, 0, 0, 0, 0),
(1225, 73, 6, 'Индексировать поисковиками', 'in_index', '', 50, NULL, 0, 1, 0, 1, 0, 0, 1, 1, 0, 0, 0, 0),
(1226, 73, 7, 'Открывать в новом окне', 'in_new_window', '', 50, NULL, 0, 1, 0, 1, 0, 0, 1, 1, 0, 0, 0, 0),
(1227, 73, 8, 'Ссылка', 'other_link', 'Используйте, если необходимо, чтобы данный пункт меню ссылался на другой ресурс. Здесь вы можете указать внешнюю или внутреннюю ссылку.', 20, NULL, 0, 1, 0, 1, 0, 0, 1, 1, 0, 0, 0, 0),
(1228, 73, 10, '', '', '', 0, NULL, 0, 0, 0, 1, 0, 0, 1, 1, 0, 0, 0, 0),
(1229, 73, 11, 'Рисунок активного пункта меню', 'img_act', '', 75, NULL, 0, 1, 0, 1, 0, 0, 1, 1, 0, 0, 0, 0),
(1230, 73, 12, 'Рисунок не активного пункта меню', 'img_no_act', '', 75, NULL, 0, 1, 0, 1, 0, 0, 1, 1, 0, 0, 0, 0),
(1231, 73, 13, 'Рисунок заголовка страницы', 'img_h1', '', 75, NULL, 0, 1, 0, 1, 0, 0, 1, 1, 0, 0, 0, 0),
(1232, 72, 9, 'Файл для скачивания', 'file', '', 70, NULL, 0, 1, 0, 1, 0, 1, 1, 0, 0, 0, 0, 0),
(1233, 74, 1, 'Название', 'name', '', 10, NULL, 0, 1, 1, 1, 0, 1, 1, 1, 0, 0, 0, 0),
(1234, 74, 2, 'Псевдо адрес', 'pseudo_url', '', 10, NULL, 0, 1, 0, 1, 0, 1, 1, 1, 0, 0, 0, 0),
(1235, 74, 3, 'Заголовок', 'h1', '', 10, NULL, 0, 1, 1, 1, 0, 1, 1, 1, 0, 0, 0, 0),
(1236, 74, 4, 'Ключевые слова', 'keywords', '', 10, NULL, 0, 1, 0, 1, 0, 0, 1, 1, 0, 0, 0, 0),
(1237, 74, 5, 'Заголовок окна', 'title', '', 10, NULL, 0, 1, 1, 1, 0, 1, 1, 1, 0, 0, 0, 0),
(1238, 74, 6, 'Мето описание', 'description', '', 10, NULL, 0, 1, 0, 1, 0, 0, 1, 1, 0, 0, 0, 0),
(1239, 74, 8, '', '', '', 0, NULL, 0, 0, 0, 1, 0, 0, 1, 1, 0, 0, 0, 0),
(1240, 75, 1, 'Активность', 'active', '', 50, NULL, 0, 1, 0, 1, 0, 0, 1, 1, 0, 0, 0, 0),
(1241, 75, 2, 'Домашняя страница', 'is_home_page', '', 50, NULL, 0, 1, 0, 1, 0, 0, 1, 1, 0, 0, 0, 0),
(1242, 75, 3, 'Отображать в меню', 'view_in_menu', '', 50, NULL, 0, 1, 0, 1, 0, 0, 1, 1, 0, 0, 0, 0),
(1243, 75, 4, 'Показывать подменю', 'view_submenu', '', 50, NULL, 0, 1, 0, 1, 0, 0, 1, 1, 0, 0, 0, 0),
(1244, 75, 5, 'Участвует в поиске', 'in_search', '', 50, NULL, 0, 1, 0, 1, 0, 0, 1, 1, 0, 0, 0, 0),
(1245, 75, 6, 'Индексировать поисковиками', 'in_index', '', 50, NULL, 0, 1, 0, 1, 0, 0, 1, 1, 0, 0, 0, 0),
(1246, 75, 7, 'Открывать в новом окне', 'in_new_window', '', 50, NULL, 0, 1, 0, 1, 0, 0, 1, 1, 0, 0, 0, 0),
(1247, 75, 9, 'Ссылка', 'other_link', 'Используйте, если необходимо, чтобы данный пункт меню ссылался на другой ресурс. Здесь вы можете указать внешнюю или внутреннюю ссылку.', 20, NULL, 0, 1, 0, 1, 0, 0, 1, 1, 0, 0, 0, 0),
(1248, 75, 10, '', '', '', 0, NULL, 0, 0, 0, 1, 0, 0, 1, 1, 0, 0, 0, 0),
(1249, 75, 11, 'Рисунок активного пункта меню', 'img_act', '', 75, NULL, 0, 1, 0, 1, 0, 0, 1, 1, 0, 0, 0, 0),
(1250, 75, 12, 'Рисунок не активного пункта меню', 'img_no_act', '', 75, NULL, 0, 1, 0, 1, 0, 0, 1, 1, 0, 0, 0, 0),
(1251, 75, 13, 'Рисунок заголовка страницы', 'img_h1', '', 75, NULL, 0, 1, 0, 1, 0, 0, 1, 1, 0, 0, 0, 0),
(1252, 74, 9, 'E-mail', 'email', '', 15, NULL, 0, 1, 0, 1, 0, 0, 1, 0, 0, 0, 0, 0),
(1253, 74, 10, 'Сообщение', 'content', '', 55, NULL, 0, 1, 1, 1, 0, 1, 1, 0, 0, 0, 0, 0),
(1254, 74, 11, 'Ответ', 'answer', '', 60, NULL, 0, 1, 1, 1, 0, 0, 1, 0, 0, 0, 0, 0),
(1255, 76, 1, 'Форма создавшая объект', 'form_id', '', 40, NULL, 0, 0, 0, 1, 0, 0, 1, 0, 0, 0, 0, 0),
(1256, 76, 2, 'Ответ отправлен пользователю на почту', 'send_answer_to_user', '', 50, NULL, 0, 0, 0, 1, 0, 0, 1, 0, 0, 0, 0, 0),
(1257, 77, 1, 'Название', 'name', '', 10, NULL, 0, 1, 1, 1, 0, 1, 1, 1, 0, 0, 0, 0),
(1258, 77, 2, 'Псевдо адрес', 'pseudo_url', '', 10, NULL, 0, 1, 0, 1, 0, 1, 1, 1, 0, 0, 0, 0),
(1259, 77, 3, 'Заголовок', 'h1', '', 10, NULL, 0, 1, 1, 1, 0, 1, 1, 1, 0, 0, 0, 0),
(1260, 77, 4, 'Ключевые слова', 'keywords', '', 10, NULL, 0, 1, 0, 1, 0, 0, 1, 1, 0, 0, 0, 0),
(1261, 77, 5, 'Заголовок окна', 'title', '', 10, NULL, 0, 1, 1, 1, 0, 1, 1, 1, 0, 0, 0, 0),
(1262, 77, 6, 'Мето описание', 'description', '', 10, NULL, 0, 1, 0, 1, 0, 0, 1, 1, 0, 0, 0, 0),
(1263, 77, 8, '', '', '', 0, NULL, 0, 0, 0, 1, 0, 0, 1, 1, 0, 0, 0, 0),
(1264, 77, 9, 'E-mail', 'email', '', 15, NULL, 0, 1, 0, 1, 0, 0, 1, 1, 0, 0, 0, 0),
(1265, 77, 10, 'Сообщение', 'content', '', 55, NULL, 0, 1, 1, 1, 0, 1, 1, 1, 0, 0, 0, 0),
(1266, 77, 11, 'Ответ', 'answer', '', 60, NULL, 0, 1, 1, 1, 0, 0, 1, 1, 0, 0, 0, 0),
(1267, 78, 1, 'Форма создавшая объект', 'form_id', '', 40, NULL, 0, 0, 0, 1, 0, 0, 1, 1, 0, 0, 0, 0),
(1268, 78, 2, 'Ответ отправлен пользователю на почту', 'send_answer_to_user', '', 50, NULL, 0, 0, 0, 1, 0, 0, 1, 1, 0, 0, 0, 0),
(1269, 79, 1, 'Активность', 'active', '', 50, NULL, 0, 1, 0, 1, 0, 0, 1, 1, 0, 0, 0, 0),
(1270, 79, 2, 'Домашняя страница', 'is_home_page', '', 50, NULL, 0, 1, 0, 1, 0, 0, 1, 1, 0, 0, 0, 0),
(1271, 79, 3, 'Отображать в меню', 'view_in_menu', '', 50, NULL, 0, 1, 0, 1, 0, 0, 1, 1, 0, 0, 0, 0),
(1272, 79, 4, 'Показывать подменю', 'view_submenu', '', 50, NULL, 0, 1, 0, 1, 0, 0, 1, 1, 0, 0, 0, 0),
(1273, 79, 5, 'Участвует в поиске', 'in_search', '', 50, NULL, 0, 1, 0, 1, 0, 0, 1, 1, 0, 0, 0, 0),
(1274, 79, 6, 'Индексировать поисковиками', 'in_index', '', 50, NULL, 0, 1, 0, 1, 0, 0, 1, 1, 0, 0, 0, 0),
(1275, 79, 7, 'Открывать в новом окне', 'in_new_window', '', 50, NULL, 0, 1, 0, 1, 0, 0, 1, 1, 0, 0, 0, 0),
(1276, 79, 9, 'Ссылка', 'other_link', 'Используйте, если необходимо, чтобы данный пункт меню ссылался на другой ресурс. Здесь вы можете указать внешнюю или внутреннюю ссылку.', 20, NULL, 0, 1, 0, 1, 0, 0, 1, 1, 0, 0, 0, 0),
(1277, 79, 10, '', '', '', 0, NULL, 0, 0, 0, 1, 0, 0, 1, 1, 0, 0, 0, 0),
(1278, 79, 11, 'Рисунок активного пункта меню', 'img_act', '', 75, NULL, 0, 1, 0, 1, 0, 0, 1, 1, 0, 0, 0, 0),
(1279, 79, 12, 'Рисунок не активного пункта меню', 'img_no_act', '', 75, NULL, 0, 1, 0, 1, 0, 0, 1, 1, 0, 0, 0, 0),
(1280, 79, 13, 'Рисунок заголовка страницы', 'img_h1', '', 75, NULL, 0, 1, 0, 1, 0, 0, 1, 1, 0, 0, 0, 0),
(1281, 80, 1, 'Название', 'name', '', 10, NULL, 0, 1, 1, 1, 0, 1, 1, 1, 0, 0, 0, 0),
(1282, 80, 2, 'Псевдо адрес', 'pseudo_url', '', 10, NULL, 0, 1, 0, 1, 0, 1, 1, 1, 0, 0, 0, 0),
(1283, 80, 3, 'Заголовок', 'h1', '', 10, NULL, 0, 1, 1, 1, 0, 1, 1, 1, 0, 0, 0, 0),
(1284, 80, 4, 'Ключевые слова', 'keywords', '', 10, NULL, 0, 1, 0, 1, 0, 0, 1, 1, 0, 0, 0, 0),
(1285, 80, 5, 'Заголовок окна', 'title', '', 10, NULL, 0, 1, 1, 1, 0, 1, 1, 1, 0, 0, 0, 0),
(1286, 80, 6, 'Мето описание', 'description', '', 10, NULL, 0, 1, 0, 1, 0, 0, 1, 1, 0, 0, 0, 0),
(1287, 80, 8, '', '', '', 0, NULL, 0, 0, 0, 1, 0, 0, 1, 1, 0, 0, 0, 0),
(1288, 80, 9, 'E-mail', 'email', '', 15, NULL, 0, 1, 0, 1, 0, 0, 1, 1, 0, 0, 0, 0),
(1289, 80, 10, 'Сообщение', 'content', '', 55, NULL, 0, 1, 1, 1, 0, 1, 1, 1, 0, 0, 0, 0),
(1290, 80, 11, 'Ответ', 'answer', '', 60, NULL, 0, 1, 1, 1, 0, 0, 1, 1, 0, 0, 0, 0),
(1291, 81, 1, 'Форма создавшая объект', 'form_id', '', 40, NULL, 0, 0, 0, 1, 0, 0, 1, 1, 0, 0, 0, 0),
(1292, 81, 2, 'Ответ отправлен пользователю на почту', 'send_answer_to_user', '', 50, NULL, 0, 0, 0, 1, 0, 0, 1, 1, 0, 0, 0, 0),
(1293, 82, 1, 'Активность', 'active', '', 50, NULL, 0, 1, 0, 1, 0, 0, 1, 1, 0, 0, 0, 0),
(1294, 82, 2, 'Домашняя страница', 'is_home_page', '', 50, NULL, 0, 1, 0, 1, 0, 0, 1, 1, 0, 0, 0, 0),
(1295, 82, 3, 'Отображать в меню', 'view_in_menu', '', 50, NULL, 0, 1, 0, 1, 0, 0, 1, 1, 0, 0, 0, 0),
(1296, 82, 4, 'Показывать подменю', 'view_submenu', '', 50, NULL, 0, 1, 0, 1, 0, 0, 1, 1, 0, 0, 0, 0),
(1297, 82, 5, 'Участвует в поиске', 'in_search', '', 50, NULL, 0, 1, 0, 1, 0, 0, 1, 1, 0, 0, 0, 0),
(1298, 82, 6, 'Индексировать поисковиками', 'in_index', '', 50, NULL, 0, 1, 0, 1, 0, 0, 1, 1, 0, 0, 0, 0),
(1299, 82, 7, 'Открывать в новом окне', 'in_new_window', '', 50, NULL, 0, 1, 0, 1, 0, 0, 1, 1, 0, 0, 0, 0),
(1300, 82, 9, 'Ссылка', 'other_link', 'Используйте, если необходимо, чтобы данный пункт меню ссылался на другой ресурс. Здесь вы можете указать внешнюю или внутреннюю ссылку.', 20, NULL, 0, 1, 0, 1, 0, 0, 1, 1, 0, 0, 0, 0),
(1301, 82, 10, '', '', '', 0, NULL, 0, 0, 0, 1, 0, 0, 1, 1, 0, 0, 0, 0),
(1302, 82, 11, 'Рисунок активного пункта меню', 'img_act', '', 75, NULL, 0, 1, 0, 1, 0, 0, 1, 1, 0, 0, 0, 0),
(1303, 82, 12, 'Рисунок не активного пункта меню', 'img_no_act', '', 75, NULL, 0, 1, 0, 1, 0, 0, 1, 1, 0, 0, 0, 0),
(1304, 82, 13, 'Рисунок заголовка страницы', 'img_h1', '', 75, NULL, 0, 1, 0, 1, 0, 0, 1, 1, 0, 0, 0, 0),
(1305, 83, 1, 'Название', 'name', '', 10, NULL, 0, 1, 1, 1, 0, 1, 1, 1, 0, 0, 0, 0),
(1306, 83, 2, 'Псевдо адрес', 'pseudo_url', '', 10, NULL, 0, 1, 0, 1, 0, 1, 1, 1, 0, 0, 0, 0),
(1307, 83, 3, 'Заголовок', 'h1', '', 10, NULL, 0, 1, 1, 1, 0, 1, 1, 1, 0, 0, 0, 0),
(1308, 83, 4, 'Ключевые слова', 'keywords', '', 10, NULL, 0, 1, 0, 1, 0, 0, 1, 1, 0, 0, 0, 0),
(1309, 83, 5, 'Заголовок окна', 'title', '', 10, NULL, 0, 1, 1, 1, 0, 1, 1, 1, 0, 0, 0, 0),
(1310, 83, 6, 'Мето описание', 'description', '', 10, NULL, 0, 1, 0, 1, 0, 0, 1, 1, 0, 0, 0, 0),
(1311, 83, 8, '', '', '', 0, NULL, 0, 0, 0, 1, 0, 0, 1, 1, 0, 0, 0, 0),
(1312, 84, 1, 'Активность', 'active', '', 50, NULL, 0, 1, 0, 1, 0, 0, 1, 1, 0, 0, 0, 0),
(1313, 84, 2, 'Домашняя страница', 'is_home_page', '', 50, NULL, 0, 1, 0, 1, 0, 0, 1, 1, 0, 0, 0, 0),
(1314, 84, 3, 'Отображать в меню', 'view_in_menu', '', 50, NULL, 0, 1, 0, 1, 0, 0, 1, 1, 0, 0, 0, 0),
(1315, 84, 4, 'Показывать подменю', 'view_submenu', '', 50, NULL, 0, 1, 0, 1, 0, 0, 1, 1, 0, 0, 0, 0),
(1316, 84, 5, 'Участвует в поиске', 'in_search', '', 50, NULL, 0, 1, 0, 1, 0, 0, 1, 1, 0, 0, 0, 0),
(1317, 84, 6, 'Индексировать поисковиками', 'in_index', '', 50, NULL, 0, 1, 0, 1, 0, 0, 1, 1, 0, 0, 0, 0),
(1318, 84, 7, 'Открывать в новом окне', 'in_new_window', '', 50, NULL, 0, 1, 0, 1, 0, 0, 1, 1, 0, 0, 0, 0),
(1319, 84, 9, 'Ссылка', 'other_link', 'Используйте, если необходимо, чтобы данный пункт меню ссылался на другой ресурс. Здесь вы можете указать внешнюю или внутреннюю ссылку.', 20, NULL, 0, 1, 0, 1, 0, 0, 1, 1, 0, 0, 0, 0),
(1320, 84, 10, '', '', '', 0, NULL, 0, 0, 0, 1, 0, 0, 1, 1, 0, 0, 0, 0),
(1321, 84, 11, 'Рисунок активного пункта меню', 'img_act', '', 75, NULL, 0, 1, 0, 1, 0, 0, 1, 1, 0, 0, 0, 0),
(1322, 84, 12, 'Рисунок не активного пункта меню', 'img_no_act', '', 75, NULL, 0, 1, 0, 1, 0, 0, 1, 1, 0, 0, 0, 0),
(1323, 84, 13, 'Рисунок заголовка страницы', 'img_h1', '', 75, NULL, 0, 1, 0, 1, 0, 0, 1, 1, 0, 0, 0, 0),
(1324, 83, 9, 'Дата публикации', 'publ_date', '', 25, NULL, 0, 1, 0, 1, 0, 1, 1, 0, 0, 0, 0, 0),
(1325, 83, 10, 'Голосование закрыто', 'close', '', 50, NULL, 0, 1, 0, 1, 0, 0, 1, 0, 0, 0, 0, 0),
(1326, 83, 11, 'Текст вопроса', 'question', '', 55, NULL, 0, 1, 1, 1, 0, 1, 1, 0, 0, 0, 0, 0),
(1328, 83, 12, 'Варианты ответов', 'answers', '', 97, 55, 0, 1, 0, 1, 0, 0, 1, 0, 0, 0, 0, 0),
(1329, 83, 13, 'Разрешить выбирать несколько значений', 'multiselect', '', 50, NULL, 0, 1, 0, 1, 0, 0, 1, 0, 0, 0, 0, 0),
(1330, 86, 1, 'Название', 'name', '', 10, NULL, 0, 1, 0, 1, 0, 1, 1, 0, 0, 0, 0, 0),
(1331, 86, 2, 'Голосов', 'count', '', 40, NULL, 0, 1, 0, 1, 0, 1, 1, 0, 0, 0, 0, 0),
(1332, 87, 1, 'Название', 'name', '', 10, NULL, 0, 1, 0, 1, 0, 1, 1, 0, 0, 0, 0, 0),
(1333, 87, 2, 'Форма создается на основе', 'form_class', '', 40, NULL, 0, 1, 0, 1, 0, 0, 1, 0, 0, 0, 0, 0),
(1334, 87, 5, 'Включить защиту от спама', 'captcha', '', 50, NULL, 0, 1, 0, 1, 0, 0, 1, 0, 0, 0, 0, 0),
(1335, 87, 6, 'Добавлять в раздел', 'section', '', 100, NULL, 0, 1, 0, 1, 0, 0, 0, 0, 0, 0, 0, 0),
(1336, 87, 8, 'Сообщение для пользователя при отправке формы', 'msg', '', 60, NULL, 0, 1, 0, 1, 0, 0, 1, 0, 0, 0, 0, 0),
(1337, 88, 1, 'Отправлять это письмо на указанные адреса', 'mailing_list', '', 10, NULL, 0, 1, 0, 1, 0, 0, 1, 0, 0, 0, 0, 0),
(1338, 88, 2, '', '', '', 0, NULL, 0, 0, 0, 1, 0, 0, 1, 0, 0, 0, 0, 0),
(1339, 88, 3, 'Адрес отправителя', 'admin_sender_address', '', 10, NULL, 0, 1, 0, 1, 0, 0, 1, 0, 0, 0, 0, 0),
(1340, 88, 4, 'Имя отправителя', 'admin_sender_name', '', 10, NULL, 0, 1, 0, 1, 0, 0, 1, 0, 0, 0, 0, 0),
(1341, 88, 5, 'Тема письма', 'admin_subject', '', 10, NULL, 0, 1, 0, 1, 0, 0, 1, 0, 0, 0, 0, 0),
(1342, 88, 6, 'Шаблон письма', 'admin_template', '', 60, NULL, 0, 1, 0, 1, 0, 0, 1, 0, 0, 0, 0, 0),
(1343, 89, 1, 'Отправлять это письмо', 'send_notice', '', 50, NULL, 0, 1, 0, 1, 0, 0, 1, 0, 0, 0, 0, 0),
(1344, 89, 2, '', '', '', 0, NULL, 0, 0, 0, 1, 0, 0, 1, 0, 0, 0, 0, 0),
(1345, 89, 3, 'Адрес отправителя', 'notice_sender_address', '', 10, NULL, 0, 1, 0, 1, 0, 0, 1, 0, 0, 0, 0, 0),
(1346, 89, 4, 'Имя отправителя', 'notice_sender_name', '', 10, NULL, 0, 1, 0, 1, 0, 0, 1, 0, 0, 0, 0, 0),
(1347, 89, 5, 'Тема письма', 'notice_subject', '', 10, NULL, 0, 1, 0, 1, 0, 0, 1, 0, 0, 0, 0, 0),
(1348, 89, 6, 'Шаблон письма', 'notice_template', '', 60, NULL, 0, 1, 0, 1, 0, 0, 1, 0, 0, 0, 0, 0),
(1349, 90, 1, 'Отправлять это письмо', 'send_answer', '', 50, NULL, 0, 1, 0, 1, 0, 0, 1, 0, 0, 0, 0, 0),
(1350, 90, 2, '', '', '', 0, NULL, 0, 0, 0, 1, 0, 0, 1, 0, 0, 0, 0, 0),
(1351, 90, 3, 'Адрес отправителя', 'answer_sender_address', '', 10, NULL, 0, 1, 0, 1, 0, 0, 1, 0, 0, 0, 0, 0),
(1352, 90, 4, 'Имя отправителя', 'answer_sender_name', '', 10, NULL, 0, 1, 0, 1, 0, 0, 1, 0, 0, 0, 0, 0),
(1353, 90, 5, 'Тема письма', 'answer_subject', '', 10, NULL, 0, 1, 0, 1, 0, 0, 1, 0, 0, 0, 0, 0),
(1354, 90, 6, 'Шаблон письма', 'answer_template', '', 60, NULL, 0, 1, 0, 1, 0, 0, 1, 0, 0, 0, 0, 0),
(1355, 91, 1, 'Название', 'name', '', 10, NULL, 0, 1, 0, 1, 0, 1, 1, 0, 0, 0, 0, 0),
(1356, 91, 2, 'Активность', 'active', '', 50, NULL, 0, 1, 0, 1, 0, 0, 1, 0, 0, 0, 0, 0),
(1357, 91, 4, 'Служебное описание', 'admin_notice', '', 55, NULL, 0, 1, 0, 1, 0, 0, 1, 0, 0, 0, 0, 0),
(1358, 91, 11, 'Языковая версия', 'lang', '', 40, NULL, 0, 0, 0, 1, 0, 1, 1, 0, 0, 0, 0, 0),
(1359, 91, 12, 'Домен', 'domain', '', 40, NULL, 0, 0, 0, 1, 0, 1, 1, 0, 0, 0, 0, 0),
(1360, 92, 1, 'Название', 'name', '', 10, NULL, 0, 1, 0, 1, 0, 1, 1, 0, 0, 0, 0, 0),
(1361, 92, 2, 'Прикрепленный файл', 'file', '', 70, NULL, 0, 1, 0, 1, 0, 0, 1, 0, 0, 0, 0, 0),
(1362, 102, 1, 'Дата выпуска', 'last_subscribe', '', 32, NULL, 0, 0, 0, 1, 0, 0, 1, 0, 0, 0, 0, 0),
(1363, 92, 3, 'Текст сообщения', 'message', '', 60, NULL, 0, 1, 0, 1, 0, 0, 1, 0, 0, 0, 0, 0),
(1364, 93, 1, 'E-mail', 'name', '', 15, NULL, 0, 1, 0, 1, 0, 1, 1, 0, 1, 0, 0, 0),
(1365, 93, 3, '', '', '', 0, NULL, 0, 0, 0, 1, 0, 0, 1, 0, 0, 0, 0, 0),
(1366, 93, 4, 'Фамилия', 'second_name', '', 10, NULL, 0, 1, 0, 1, 0, 0, 1, 0, 0, 0, 0, 0),
(1367, 93, 5, 'Имя', 'first_name', '', 10, NULL, 0, 1, 0, 1, 0, 0, 1, 0, 0, 0, 0, 0),
(1368, 93, 8, 'Пользователь', 'user_id', '', 40, NULL, 0, 1, 0, 1, 0, 0, 1, 0, 0, 0, 0, 0),
(1369, 93, 2, 'Подписан на рассылки', 'subscribes', 'Для выбора нескольких значений удерживайте нажатой клавишу Ctrl', 95, 57, 0, 1, 0, 1, 0, 1, 1, 0, 0, 0, 2, 0),
(1371, 93, 7, '', '', '', 0, NULL, 0, 0, 0, 1, 0, 0, 1, 0, 0, 0, 0, 0),
(1372, 91, 13, 'Дата последней рассылки', 'last_subscribe', '', 32, NULL, 0, 0, 0, 1, 0, 0, 1, 0, 0, 0, 0, 0),
(1373, 94, 1, 'Название', 'name', '', 10, NULL, 0, 1, 1, 1, 0, 1, 1, 1, 0, 0, 0, 0),
(1374, 94, 2, 'Псевдо адрес', 'pseudo_url', '', 10, NULL, 0, 1, 0, 1, 0, 1, 1, 1, 0, 0, 0, 0),
(1375, 94, 3, 'Заголовок', 'h1', '', 10, NULL, 0, 1, 1, 1, 0, 1, 1, 1, 0, 0, 0, 0),
(1376, 94, 4, 'Ключевые слова', 'keywords', '', 10, NULL, 0, 1, 0, 1, 0, 0, 1, 1, 0, 0, 0, 0),
(1377, 94, 5, 'Заголовок окна', 'title', '', 10, NULL, 0, 1, 1, 1, 0, 1, 1, 1, 0, 0, 0, 0),
(1378, 94, 6, 'Мето описание', 'description', '', 10, NULL, 0, 1, 0, 1, 0, 0, 1, 1, 0, 0, 0, 0),
(1379, 94, 8, '', '', '', 0, NULL, 0, 0, 0, 1, 0, 0, 1, 1, 0, 0, 0, 0),
(1380, 95, 1, 'Активность', 'active', '', 50, NULL, 0, 1, 0, 1, 0, 0, 1, 1, 0, 0, 0, 0),
(1381, 95, 2, 'Домашняя страница', 'is_home_page', '', 50, NULL, 0, 1, 0, 1, 0, 0, 1, 1, 0, 0, 0, 0),
(1382, 95, 3, 'Отображать в меню', 'view_in_menu', '', 50, NULL, 0, 1, 0, 1, 0, 0, 1, 1, 0, 0, 0, 0),
(1383, 95, 4, 'Показывать подменю', 'view_submenu', '', 50, NULL, 0, 1, 0, 1, 0, 0, 1, 1, 0, 0, 0, 0),
(1384, 95, 5, 'Участвует в поиске', 'in_search', '', 50, NULL, 0, 1, 0, 1, 0, 0, 1, 1, 0, 0, 0, 0),
(1385, 95, 6, 'Индексировать поисковиками', 'in_index', '', 50, NULL, 0, 1, 0, 1, 0, 0, 1, 1, 0, 0, 0, 0),
(1386, 95, 7, 'Открывать в новом окне', 'in_new_window', '', 50, NULL, 0, 1, 0, 1, 0, 0, 1, 1, 0, 0, 0, 0),
(1387, 95, 10, 'Количество элементов на странице', 'number_of_items', '', 40, NULL, 0, 1, 0, 1, 0, 0, 1, 1, 0, 0, 0, 0),
(1388, 95, 9, 'Способ сортировки содержимого', 'order_by', 'Задает способ сортировки подразделов в списке. Используется SQL-подобный синтаксис, например: &quot;name DESC&quot;. Изменяйте данное поле только, если вы уверены в своих действиях.', 10, NULL, 0, 1, 0, 1, 0, 0, 1, 1, 0, 0, 0, 0),
(1389, 95, 11, 'Ссылка', 'other_link', 'Используйте, если необходимо, чтобы данный пункт меню ссылался на другой ресурс. Здесь вы можете указать внешнюю или внутреннюю ссылку.', 20, NULL, 0, 1, 0, 1, 0, 0, 1, 1, 0, 0, 0, 0),
(1390, 95, 12, '', '', '', 0, NULL, 0, 0, 0, 1, 0, 0, 1, 1, 0, 0, 0, 0),
(1391, 95, 13, 'Рисунок активного пункта меню', 'img_act', '', 75, NULL, 0, 1, 0, 1, 0, 0, 1, 1, 0, 0, 0, 0),
(1392, 95, 14, 'Рисунок не активного пункта меню', 'img_no_act', '', 75, NULL, 0, 1, 0, 1, 0, 0, 1, 1, 0, 0, 0, 0),
(1393, 95, 15, 'Рисунок заголовка страницы', 'img_h1', '', 75, NULL, 0, 1, 0, 1, 0, 0, 1, 1, 0, 0, 0, 0),
(1394, 96, 1, 'Название', 'name', '', 10, NULL, 0, 1, 1, 1, 0, 1, 1, 1, 0, 0, 0, 0),
(1395, 96, 2, 'Псевдо адрес', 'pseudo_url', '', 10, NULL, 0, 1, 0, 1, 0, 1, 1, 1, 0, 0, 0, 0),
(1396, 96, 3, 'Заголовок', 'h1', '', 10, NULL, 0, 1, 1, 1, 0, 1, 1, 1, 0, 0, 0, 0),
(1397, 96, 4, 'Ключевые слова', 'keywords', '', 10, NULL, 0, 1, 0, 1, 0, 0, 1, 1, 0, 0, 0, 0),
(1398, 96, 5, 'Заголовок окна', 'title', '', 10, NULL, 0, 1, 1, 1, 0, 1, 1, 1, 0, 0, 0, 0),
(1399, 96, 6, 'Мето описание', 'description', '', 10, NULL, 0, 1, 0, 1, 0, 0, 1, 1, 0, 0, 0, 0),
(1400, 96, 8, '', '', '', 0, NULL, 0, 0, 0, 1, 0, 0, 1, 1, 0, 0, 0, 0),
(1401, 97, 1, 'Активность', 'active', '', 50, NULL, 0, 1, 0, 1, 0, 0, 1, 1, 0, 0, 0, 0),
(1402, 97, 2, 'Домашняя страница', 'is_home_page', '', 50, NULL, 0, 1, 0, 1, 0, 0, 1, 1, 0, 0, 0, 0),
(1403, 97, 3, 'Отображать в меню', 'view_in_menu', '', 50, NULL, 0, 1, 0, 1, 0, 0, 1, 1, 0, 0, 0, 0),
(1404, 97, 4, 'Показывать подменю', 'view_submenu', '', 50, NULL, 0, 1, 0, 1, 0, 0, 1, 1, 0, 0, 0, 0),
(1405, 97, 5, 'Участвует в поиске', 'in_search', '', 50, NULL, 0, 1, 0, 1, 0, 0, 1, 1, 0, 0, 0, 0),
(1406, 97, 6, 'Индексировать поисковиками', 'in_index', '', 50, NULL, 0, 1, 0, 1, 0, 0, 1, 1, 0, 0, 0, 0),
(1407, 97, 7, 'Открывать в новом окне', 'in_new_window', '', 50, NULL, 0, 1, 0, 1, 0, 0, 1, 1, 0, 0, 0, 0),
(1408, 97, 9, 'Количество элементов на странице', 'number_of_items', '', 40, NULL, 0, 1, 0, 1, 0, 0, 1, 1, 0, 0, 0, 0),
(1409, 97, 9, 'Способ сортировки содержимого', 'order_by', 'Задает способ сортировки подразделов в списке. Используется SQL-подобный синтаксис, например: &quot;name DESC&quot;. Изменяйте данное поле только, если вы уверены в своих действиях.', 10, NULL, 0, 1, 0, 1, 0, 0, 1, 1, 0, 0, 0, 0),
(1410, 97, 11, 'Ссылка', 'other_link', 'Используйте, если необходимо, чтобы данный пункт меню ссылался на другой ресурс. Здесь вы можете указать внешнюю или внутреннюю ссылку.', 20, NULL, 0, 1, 0, 1, 0, 0, 1, 1, 0, 0, 0, 0),
(1411, 97, 12, '', '', '', 0, NULL, 0, 0, 0, 1, 0, 0, 1, 1, 0, 0, 0, 0),
(1412, 97, 13, 'Рисунок активного пункта меню', 'img_act', '', 75, NULL, 0, 1, 0, 1, 0, 0, 1, 1, 0, 0, 0, 0),
(1413, 97, 14, 'Рисунок не активного пункта меню', 'img_no_act', '', 75, NULL, 0, 1, 0, 1, 0, 0, 1, 1, 0, 0, 0, 0),
(1414, 97, 15, 'Рисунок заголовка страницы', 'img_h1', '', 75, NULL, 0, 1, 0, 1, 0, 0, 1, 1, 0, 0, 0, 0),
(1415, 98, 1, 'Название', 'name', '', 10, NULL, 0, 1, 1, 1, 0, 1, 1, 1, 0, 0, 0, 0),
(1416, 98, 2, 'Псевдо адрес', 'pseudo_url', '', 10, NULL, 0, 1, 0, 1, 0, 1, 1, 1, 0, 0, 0, 0),
(1417, 98, 3, 'Заголовок', 'h1', '', 10, NULL, 0, 1, 1, 1, 0, 1, 1, 1, 0, 0, 0, 0),
(1418, 98, 4, 'Ключевые слова', 'keywords', '', 10, NULL, 0, 1, 0, 1, 0, 0, 1, 1, 0, 0, 0, 0),
(1419, 98, 5, 'Заголовок окна', 'title', '', 10, NULL, 0, 1, 1, 1, 0, 1, 1, 1, 0, 0, 0, 0),
(1420, 98, 6, 'Мето описание', 'description', '', 10, NULL, 0, 1, 0, 1, 0, 0, 1, 1, 0, 0, 0, 0),
(1421, 98, 8, '', '', '', 0, NULL, 0, 0, 0, 1, 0, 0, 1, 1, 0, 0, 0, 0),
(1422, 99, 1, 'Активность', 'active', '', 50, NULL, 0, 1, 0, 1, 0, 0, 1, 1, 0, 0, 0, 0),
(1423, 99, 2, 'Домашняя страница', 'is_home_page', '', 50, NULL, 0, 1, 0, 1, 0, 0, 1, 1, 0, 0, 0, 0),
(1424, 99, 3, 'Отображать в меню', 'view_in_menu', '', 50, NULL, 0, 1, 0, 1, 0, 0, 1, 1, 0, 0, 0, 0),
(1425, 99, 4, 'Показывать подменю', 'view_submenu', '', 50, NULL, 0, 1, 0, 1, 0, 0, 1, 1, 0, 0, 0, 0),
(1426, 99, 5, 'Участвует в поиске', 'in_search', '', 50, NULL, 0, 1, 0, 1, 0, 0, 1, 1, 0, 0, 0, 0),
(1427, 99, 6, 'Индексировать поисковиками', 'in_index', '', 50, NULL, 0, 1, 0, 1, 0, 0, 1, 1, 0, 0, 0, 0),
(1428, 99, 7, 'Открывать в новом окне', 'in_new_window', '', 50, NULL, 0, 1, 0, 1, 0, 0, 1, 1, 0, 0, 0, 0),
(1429, 99, 9, 'Количество элементов на странице', 'number_of_items', '', 40, NULL, 0, 1, 0, 1, 0, 0, 1, 1, 0, 0, 0, 0),
(1430, 99, 9, 'Способ сортировки содержимого', 'order_by', 'Задает способ сортировки подразделов в списке. Используется SQL-подобный синтаксис, например: &quot;name DESC&quot;. Изменяйте данное поле только, если вы уверены в своих действиях.', 10, NULL, 0, 1, 0, 1, 0, 0, 1, 1, 0, 0, 0, 0),
(1431, 99, 11, 'Ссылка', 'other_link', 'Используйте, если необходимо, чтобы данный пункт меню ссылался на другой ресурс. Здесь вы можете указать внешнюю или внутреннюю ссылку.', 20, NULL, 0, 1, 0, 1, 0, 0, 1, 1, 0, 0, 0, 0),
(1432, 99, 12, '', '', '', 0, NULL, 0, 0, 0, 1, 0, 0, 1, 1, 0, 0, 0, 0),
(1433, 99, 13, 'Рисунок активного пункта меню', 'img_act', '', 75, NULL, 0, 1, 0, 1, 0, 0, 1, 1, 0, 0, 0, 0),
(1434, 99, 14, 'Рисунок не активного пункта меню', 'img_no_act', '', 75, NULL, 0, 1, 0, 1, 0, 0, 1, 1, 0, 0, 0, 0),
(1435, 99, 15, 'Рисунок заголовка страницы', 'img_h1', '', 75, NULL, 0, 1, 0, 1, 0, 0, 1, 1, 0, 0, 0, 0),
(1436, 100, 1, 'Название', 'name', '', 10, NULL, 0, 1, 1, 1, 0, 1, 1, 1, 0, 0, 0, 0),
(1437, 100, 2, 'Псевдо адрес', 'pseudo_url', '', 10, NULL, 0, 1, 0, 1, 0, 1, 1, 1, 0, 0, 0, 0),
(1438, 100, 3, 'Заголовок', 'h1', '', 10, NULL, 0, 1, 1, 1, 0, 1, 1, 1, 0, 0, 0, 0),
(1439, 100, 4, 'Ключевые слова', 'keywords', '', 10, NULL, 0, 1, 0, 1, 0, 0, 1, 1, 0, 0, 0, 0),
(1440, 100, 5, 'Заголовок окна', 'title', '', 10, NULL, 0, 1, 1, 1, 0, 1, 1, 1, 0, 0, 0, 0),
(1441, 100, 6, 'Мето описание', 'description', '', 10, NULL, 0, 1, 0, 1, 0, 0, 1, 1, 0, 0, 0, 0),
(1442, 100, 8, '', '', '', 0, NULL, 0, 0, 0, 1, 0, 0, 1, 1, 0, 0, 0, 0),
(1443, 101, 1, 'Активность', 'active', '', 50, NULL, 0, 1, 0, 1, 0, 0, 1, 1, 0, 0, 0, 0),
(1444, 101, 2, 'Домашняя страница', 'is_home_page', '', 50, NULL, 0, 1, 0, 1, 0, 0, 1, 1, 0, 0, 0, 0),
(1445, 101, 3, 'Отображать в меню', 'view_in_menu', '', 50, NULL, 0, 1, 0, 1, 0, 0, 1, 1, 0, 0, 0, 0),
(1446, 101, 4, 'Показывать подменю', 'view_submenu', '', 50, NULL, 0, 1, 0, 1, 0, 0, 1, 1, 0, 0, 0, 0),
(1447, 101, 5, 'Участвует в поиске', 'in_search', '', 50, NULL, 0, 1, 0, 1, 0, 0, 1, 1, 0, 0, 0, 0),
(1448, 101, 6, 'Индексировать поисковиками', 'in_index', '', 50, NULL, 0, 1, 0, 1, 0, 0, 1, 1, 0, 0, 0, 0),
(1449, 101, 7, 'Открывать в новом окне', 'in_new_window', '', 50, NULL, 0, 1, 0, 1, 0, 0, 1, 1, 0, 0, 0, 0),
(1450, 101, 9, 'Количество элементов на странице', 'number_of_items', '', 40, NULL, 0, 1, 0, 1, 0, 0, 1, 1, 0, 0, 0, 0),
(1451, 101, 9, 'Способ сортировки содержимого', 'order_by', 'Задает способ сортировки подразделов в списке. Используется SQL-подобный синтаксис, например: &quot;name DESC&quot;. Изменяйте данное поле только, если вы уверены в своих действиях.', 10, NULL, 0, 1, 0, 1, 0, 0, 1, 1, 0, 0, 0, 0),
(1452, 101, 11, 'Ссылка', 'other_link', 'Используйте, если необходимо, чтобы данный пункт меню ссылался на другой ресурс. Здесь вы можете указать внешнюю или внутреннюю ссылку.', 20, NULL, 0, 1, 0, 1, 0, 0, 1, 1, 0, 0, 0, 0),
(1453, 101, 12, '', '', '', 0, NULL, 0, 0, 0, 1, 0, 0, 1, 1, 0, 0, 0, 0),
(1454, 101, 13, 'Рисунок активного пункта меню', 'img_act', '', 75, NULL, 0, 1, 0, 1, 0, 0, 1, 1, 0, 0, 0, 0),
(1455, 101, 14, 'Рисунок не активного пункта меню', 'img_no_act', '', 75, NULL, 0, 1, 0, 1, 0, 0, 1, 1, 0, 0, 0, 0),
(1456, 101, 15, 'Рисунок заголовка страницы', 'img_h1', '', 75, NULL, 0, 1, 0, 1, 0, 0, 1, 1, 0, 0, 0, 0),
(1457, 50, 6, 'Входит в группы', 'groups', 'Для выбора нескольких значений удерживайте нажатой клавишу Ctrl', 95, 33, 0, 1, 0, 1, 0, 1, 1, 0, 0, 0, 2, 0),
(1458, 91, 8, 'Тема письма', 'subject', '', 10, NULL, 0, 1, 0, 1, 0, 1, 1, 0, 0, 0, 0, 0),
(1459, 91, 7, 'Обратный адрес', 'back_email', '', 15, NULL, 0, 1, 0, 1, 0, 1, 1, 0, 0, 0, 0, 0),
(1460, 91, 10, 'Шаблон оформления письма', 'template', '', 10, NULL, 0, 1, 0, 1, 0, 1, 1, 0, 0, 0, 0, 0),
(1461, 91, 5, '', '', '', 0, NULL, 0, 0, 0, 1, 0, 0, 1, 0, 0, 0, 0, 0),
(1462, 92, 5, 'Прикрепленные страницы', 'objects', '', 100, NULL, 0, 1, 0, 1, 0, 0, 1, 0, 0, 0, 0, 0),
(1465, 92, 4, '', '', '', 0, NULL, 0, 0, 0, 1, 0, 0, 1, 0, 0, 0, 0, 0),
(1466, 91, 6, 'Имя отправителя', 'back_name', '', 10, NULL, 0, 1, 0, 1, 0, 1, 1, 0, 0, 0, 0, 0),
(1467, 91, 3, '', '', '', 0, NULL, 0, 0, 0, 1, 0, 0, 1, 0, 0, 0, 0, 0),
(1468, 91, 9, 'Используемый формат имени', 'name_format', '', 40, NULL, 0, 1, 0, 1, 0, 0, 1, 0, 0, 0, 0, 0),
(1469, 102, 3, 'Количество не отправленных частей', 'part_count_awaiting', '', 40, NULL, 0, 0, 0, 1, 0, 0, 1, 0, 0, 0, 0, 0),
(1470, 102, 4, 'Номер неотправленной части', 'error_part_num', '', 40, NULL, 0, 0, 0, 1, 0, 0, 1, 0, 0, 0, 0, 0),
(1471, 102, 5, 'Номер незавершенной итерации', 'error_iteration_num', '', 40, NULL, 0, 0, 0, 1, 0, 0, 1, 0, 0, 0, 0, 0),
(1472, 102, 2, 'Всего частей для отправки', 'part_count', '', 40, NULL, 0, 0, 0, 1, 0, 0, 1, 0, 0, 0, 0, 0),
(1478, 64, 13, 'Содержание', 'content', '', 60, NULL, 500, 1, 1, 1, 0, 0, 1, 0, 0, 0, 0, 0),
(1490, 105, 1, 'Название', 'name', '', 10, NULL, 0, 1, 1, 1, 0, 1, 0, 1, 0, 0, 0, 0),
(1491, 105, 2, 'Псевдо адрес', 'pseudo_url', '', 10, NULL, 0, 1, 0, 1, 0, 1, 0, 1, 0, 0, 0, 0),
(1492, 105, 3, 'Заголовок', 'h1', '', 10, NULL, 0, 1, 1, 1, 0, 1, 0, 1, 0, 0, 0, 0),
(1493, 105, 4, 'Ключевые слова', 'keywords', '', 10, NULL, 0, 1, 0, 1, 0, 0, 0, 1, 0, 0, 0, 0),
(1494, 105, 5, 'Заголовок окна', 'title', '', 10, NULL, 0, 1, 1, 1, 0, 1, 0, 1, 0, 0, 0, 0),
(1495, 105, 6, 'Мето описание', 'description', '', 10, NULL, 0, 1, 0, 1, 0, 0, 0, 1, 0, 0, 0, 0),
(1496, 105, 8, '', '', '', 0, NULL, 0, 0, 0, 1, 0, 0, 0, 1, 0, 0, 0, 0),
(1497, 106, 1, 'Активность', 'active', '', 50, NULL, 0, 1, 0, 1, 0, 0, 0, 1, 0, 0, 0, 0),
(1498, 106, 2, 'Домашняя страница', 'is_home_page', '', 50, NULL, 0, 1, 0, 1, 0, 0, 0, 1, 0, 0, 0, 0),
(1499, 106, 3, 'Отображать в меню', 'view_in_menu', '', 50, NULL, 0, 1, 0, 1, 0, 0, 0, 1, 0, 0, 0, 0),
(1500, 106, 4, 'Показывать подменю', 'view_submenu', '', 50, NULL, 0, 1, 0, 1, 0, 0, 0, 1, 0, 0, 0, 0),
(1501, 106, 5, 'Участвует в поиске', 'in_search', '', 50, NULL, 0, 1, 0, 1, 0, 0, 0, 1, 0, 0, 0, 0),
(1502, 106, 6, 'Индексировать поисковиками', 'in_index', '', 50, NULL, 0, 1, 0, 1, 0, 0, 0, 1, 0, 0, 0, 0),
(1503, 106, 7, 'Открывать в новом окне', 'in_new_window', '', 50, NULL, 0, 1, 0, 1, 0, 0, 0, 1, 0, 0, 0, 0),
(1504, 106, 8, 'Ссылка', 'other_link', 'Используйте, если необходимо, чтобы данный пункт меню ссылался на другой ресурс. Здесь вы можете указать внешнюю или внутреннюю ссылку.', 20, NULL, 0, 1, 0, 1, 0, 0, 0, 1, 0, 0, 0, 0),
(1505, 106, 10, '', '', '', 0, NULL, 0, 0, 0, 1, 0, 0, 0, 1, 0, 0, 0, 0),
(1506, 106, 11, 'Рисунок активного пункта меню', 'img_act', '', 75, NULL, 0, 1, 0, 1, 0, 0, 0, 1, 0, 0, 0, 0),
(1507, 106, 12, 'Рисунок не активного пункта меню', 'img_no_act', '', 75, NULL, 0, 1, 0, 1, 0, 0, 0, 1, 0, 0, 0, 0),
(1508, 106, 13, 'Рисунок заголовка страницы', 'img_h1', '', 75, NULL, 0, 1, 0, 1, 0, 0, 0, 1, 0, 0, 0, 0),
(1509, 105, 10, 'Картинка', 'image', '', 75, NULL, 0, 1, 0, 1, 0, 0, 0, 0, 0, 0, 0, 0),
(1510, 105, 9, 'Рекомендуемая цена', 'price', '', 47, NULL, 0, 1, 0, 1, 1, 0, 0, 0, 0, 0, 0, 1);
INSERT INTO `bagira_fields` (`f_id`, `f_group_id`, `f_position`, `f_name`, `f_sname`, `f_hint`, `f_type`, `f_list_id`, `f_max_size`, `f_view`, `f_search`, `f_inherit`, `f_filter`, `f_required`, `f_system`, `f_is_clone`, `f_uniqum`, `f_quick_add`, `f_relation`, `f_spec`) VALUES
(1511, 105, 12, 'Описание', 'content', '', 60, NULL, 0, 1, 0, 1, 0, 0, 0, 0, 0, 0, 0, 0),
(1517, 96, 9, 'Фотография', 'image', '', 75, NULL, 0, 1, 0, 1, 0, 0, 1, 0, 0, 0, 0, 0),
(1519, 105, 16, 'Находится в категории', 'cat', '', 100, NULL, 0, 1, 0, 1, 0, 1, 0, 0, 0, 0, 2, 0),
(1520, 41, 7, 'Теги', 'tags', 'Укажите теги или ключевые слова перечисленные через запятую.', 105, NULL, 0, 1, 0, 1, 0, 0, 1, 0, 0, 0, 0, 0),
(1521, 64, 7, 'Теги', 'tags', 'Укажите теги или ключевые слова перечисленные через запятую.', 105, NULL, 0, 1, 0, 1, 0, 0, 1, 1, 0, 0, 0, 0),
(1522, 66, 7, 'Теги', 'tags', 'Укажите теги или ключевые слова перечисленные через запятую.', 105, NULL, 0, 1, 0, 1, 0, 0, 1, 1, 0, 0, 0, 0),
(1523, 94, 7, 'Теги', 'tags', 'Укажите теги или ключевые слова перечисленные через запятую.', 105, NULL, 0, 1, 0, 1, 0, 0, 1, 1, 0, 0, 0, 0),
(1524, 96, 7, 'Теги', 'tags', 'Укажите теги или ключевые слова перечисленные через запятую.', 105, NULL, 0, 1, 0, 1, 0, 0, 1, 1, 0, 0, 0, 0),
(1525, 98, 7, 'Теги', 'tags', 'Укажите теги или ключевые слова перечисленные через запятую.', 105, NULL, 0, 1, 0, 1, 0, 0, 1, 1, 0, 0, 0, 0),
(1526, 100, 7, 'Теги', 'tags', 'Укажите теги или ключевые слова перечисленные через запятую.', 105, NULL, 0, 1, 0, 1, 0, 0, 1, 1, 0, 0, 0, 0),
(1527, 68, 7, 'Теги', 'tags', 'Укажите теги или ключевые слова перечисленные через запятую.', 105, NULL, 0, 1, 0, 1, 0, 0, 1, 1, 0, 0, 0, 0),
(1528, 70, 7, 'Теги', 'tags', 'Укажите теги или ключевые слова перечисленные через запятую.', 105, NULL, 0, 1, 0, 1, 0, 0, 1, 1, 0, 0, 0, 0),
(1529, 72, 7, 'Теги', 'tags', 'Укажите теги или ключевые слова перечисленные через запятую.', 105, NULL, 0, 1, 0, 1, 0, 0, 1, 1, 0, 0, 0, 0),
(1530, 74, 7, 'Теги', 'tags', 'Укажите теги или ключевые слова перечисленные через запятую.', 105, NULL, 0, 1, 0, 1, 0, 0, 1, 1, 0, 0, 0, 0),
(1531, 77, 7, 'Теги', 'tags', 'Укажите теги или ключевые слова перечисленные через запятую.', 105, NULL, 0, 1, 0, 1, 0, 0, 1, 1, 0, 0, 0, 0),
(1532, 80, 7, 'Теги', 'tags', 'Укажите теги или ключевые слова перечисленные через запятую.', 105, NULL, 0, 1, 0, 1, 0, 0, 1, 1, 0, 0, 0, 0),
(1533, 83, 7, 'Теги', 'tags', 'Укажите теги или ключевые слова перечисленные через запятую.', 105, NULL, 0, 1, 0, 1, 0, 0, 1, 1, 0, 0, 0, 0),
(1534, 105, 7, 'Теги', 'tags', 'Укажите теги или ключевые слова перечисленные через запятую.', 105, NULL, 0, 1, 0, 1, 0, 0, 0, 1, 0, 0, 0, 0),
(1538, 108, 1, 'Номер заказа', 'name', '', 10, NULL, 0, 1, 0, 1, 1, 1, 0, 0, 0, 0, 0, 0),
(1539, 108, 4, 'Дата заказа', 'date', '', 32, NULL, 0, 1, 0, 1, 1, 1, 0, 0, 0, 0, 0, 0),
(1540, 108, 3, 'E-mail заказчика', 'email', '', 15, NULL, 0, 1, 0, 1, 1, 1, 0, 0, 0, 0, 0, 0),
(1541, 108, 5, 'Примечания администратора', 'notice', '', 55, NULL, 0, 1, 0, 1, 0, 0, 0, 0, 0, 0, 0, 0),
(1542, 113, 3, 'Дата оплаты', 'payment_date', '', 32, NULL, 0, 1, 0, 1, 0, 0, 0, 0, 0, 0, 0, 0),
(1543, 109, 1, 'Название', 'name', '', 10, NULL, 0, 1, 0, 1, 0, 1, 0, 0, 0, 0, 0, 0),
(1544, 110, 1, 'Название', 'name', '', 10, NULL, 0, 1, 0, 1, 0, 1, 0, 0, 0, 0, 0, 0),
(1545, 110, 2, 'Описание для сайта', 'notice', '', 55, NULL, 0, 1, 0, 1, 0, 0, 0, 0, 0, 0, 0, 0),
(1546, 111, 1, 'Название', 'name', '', 10, NULL, 0, 1, 0, 1, 0, 1, 0, 0, 0, 0, 0, 0),
(1547, 111, 3, 'Описание для сайта', 'notice', '', 55, NULL, 0, 1, 0, 1, 0, 0, 0, 0, 0, 0, 0, 0),
(1548, 115, 3, 'Заголовок письма', 'email_title', '', 10, NULL, 0, 1, 0, 1, 0, 0, 0, 0, 0, 0, 0, 0),
(1549, 115, 4, 'Текст сообщения', 'email_msg', '', 60, NULL, 0, 1, 0, 1, 0, 0, 0, 0, 0, 0, 0, 0),
(1550, 115, 1, 'Информировать покупателя о присвоении этого статуса', 'info', '', 50, NULL, 0, 1, 0, 1, 0, 0, 0, 0, 0, 0, 0, 0),
(1551, 109, 4, 'Описание для администратора', 'notice', '', 55, NULL, 0, 1, 0, 1, 0, 1, 0, 0, 0, 0, 0, 0),
(1553, 109, 2, 'Порядковый номер', 'number', '', 40, NULL, 0, 1, 0, 1, 0, 1, 0, 0, 0, 0, 0, 0),
(1554, 108, 2, 'Статус заказа', 'state', '', 90, 69, 0, 1, 0, 1, 1, 1, 0, 0, 0, 0, 0, 0),
(1555, 112, 3, 'Имя', 'delivery_name', '', 10, NULL, 0, 1, 0, 1, 0, 1, 0, 0, 0, 0, 0, 0),
(1556, 112, 4, 'Фамилия', 'delivery_surname', '', 10, NULL, 0, 1, 0, 1, 0, 1, 0, 0, 0, 0, 0, 0),
(1557, 112, 5, 'Телефон', 'delivery_phone', '', 10, NULL, 0, 1, 0, 1, 0, 1, 0, 0, 0, 0, 0, 0),
(1558, 112, 6, 'Адрес доставки', 'delivery_address', '', 55, NULL, 0, 1, 0, 1, 0, 1, 0, 0, 0, 0, 0, 0),
(1559, 112, 7, 'Дополнителная информация', 'delivery_notice', '', 55, NULL, 0, 1, 0, 1, 0, 0, 0, 0, 0, 0, 0, 0),
(1560, 111, 2, 'Добавочная стоимость', 'price', '', 47, NULL, 0, 1, 0, 1, 0, 0, 0, 0, 0, 0, 0, 0),
(1561, 112, 1, 'Способ доставки', 'delivery', '', 90, 71, 0, 1, 0, 1, 0, 1, 0, 0, 0, 0, 0, 0),
(1562, 112, 2, '', '', '', 0, NULL, 0, 0, 0, 1, 0, 0, 0, 0, 0, 0, 0, 0),
(1563, 113, 4, 'Сумма оплаты', 'payment_cost', '', 47, NULL, 0, 1, 0, 1, 0, 0, 0, 0, 0, 0, 0, 0),
(1564, 113, 1, 'Способ оплаты', 'payment', '', 90, 70, 0, 0, 0, 1, 0, 0, 0, 0, 0, 0, 0, 0),
(1565, 113, 2, '', '', '', 0, NULL, 0, 0, 0, 1, 0, 0, 0, 0, 0, 0, 0, 0),
(1566, 113, 5, 'Оплачено', 'is_payment', '', 50, NULL, 0, 1, 0, 1, 0, 0, 0, 0, 0, 0, 0, 0),
(1567, 114, 1, 'Название', 'name', '', 10, NULL, 0, 0, 0, 1, 0, 0, 0, 0, 0, 0, 0, 0),
(1568, 114, 2, 'Количество', 'count', '', 40, NULL, 0, 1, 0, 1, 0, 1, 0, 0, 0, 0, 0, 0),
(1569, 114, 3, 'Стоимость', 'cost', '', 47, NULL, 0, 1, 0, 1, 0, 1, 0, 0, 0, 0, 0, 0),
(1570, 114, 4, 'Товар', 'goods_id', '', 40, NULL, 0, 1, 0, 1, 0, 1, 0, 0, 0, 0, 0, 0),
(1571, 109, 3, 'Разрешить удалять заказы с этим статусом', 'is_delete', '', 50, NULL, 0, 1, 0, 1, 0, 0, 0, 0, 0, 0, 0, 0),
(1572, 115, 2, '', '', '', 0, NULL, 0, 0, 0, 1, 0, 0, 0, 0, 0, 0, 0, 0),
(1573, 105, 11, 'Количество', 'count', '', 40, NULL, 0, 1, 0, 1, 0, 0, 0, 0, 0, 0, 0, 0),
(1627, 105, 15, 'Сопутствующие товары', 'related_products', '', 100, NULL, 0, 1, 0, 1, 0, 0, 0, 0, 0, 0, 0, 0),
(1628, 105, 14, 'Аксессуары', 'accessories', '', 100, NULL, 0, 1, 0, 1, 0, 0, 0, 0, 0, 0, 0, 0),
(1630, 105, 17, 'Рейтинг пользователей', 'rate', '', 45, NULL, 0, 0, 0, 1, 0, 0, 0, 0, 0, 0, 0, 0),
(1631, 94, 9, 'RSS-экспорт', 'rss_export', '', 50, NULL, 0, 1, 0, 1, 0, 0, 1, 0, 0, 0, 0, 0),
(1647, 116, 6, 'Размеры и вес', '', '', 0, NULL, 0, 0, 0, 1, 0, 0, 0, 0, 0, 0, 0, 0),
(1648, 116, 7, 'Вес нетто (кг)', 'ves_netto', '', 10, NULL, 0, 1, 0, 1, 0, 0, 0, 0, 0, 0, 0, 0),
(1649, 116, 8, 'Вес брутто (кг)', 'ves_brutto', '', 10, NULL, 0, 1, 0, 1, 0, 0, 0, 0, 0, 0, 0, 0),
(1650, 116, 9, 'Высота (мм)', 'height', '', 10, NULL, 0, 1, 0, 1, 0, 0, 0, 0, 0, 0, 0, 0),
(1651, 116, 10, 'Ширина (мм)', 'width', '', 10, NULL, 0, 1, 0, 1, 0, 0, 0, 0, 0, 0, 0, 0),
(1652, 116, 11, 'Длина (мм)', 'length', '', 10, NULL, 0, 1, 0, 1, 0, 0, 0, 0, 0, 0, 0, 0),
(1653, 116, 4, 'Мощность (кВт)', 'moshchnost', '', 10, NULL, 0, 1, 0, 1, 1, 0, 0, 0, 0, 0, 0, 0),
(1654, 116, 1, 'Страна производитель', 'strana_proizvoditel', '', 90, 74, 0, 1, 0, 1, 1, 1, 0, 0, 0, 1, 0, 0),
(1655, 117, 1, 'Имя', 'name', '', 10, NULL, 0, 1, 0, 1, 0, 1, 0, 1, 0, 0, 0, 0),
(1656, 116, 2, 'Гарантия', 'garantiya', '', 90, 73, 0, 1, 0, 1, 1, 1, 0, 0, 0, 1, 0, 0),
(1657, 118, 1, 'Имя', 'name', '', 10, NULL, 0, 1, 0, 1, 0, 1, 0, 1, 0, 0, 0, 0),
(1658, 116, 3, 'Разное', '', '', 0, NULL, 0, 0, 0, 1, 0, 0, 0, 0, 0, 0, 0, 0),
(1659, 119, 1, 'Имя', 'name', '', 10, NULL, 0, 1, 0, 1, 0, 1, 0, 1, 0, 0, 0, 0),
(1660, 116, 5, 'Возможные цвета корпуса', 'color', 'Для выбора нескольких значений удерживайте нажатой клавишу Ctrl', 95, 75, 0, 1, 0, 1, 1, 1, 0, 0, 0, 1, 0, 0),
(1661, 87, 4, 'Разрешить прикреплять к любому разделу', 'any_sections', '', 50, NULL, 0, 1, 0, 1, 0, 0, 0, 0, 0, 0, 0, 0),
(1662, 87, 3, '', '', '', 0, NULL, 0, 0, 0, 1, 0, 0, 0, 0, 0, 0, 0, 0),
(1663, 87, 7, '', '', '', 0, NULL, 0, 0, 0, 1, 0, 0, 0, 0, 0, 0, 0, 0),
(1664, 80, 12, 'Рейтинг пользователей', 'user_rate', '', 40, NULL, 0, 1, 0, 1, 0, 0, 0, 0, 0, 0, 0, 0),
(1665, 68, 19, 'Автор новости', 'author', '', 10, NULL, 0, 1, 0, 1, 0, 0, 0, 0, 0, 0, 0, 0),
(1666, 66, 9, 'Фотография', 'image', '', 75, NULL, 0, 1, 0, 1, 0, 0, 0, 0, 0, 0, 0, 0),
(1667, 94, 10, 'Фотография', 'image', '', 75, NULL, 0, 1, 0, 1, 0, 0, 0, 1, 0, 0, 0, 0),
(1668, 98, 9, 'Фотография', 'image', '', 75, NULL, 0, 1, 0, 1, 0, 0, 0, 1, 0, 0, 0, 0),
(1669, 100, 9, 'Фотография', 'image', '', 75, NULL, 0, 1, 0, 1, 0, 0, 0, 1, 0, 0, 0, 0),
(1670, 43, 8, 'Добавлять подразделы в начало списка', 'addto', 'addto', 50, NULL, 0, 1, 0, 1, 0, 0, 1, 0, 0, 0, 0, 0),
(1671, 65, 8, 'Добавлять подразделы в начало списка', 'addto', 'addto', 50, NULL, 0, 1, 0, 1, 0, 0, 0, 1, 0, 0, 0, 0),
(1672, 67, 8, 'Добавлять подразделы в начало списка', 'addto', 'addto', 50, NULL, 0, 1, 0, 1, 0, 0, 0, 1, 0, 0, 0, 0),
(1673, 95, 8, 'Добавлять подразделы в начало списка', 'addto', 'addto', 50, NULL, 0, 1, 0, 1, 0, 0, 0, 1, 0, 0, 0, 0),
(1674, 97, 8, 'Добавлять подразделы в начало списка', 'addto', 'addto', 50, NULL, 0, 1, 0, 1, 0, 0, 0, 1, 0, 0, 0, 0),
(1675, 99, 8, 'Добавлять подразделы в начало списка', 'addto', 'addto', 50, NULL, 0, 1, 0, 1, 0, 0, 0, 1, 0, 0, 0, 0),
(1676, 101, 8, 'Добавлять подразделы в начало списка', 'addto', 'addto', 50, NULL, 0, 1, 0, 1, 0, 0, 0, 1, 0, 0, 0, 0),
(1677, 69, 8, 'Добавлять подразделы в начало списка', 'addto', 'addto', 50, NULL, 0, 1, 0, 1, 0, 0, 0, 1, 0, 0, 0, 0),
(1678, 71, 8, 'Добавлять подразделы в начало списка', 'addto', 'addto', 50, NULL, 0, 1, 0, 1, 0, 0, 0, 1, 0, 0, 0, 0),
(1679, 73, 8, 'Добавлять подразделы в начало списка', 'addto', 'addto', 50, NULL, 0, 1, 0, 1, 0, 0, 0, 1, 0, 0, 0, 0),
(1680, 75, 8, 'Добавлять подразделы в начало списка', 'addto', 'addto', 50, NULL, 0, 1, 0, 1, 0, 0, 0, 1, 0, 0, 0, 0),
(1681, 79, 8, 'Добавлять подразделы в начало списка', 'addto', 'addto', 50, NULL, 0, 1, 0, 1, 0, 0, 0, 1, 0, 0, 0, 0),
(1682, 82, 8, 'Добавлять подразделы в начало списка', 'addto', 'addto', 50, NULL, 0, 1, 0, 1, 0, 0, 0, 1, 0, 0, 0, 0),
(1683, 84, 8, 'Добавлять подразделы в начало списка', 'addto', 'addto', 50, NULL, 0, 1, 0, 1, 0, 0, 0, 1, 0, 0, 0, 0),
(1684, 106, 8, 'Добавлять подразделы в начало списка', 'addto', 'addto', 50, NULL, 0, 1, 0, 1, 0, 0, 0, 1, 0, 0, 0, 0),
(1685, 51, 5, 'Уникальный хэш пользователя', 'remember_me', '', 10, NULL, 0, 0, 0, 1, 0, 0, 0, 0, 0, 0, 0, 0),
(1780, 129, 1, 'Общее количество броней', 'booking_count', '', 40, NULL, 0, 0, 0, 1, 0, 0, 0, 0, 0, 0, 0, 0),
(1781, 129, 2, 'Количество выкупленных броней', 'buy_booking_count', '', 40, NULL, 0, 0, 0, 1, 0, 0, 0, 0, 0, 0, 0, 0),
(1782, 129, 3, 'Количество не выкупленных броней', 'no_buy_booking_count', '', 40, NULL, 0, 0, 0, 1, 0, 0, 0, 0, 0, 0, 0, 0),
(1783, 50, 15, 'Ограничение на кол-во бронируемых мест', 'place_limit', '', 40, NULL, 0, 0, 0, 1, 0, 0, 0, 0, 0, 0, 0, 0);

-- --------------------------------------------------------

--
-- Table structure for table `bagira_langs`
--

CREATE TABLE IF NOT EXISTS `bagira_langs` (
  `l_id` int(11) NOT NULL AUTO_INCREMENT,
  `l_name` varchar(30) NOT NULL,
  `l_prefix` varchar(5) NOT NULL,
  PRIMARY KEY (`l_id`)
) ENGINE=InnoDB  DEFAULT CHARSET=cp1251 AUTO_INCREMENT=2 ;

--
-- Dumping data for table `bagira_langs`
--

INSERT INTO `bagira_langs` (`l_id`, `l_name`, `l_prefix`) VALUES
(1, 'Русский', 'ru');

-- --------------------------------------------------------

--
-- Table structure for table `bagira_modules`
--

CREATE TABLE IF NOT EXISTS `bagira_modules` (
  `m_id` int(11) NOT NULL AUTO_INCREMENT,
  `m_name` varchar(30) DEFAULT '',
  `m_active` tinyint(1) DEFAULT '0',
  `m_sort` int(1) DEFAULT '0',
  PRIMARY KEY (`m_id`)
) ENGINE=InnoDB  DEFAULT CHARSET=cp1251 AUTO_INCREMENT=14 ;

--
-- Dumping data for table `bagira_modules`
--

INSERT INTO `bagira_modules` (`m_id`, `m_name`, `m_active`, `m_sort`) VALUES
(1, 'core', 1, 21),
(2, 'trash', 1, 17),
(3, 'structure', 1, 1),
(4, 'constructor', 1, 22),
(5, 'jornal', 1, 19),
(6, 'users', 1, 15),
(7, 'reference', 1, 13),
(8, 'feedback', 1, 5),
(9, 'search', 1, 11),
(10, 'subscription', 1, 9),
(11, 'eshop', 1, 3),
(12, 'comments', 1, 7),
(13, 'booking', 0, 2);

-- --------------------------------------------------------

--
-- Table structure for table `bagira_modules_rgu`
--

CREATE TABLE IF NOT EXISTS `bagira_modules_rgu` (
  `rgu_right_id` int(11) NOT NULL DEFAULT '0',
  `rgu_obj_id` int(11) NOT NULL DEFAULT '0',
  `rgu_value` int(1) NOT NULL DEFAULT '0',
  KEY `rgu_right_id` (`rgu_right_id`),
  KEY `rgu_obj_id` (`rgu_obj_id`)
) ENGINE=InnoDB DEFAULT CHARSET=cp1251;

--
-- Dumping data for table `bagira_modules_rgu`
--

INSERT INTO `bagira_modules_rgu` (`rgu_right_id`, `rgu_obj_id`, `rgu_value`) VALUES
(5, 32, 1),
(37, 32, 1),
(42, 32, 1),
(43, 32, 1),
(44, 32, 1),
(45, 32, 1),
(6, 32, 1),
(12, 32, 1),
(7, 32, 1),
(8, 32, 1),
(9, 32, 1),
(10, 32, 1),
(11, 32, 1),
(86, 32, 1),
(87, 32, 1),
(132, 32, 1),
(88, 32, 1),
(171, 32, 1),
(1, 32, 1),
(2, 32, 1),
(13, 32, 1),
(14, 32, 1),
(15, 32, 1),
(16, 32, 1),
(17, 32, 1),
(18, 32, 1),
(19, 32, 1),
(20, 32, 1),
(22, 32, 1),
(157, 32, 1),
(3, 32, 1),
(4, 32, 1),
(35, 32, 1),
(36, 32, 1),
(159, 32, 1),
(25, 32, 1),
(26, 32, 1),
(27, 32, 1),
(28, 32, 1),
(29, 32, 1),
(34, 32, 1),
(30, 32, 1),
(31, 32, 1),
(32, 32, 1),
(33, 32, 1),
(158, 32, 1),
(92, 32, 1),
(38, 32, 1),
(39, 32, 1),
(40, 32, 1),
(41, 32, 1),
(93, 32, 1),
(97, 32, 1),
(95, 32, 1),
(96, 32, 1),
(101, 32, 1),
(94, 32, 1),
(98, 32, 1),
(99, 32, 1),
(100, 32, 1),
(103, 32, 1),
(104, 32, 1),
(105, 32, 1),
(106, 32, 1),
(107, 32, 1),
(108, 32, 1),
(110, 32, 1),
(111, 32, 1),
(112, 32, 1),
(118, 32, 1),
(109, 32, 1),
(113, 32, 1),
(114, 32, 1),
(115, 32, 1),
(117, 32, 1),
(116, 32, 1),
(131, 32, 1),
(119, 32, 1),
(152, 32, 1),
(154, 32, 1),
(155, 32, 1),
(156, 32, 1),
(153, 32, 1),
(5, 1783, 1),
(37, 1783, 1),
(42, 1783, 1),
(43, 1783, 1),
(44, 1783, 1),
(45, 1783, 1),
(6, 1783, 1),
(12, 1783, 1),
(7, 1783, 1),
(8, 1783, 1),
(9, 1783, 1),
(10, 1783, 1),
(11, 1783, 1),
(86, 1783, 1),
(87, 1783, 1),
(132, 1783, 1),
(88, 1783, 1),
(171, 1783, 1),
(35, 1783, 1),
(36, 1783, 1),
(25, 1783, 1),
(26, 1783, 1),
(27, 1783, 1),
(28, 1783, 1),
(29, 1783, 1),
(34, 1783, 1),
(30, 1783, 1),
(31, 1783, 1),
(32, 1783, 1),
(33, 1783, 1),
(158, 1783, 1),
(92, 1783, 1),
(38, 1783, 1),
(39, 1783, 1),
(40, 1783, 1),
(41, 1783, 1),
(93, 1783, 1),
(97, 1783, 1),
(95, 1783, 1),
(96, 1783, 1),
(101, 1783, 1),
(94, 1783, 1),
(98, 1783, 1),
(99, 1783, 1),
(100, 1783, 1),
(103, 1783, 1),
(104, 1783, 1),
(105, 1783, 1),
(106, 1783, 1),
(107, 1783, 1),
(108, 1783, 1),
(110, 1783, 1),
(111, 1783, 1),
(112, 1783, 1),
(118, 1783, 1),
(109, 1783, 1),
(113, 1783, 1),
(114, 1783, 1),
(115, 1783, 1),
(117, 1783, 1),
(116, 1783, 1),
(131, 1783, 1),
(119, 1783, 1),
(152, 1783, 1),
(154, 1783, 1),
(155, 1783, 1),
(156, 1783, 1),
(153, 1783, 1);

-- --------------------------------------------------------

--
-- Table structure for table `bagira_modules_rights`
--

CREATE TABLE IF NOT EXISTS `bagira_modules_rights` (
  `mr_id` int(11) NOT NULL AUTO_INCREMENT,
  `mr_mod_id` int(11) DEFAULT '0',
  `mr_name` varchar(30) DEFAULT NULL,
  `mr_parent_id` int(11) DEFAULT NULL,
  `mr_is_default` tinyint(1) DEFAULT '0',
  `mr_lang_id` int(11) NOT NULL DEFAULT '0',
  `mr_domain_id` int(11) NOT NULL DEFAULT '0',
  PRIMARY KEY (`mr_id`),
  KEY `mr_mod_id` (`mr_mod_id`),
  KEY `mr_parent_id` (`mr_parent_id`)
) ENGINE=InnoDB  DEFAULT CHARSET=cp1251 AUTO_INCREMENT=172 ;

--
-- Dumping data for table `bagira_modules_rights`
--

INSERT INTO `bagira_modules_rights` (`mr_id`, `mr_mod_id`, `mr_name`, `mr_parent_id`, `mr_is_default`, `mr_lang_id`, `mr_domain_id`) VALUES
(1, 4, 'tree', NULL, 1, 0, 0),
(2, 4, 'class_upd', 1, 0, 0, 0),
(3, 4, 'class_add', 1, 0, 0, 0),
(4, 4, 'class_del', 1, 0, 0, 0),
(5, 1, 'change', NULL, 1, 0, 0),
(6, 3, 'settings', 45, 0, 1, 1),
(7, 3, 'page_upd', 12, 0, 1, 1),
(8, 3, 'page_add', 12, 0, 1, 1),
(9, 3, 'page_del', 12, 0, 1, 1),
(10, 3, 'page_act', 12, 0, 1, 1),
(11, 3, 'page_moveto', 12, 0, 1, 1),
(12, 3, 'tree', 45, 1, 1, 1),
(13, 4, 'fgroup_upd', 2, 0, 0, 0),
(14, 4, 'fgroup_add', 2, 0, 0, 0),
(15, 4, 'fgroup_del', 2, 0, 0, 0),
(16, 4, 'field_upd', 2, 0, 0, 0),
(17, 4, 'field_add', 2, 0, 0, 0),
(18, 4, 'field_del', 2, 0, 0, 0),
(19, 4, 'fgroup_moveto', 2, 0, 0, 0),
(20, 4, 'field_moveto', 2, 0, 0, 0),
(22, 4, 'separator_add', 2, 0, 0, 0),
(25, 6, 'grouplist', NULL, 1, 0, 0),
(26, 6, 'group_upd', 25, 0, 0, 0),
(27, 6, 'group_add', 25, 0, 0, 0),
(28, 6, 'group_del', 25, 0, 0, 0),
(29, 6, 'group_act', 25, 0, 0, 0),
(30, 6, 'user_act', 34, 0, 0, 0),
(31, 6, 'user_del', 34, 0, 0, 0),
(32, 6, 'user_add', 34, 0, 0, 0),
(33, 6, 'user_upd', 34, 0, 0, 0),
(34, 6, 'userlist', 25, 0, 0, 0),
(35, 5, 'system_view', NULL, 1, 0, 0),
(36, 5, 'db_view', NULL, 0, 0, 0),
(37, 1, 'profile', NULL, 0, 0, 0),
(38, 7, 'values', 92, 0, 0, 0),
(39, 7, 'val_upd', 38, 0, 0, 0),
(40, 7, 'val_add', 38, 0, 0, 0),
(41, 7, 'val_del', 38, 0, 0, 0),
(42, 2, 'list', NULL, 1, 0, 0),
(43, 2, 'object_restore', 42, 0, 0, 0),
(44, 2, 'object_del', 42, 0, 0, 0),
(45, 3, '1 1', NULL, 0, 0, 0),
(86, 3, 'page_history', 12, 0, 1, 1),
(87, 3, 'list', 12, 0, 1, 1),
(88, 3, 'minitext', 45, 0, 1, 1),
(92, 7, 'list', NULL, 1, 0, 0),
(93, 8, '1 1', NULL, 0, 0, 0),
(94, 8, 'settings', NULL, 0, 0, 0),
(95, 8, 'message_upd', 97, 0, 1, 1),
(96, 8, 'message_del', 97, 0, 1, 1),
(97, 8, 'list', 93, 1, 1, 1),
(98, 8, 'form_upd', 94, 0, 0, 0),
(99, 8, 'form_add', 94, 0, 0, 0),
(100, 8, 'form_del', 94, 0, 0, 0),
(101, 8, 'message_act', 97, 0, 1, 1),
(103, 9, 'index', NULL, 1, 1, 1),
(104, 10, 'list', NULL, 1, 0, 0),
(105, 10, 'subscribe_add', 104, 0, 0, 0),
(106, 10, 'subscribe_upd', 104, 0, 0, 0),
(107, 10, 'subscribe_del', 104, 0, 0, 0),
(108, 10, 'msg', 104, 0, 0, 0),
(109, 10, 'user', 104, 0, 0, 0),
(110, 10, 'msg_add', 108, 0, 0, 0),
(111, 10, 'msg_upd', 108, 0, 0, 0),
(112, 10, 'msg_del', 108, 0, 0, 0),
(113, 10, 'user_add', 109, 0, 0, 0),
(114, 10, 'user_upd', 109, 0, 0, 0),
(115, 10, 'user_del', 109, 0, 0, 0),
(116, 10, 'subscribe_act', 104, 0, 0, 0),
(117, 10, 'user_addlist', 109, 0, 0, 0),
(118, 10, 'msg_send', 108, 0, 0, 0),
(119, 10, 'settings', NULL, 0, 0, 0),
(131, 10, 'subscribe_history', 104, 0, 0, 0),
(132, 3, 'page_copy', 12, 0, 1, 1),
(133, 11, 'list', NULL, 1, 0, 0),
(134, 11, 'order_view', 133, 0, 0, 0),
(135, 11, 'state_del', 133, 0, 0, 0),
(139, 11, 'state', NULL, 0, 0, 0),
(140, 11, 'payment', NULL, 0, 0, 0),
(141, 11, 'delivery', NULL, 0, 0, 0),
(142, 11, 'state_add', 139, 0, 0, 0),
(143, 11, 'state_upd', 139, 0, 0, 0),
(144, 11, 'order_del', 139, 0, 0, 0),
(145, 11, 'payment_add', 140, 0, 0, 0),
(146, 11, 'payment_upd', 140, 0, 0, 0),
(147, 11, 'payment_del', 140, 0, 0, 0),
(148, 11, 'delivery_add', 141, 0, 0, 0),
(149, 11, 'delivery_upd', 141, 0, 0, 0),
(150, 11, 'delivery_del', 141, 0, 0, 0),
(151, 11, 'settings', NULL, 0, 1, 1),
(152, 12, 'list', NULL, 1, 0, 0),
(153, 12, 'settings', NULL, 0, 0, 0),
(154, 12, 'comment_upd', 152, 0, 0, 0),
(155, 12, 'comment_act', 152, 0, 0, 0),
(156, 12, 'comment_del', 152, 0, 0, 0),
(157, 4, 'separator_upd', 2, 0, 0, 0),
(158, 6, 'settings', NULL, 0, 0, 0),
(159, 5, 'delete', NULL, 0, 0, 0),
(160, 13, 'statistic', NULL, 1, 0, 0),
(161, 13, 'sync', NULL, 0, 0, 0),
(162, 13, 'session', NULL, 0, 0, 0),
(163, 13, 'hall', NULL, 0, 0, 0),
(164, 13, 'settings', NULL, 0, 0, 0),
(165, 13, 'hall_upd', 163, 0, 0, 0),
(166, 13, 'hall_act', 163, 0, 0, 0),
(167, 13, 'hall_del', 163, 0, 0, 0),
(168, 13, 'session_del', 162, 0, 0, 0),
(169, 13, 'users', NULL, 0, 0, 0),
(170, 13, 'users_view', 169, 0, 0, 0),
(171, 3, 'minitext_edit', 88, 0, 1, 1);

-- --------------------------------------------------------

--
-- Table structure for table `bagira_objects`
--

CREATE TABLE IF NOT EXISTS `bagira_objects` (
  `o_id` int(11) NOT NULL AUTO_INCREMENT,
  `o_name` varchar(255) NOT NULL,
  `o_class_id` int(11) NOT NULL,
  `o_create_date` datetime DEFAULT NULL,
  `o_change_date` datetime DEFAULT NULL,
  `o_to_trash` tinyint(1) NOT NULL,
  PRIMARY KEY (`o_id`),
  KEY `o_class_id` (`o_class_id`)
) ENGINE=InnoDB  DEFAULT CHARSET=cp1251 AUTO_INCREMENT=1786 ;

--
-- Dumping data for table `bagira_objects`
--

INSERT INTO `bagira_objects` (`o_id`, `o_name`, `o_class_id`, `o_create_date`, `o_change_date`, `o_to_trash`) VALUES
(29, 'Константин', 34, '2010-07-01 14:22:33', '2013-03-25 17:45:05', 0),
(30, 'мужчина', 35, '2010-07-01 14:29:47', '2011-06-07 08:22:44', 0),
(31, 'женщина', 35, '2010-07-01 14:29:57', '2011-06-07 08:22:44', 0),
(32, 'Супер администраторы', 33, '2010-07-01 14:30:10', '2013-01-18 13:43:15', 0),
(41, 'Пользователи сайта', 33, '2010-07-01 16:29:54', '2011-03-16 14:17:45', 0),
(43, 'Модераторы', 33, '2010-07-07 10:11:52', '2011-06-07 08:20:52', 0),
(48, 'Гости', 33, '2010-07-23 09:17:56', '2010-10-08 15:19:11', 0),
(60, 'Главная страница', 45, '2011-02-02 12:15:45', '2012-06-20 17:53:14', 0),
(72, 'Новости компании', 57, '2011-02-03 08:51:33', '2012-06-20 12:37:11', 0),
(338, 'Адреса и контакты', 45, '2011-02-11 03:52:45', '2011-07-18 12:16:35', 0),
(339, 'О магазине', 45, '2011-02-11 03:52:50', '2012-06-20 17:00:04', 0),
(340, 'Новости', 60, '2011-02-11 14:55:07', '2012-06-22 14:43:08', 0),
(345, 'Каталог товаров', 46, '2011-02-11 14:57:46', '2011-07-14 19:29:08', 0),
(346, 'Телевизоры', 46, '2011-02-11 14:58:03', '2012-06-22 14:43:38', 0),
(347, 'Стиральные машины', 46, '2011-02-11 14:58:19', '2012-06-22 14:43:41', 0),
(348, 'Кухоная техника', 46, '2011-02-11 14:58:35', '2012-06-22 14:43:45', 0),
(350, 'Вопрос ответ', 62, '2011-02-11 14:59:02', '2012-06-22 14:44:08', 0),
(357, 'news', 57, '2011-02-12 06:08:17', '2011-02-12 06:08:17', 0),
(358, 'sdafdsafasdfsa', 58, '2011-02-12 06:12:08', '2011-02-12 06:37:06', 0),
(361, 'Специальные предложения', 57, '2011-02-12 11:28:32', '2011-06-09 12:43:16', 0),
(393, 'sfgfgsfdg', 55, '2011-02-24 07:19:46', '2011-03-10 08:46:48', 0),
(394, 'dfgfdgfdg', 55, '2011-02-24 07:19:56', '2011-03-10 08:46:48', 0),
(1537, 'sdasd@asdsd.ru', 59, '2011-02-28 05:52:29', '2011-02-28 05:53:44', 0),
(1568, 'Статьи', 60, '2011-03-17 15:40:13', '2012-06-22 14:43:03', 0),
(1569, 'Оплата и доставка', 45, '2011-03-17 15:40:58', '2012-06-22 15:15:25', 0),
(1570, 'Фотогалерея', 61, '2011-03-17 15:41:21', '2011-06-02 08:28:15', 0),
(1571, 'Опросы', 45, '2011-03-17 17:15:02', '2012-06-20 18:00:30', 0),
(1572, 'Сколько времени вы тратите на поиск свободного времени?', 53, '2011-03-17 17:16:32', '2011-06-07 08:25:26', 0),
(1573, 'Очень много', 55, '2011-03-17 17:16:32', '2011-07-15 16:46:36', 0),
(1574, 'Чуть меньше, чем очень', 55, '2011-03-17 17:16:39', '2011-03-18 23:25:22', 0),
(1575, 'Да я пойду посплю лучше', 55, '2011-03-17 17:16:44', '2011-07-14 19:54:11', 0),
(1576, 'Немного, оно обычно за ухом лежит', 55, '2011-03-17 17:16:52', '2011-07-14 19:45:39', 0),
(1577, 'Я классный', 55, '2011-03-17 17:16:58', '2012-06-22 14:33:13', 0),
(1578, 'Важный мелкий текст', 45, '2011-03-17 17:36:19', '2011-08-23 10:11:04', 0),
(1579, 'Меган Фокс присматривается к фильму Джудда Апатоу', 47, '2011-03-17 17:55:18', '2011-06-21 14:38:32', 0),
(1581, 'Завершается отбор работ на фестиваль Art of Remake', 47, '2011-03-17 18:01:44', '2011-05-03 04:53:24', 0),
(1582, 'О магазине', 45, '2011-03-17 18:04:32', '2011-03-17 18:04:32', 0),
(1583, 'Оплата и доставка', 45, '2011-03-17 18:04:56', '2011-03-17 18:04:56', 0),
(1584, 'Фотогаллерея', 45, '2011-03-17 18:05:17', '2011-03-17 18:05:17', 0),
(1585, 'Схема проезда', 45, '2011-03-17 18:05:39', '2011-03-17 18:05:39', 0),
(1586, 'Как нас найти', 45, '2011-03-17 18:11:51', '2011-03-17 18:11:51', 0),
(1590, 'Самолеты', 61, '2011-03-17 18:37:56', '2012-06-22 14:43:57', 0),
(1597, 'Фотография 7', 48, '2011-03-17 22:51:47', '2011-03-17 22:51:47', 0),
(1598, 'Фотография 8', 48, '2011-03-17 22:52:07', '2011-03-17 22:52:07', 0),
(1600, 'Фотография 10', 48, '2011-03-17 22:52:49', '2011-06-07 08:28:50', 0),
(1601, 'Зеленые луга', 61, '2011-03-17 22:55:27', '2012-06-22 14:44:02', 0),
(1602, 'Фотография 1', 48, '2011-03-17 22:55:53', '2011-03-17 22:55:53', 0),
(1603, 'Фотография 2', 48, '2011-03-17 22:56:14', '2011-03-17 22:56:14', 0),
(1611, 'Обзор мобильной ОС Windows Phone', 47, '2011-03-17 23:39:50', '2011-06-22 09:24:00', 0),
(1612, 'Станислав Загорский', 51, '2011-03-17 23:44:26', '2011-06-22 08:48:45', 0),
(1613, 'Вопрос ответ', 56, '2011-03-18 08:29:37', '2012-06-20 16:20:49', 0),
(1624, 'Новое', 46, '2011-03-18 12:29:16', '2012-07-06 13:23:55', 0),
(1625, 'Суперпредложения', 46, '2011-03-18 12:29:38', '2012-06-22 14:43:25', 0),
(1626, 'Новинки', 46, '2011-03-18 12:29:45', '2012-06-22 14:43:31', 0),
(1627, 'Лидеры продаж', 46, '2011-03-18 12:29:53', '2012-06-22 14:43:34', 0),
(1628, 'Sony SLT-A33L + объектив 18-55', 66, '2011-03-18 12:32:44', '2011-08-23 18:06:10', 0),
(1629, 'Nokia N8 dark grey', 66, '2011-03-18 13:46:33', '2012-06-20 18:00:14', 0),
(1630, 'Acer Aspire 1830TZ-U542G25iss', 66, '2011-03-18 13:48:48', '2012-06-20 18:00:24', 0),
(1631, 'ASUS Eee PC 1015PЕM', 66, '2011-03-18 13:49:24', '2011-07-15 17:41:09', 0),
(1632, 'Thomas 788535 Twin TT Aquafilter', 66, '2011-03-18 13:50:10', '2011-07-15 17:41:10', 0),
(1633, 'Комплект Wharfedale Obsidian 600 Cinema Pack, wenge', 66, '2011-03-18 14:52:42', '2011-07-06 13:35:38', 0),
(1634, 'Samsung HT-C9950W', 66, '2011-03-18 14:57:42', '2011-06-22 12:04:04', 0),
(1635, 'Canon PowerShot S95', 66, '2011-03-18 15:00:55', '2011-06-17 11:48:38', 0),
(1636, 'JJ-Connect AutoNavigator 2100 Wide Россия', 66, '2011-03-18 15:07:12', '2011-06-17 11:48:58', 0),
(1637, 'LG GW-B207FVQA', 66, '2011-03-18 15:09:15', '2011-06-17 11:49:12', 0),
(1638, 'Gorenje MO 20 DS II', 66, '2011-03-18 15:10:17', '2011-06-17 11:49:26', 0),
(1639, 'Фотография 1', 48, '2011-03-18 15:21:22', '2011-03-18 15:21:22', 0),
(1640, 'Фотография 2', 48, '2011-03-18 15:21:47', '2011-03-18 15:21:47', 0),
(1641, 'Фотография 3', 48, '2011-03-18 15:21:59', '2011-03-18 15:21:59', 0),
(1642, 'Фотография 4', 48, '2011-03-18 15:22:11', '2011-06-22 09:00:17', 0),
(1643, 'Фотография 1', 48, '2011-03-18 16:14:20', '2012-06-20 18:00:22', 0),
(1644, 'Фотография 2', 48, '2011-03-18 16:14:32', '2012-06-20 18:00:20', 0),
(1645, 'Фотография 1', 48, '2011-03-18 16:14:43', '2011-03-18 16:14:43', 0),
(1646, 'Комплект Wharfedale Obsidian 600 Cinema Pack, wenge', 66, '2011-03-18 22:35:43', '2011-08-30 16:10:50', 0),
(1647, 'Фотография 1', 48, '2011-03-18 22:35:43', '2011-03-18 22:35:43', 0),
(1648, 'Samsung HT-C9950W', 66, '2011-03-18 22:35:49', '2011-06-22 12:01:43', 0),
(1649, 'Canon PowerShot S95', 66, '2011-03-18 22:35:51', '2011-07-15 17:40:46', 0),
(1664, 'Ожидание', 69, '2011-04-26 09:37:23', '2011-05-05 07:22:26', 0),
(1666, 'Проверка', 69, '2011-04-26 09:38:28', '2011-05-10 03:14:35', 0),
(1667, 'Отправка', 69, '2011-04-26 09:38:40', '2011-05-10 03:14:28', 0),
(1670, 'Самовывоз', 71, '2011-04-26 09:51:33', '2011-04-26 09:52:24', 0),
(1671, 'Доставка по Омской области', 71, '2011-04-26 09:52:14', '2011-05-03 05:19:05', 0),
(1678, 'Наличными', 70, '2011-04-26 09:56:06', '2011-04-26 09:56:06', 0),
(1679, 'Квитанция Сбербанка', 70, '2011-04-26 09:56:15', '2011-04-26 09:56:15', 0),
(1680, 'Безналичный расчет', 70, '2011-04-26 09:56:24', '2011-04-26 09:56:24', 0),
(1681, 'Электронные деньги', 70, '2011-04-26 09:56:31', '2011-04-26 09:56:31', 0),
(1685, '2', 68, '2011-05-04 03:10:48', '2011-05-04 03:10:48', 0),
(1686, '', 72, '2011-05-04 03:10:48', '2011-05-04 03:10:48', 0),
(1687, '', 72, '2011-05-04 03:10:48', '2011-05-04 03:10:48', 0),
(1693, '5', 68, '2011-05-05 07:24:06', '2011-05-05 07:24:06', 0),
(1694, '', 72, '2011-05-05 07:24:06', '2011-05-05 07:24:06', 0),
(1695, '', 72, '2011-05-05 07:24:06', '2011-05-05 07:24:06', 0),
(1696, '6', 68, '2011-05-05 07:24:42', '2011-05-05 07:24:42', 0),
(1697, '', 72, '2011-05-05 07:24:42', '2011-05-05 07:24:42', 0),
(1698, '', 72, '2011-05-05 07:24:42', '2011-05-05 07:24:42', 0),
(1699, '7', 68, '2011-05-05 07:26:38', '2011-05-05 07:26:38', 0),
(1700, '', 72, '2011-05-05 07:26:38', '2011-05-05 07:26:38', 0),
(1703, '9', 68, '2011-05-05 07:39:37', '2011-05-10 03:02:32', 0),
(1704, '', 72, '2011-05-05 07:39:37', '2011-05-05 07:39:37', 0),
(1705, '', 72, '2011-05-05 07:39:37', '2011-05-05 07:39:37', 0),
(1706, '10', 68, '2011-05-05 07:43:34', '2011-05-10 03:31:24', 0),
(1707, '', 72, '2011-05-05 07:43:34', '2011-05-10 03:31:24', 0),
(1708, '', 72, '2011-05-05 07:43:35', '2011-05-10 03:31:24', 0),
(1709, '', 72, '2011-05-05 07:43:35', '2011-05-10 03:31:24', 0),
(1712, 'Новости от 09.06.2011', 58, '2011-06-03 03:30:29', '2011-08-17 15:18:20', 0),
(1713, 'Условия регистрации для пользователей', 45, '2011-06-03 08:32:53', '2011-06-03 08:35:05', 0),
(1731, 'Россия', 74, '2011-06-17 11:15:05', '2011-06-17 11:15:05', 0),
(1732, '6 месяцев', 73, '2011-06-17 11:15:05', '2011-06-17 11:15:05', 0),
(1733, 'Китай', 74, '2011-06-17 11:15:17', '2011-06-17 11:15:17', 0),
(1734, '1 год', 73, '2011-06-17 11:15:17', '2011-06-17 11:15:17', 0),
(1735, 'Корея', 74, '2011-06-17 11:15:36', '2011-06-17 11:15:36', 0),
(1736, '2 года', 73, '2011-06-17 11:15:36', '2011-06-17 11:15:36', 0),
(1737, '3 года', 73, '2011-06-17 11:15:42', '2011-06-17 11:15:42', 0),
(1738, 'Черный', 75, '2011-06-17 11:28:25', '2011-06-17 11:28:28', 0),
(1739, 'Белый', 75, '2011-06-17 11:28:25', '2011-06-17 11:28:28', 0),
(1740, 'Красный', 75, '2011-06-17 11:28:25', '2011-06-17 11:28:28', 0),
(1741, 'Синий', 75, '2011-06-17 11:28:25', '2011-06-17 11:28:28', 0),
(1742, 'Зеленный', 75, '2011-06-17 11:28:25', '2011-06-17 11:28:28', 0),
(1743, 'Желтый', 75, '2011-06-17 11:28:25', '2011-06-17 11:28:28', 0),
(1744, 'Металлик', 75, '2011-06-17 11:28:25', '2011-06-17 11:28:28', 0),
(1745, 'Отзыв о товаре', 56, '2011-06-20 10:42:22', '2012-06-20 16:20:57', 0),
(1749, 'Иванов Иван', 52, '2011-06-20 16:35:06', '2011-06-22 09:25:59', 0),
(1752, 'Кирилл Наумов', 52, '2011-06-20 17:45:48', '2011-06-22 09:25:37', 0),
(1757, 'Иванов Иван', 51, '2011-06-21 13:11:26', '2011-06-22 08:52:42', 0),
(1758, '10', 68, '2011-06-21 16:20:57', '2011-06-21 16:20:57', 0),
(1759, '', 72, '2011-06-21 16:20:57', '2011-06-21 16:20:57', 0),
(1760, 'Лилия Ивановна', 51, '2011-06-22 08:50:03', '2011-06-22 08:50:03', 0),
(1761, 'Даша Зверева', 51, '2011-06-22 08:51:02', '2011-06-22 08:51:02', 0),
(1762, 'Иван Маерский', 51, '2011-06-22 08:51:38', '2011-06-22 08:51:38', 0),
(1763, 'Виктор Гинзбург: «Я выстрадал каждую букву сценария»', 47, '2011-06-22 09:06:23', '2011-06-22 09:17:23', 0),
(1764, 'Школа. Мистерия расставания', 47, '2011-06-22 09:07:26', '2011-06-22 09:18:54', 0),
(1765, 'Библиотека Конгресса США открыла Музыкальный автомат', 47, '2011-06-22 09:10:10', '2011-06-22 09:30:54', 0),
(1766, 'Disney – это Disney, а Pixar – это Pixar', 47, '2011-06-22 09:11:30', '2011-06-22 09:17:02', 0),
(1774, 'вфывыфвф', 75, '2011-08-26 15:38:50', '2011-08-26 15:38:50', 0),
(1775, 'hghghgh', 74, '2011-08-26 15:47:21', '2011-08-26 15:47:21', 0),
(1778, 'fsdfg', 45, '2012-06-22 14:51:02', '2012-06-22 14:51:02', 0),
(1780, 'asdf', 48, '2012-06-22 14:55:17', '2012-06-22 14:55:17', 0),
(1782, '1234554', 45, '2012-06-22 14:57:48', '2012-06-22 14:57:48', 0),
(1783, 'Администраторы', 33, '2012-12-19 13:57:51', '2013-01-21 15:10:38', 0),
(1784, 'asdf', 45, '2012-12-24 16:03:37', '2012-12-24 16:03:37', 1),
(1785, 'dsfadf', 45, '2012-12-24 16:24:24', '2012-12-24 16:24:24', 1);

-- --------------------------------------------------------

--
-- Table structure for table `bagira_pages`
--

CREATE TABLE IF NOT EXISTS `bagira_pages` (
  `p_obj_id` int(11) NOT NULL,
  `active` tinyint(1) DEFAULT NULL,
  `is_home_page` tinyint(1) DEFAULT NULL,
  `view_in_menu` tinyint(1) DEFAULT NULL,
  `view_submenu` tinyint(1) NOT NULL,
  `in_search` tinyint(1) DEFAULT NULL,
  `in_index` tinyint(1) DEFAULT NULL,
  `in_new_window` tinyint(1) NOT NULL DEFAULT '0',
  `title` varchar(255) DEFAULT NULL,
  `h1` varchar(255) DEFAULT NULL,
  `pseudo_url` varchar(80) DEFAULT NULL,
  `keywords` varchar(255) DEFAULT NULL,
  `description` varchar(255) DEFAULT NULL,
  `number_of_items` int(11) NOT NULL,
  `order_by` varchar(50) NOT NULL,
  `img_h1` varchar(50) DEFAULT NULL,
  `img_act` varchar(50) DEFAULT NULL,
  `img_no_act` varchar(50) DEFAULT NULL,
  `other_link` varchar(255) NOT NULL,
  `lang_id` int(11) NOT NULL,
  `template_id` int(11) NOT NULL,
  `template2_id` int(11) DEFAULT NULL,
  `domain_id` int(11) NOT NULL,
  KEY `p_obj_id` (`p_obj_id`),
  KEY `lang_id` (`lang_id`),
  KEY `template_id` (`template_id`),
  KEY `domain_id` (`domain_id`),
  KEY `bagira_pages_fk4` (`template2_id`)
) ENGINE=InnoDB DEFAULT CHARSET=cp1251;

--
-- Dumping data for table `bagira_pages`
--

INSERT INTO `bagira_pages` (`p_obj_id`, `active`, `is_home_page`, `view_in_menu`, `view_submenu`, `in_search`, `in_index`, `in_new_window`, `title`, `h1`, `pseudo_url`, `keywords`, `description`, `number_of_items`, `order_by`, `img_h1`, `img_act`, `img_no_act`, `other_link`, `lang_id`, `template_id`, `template2_id`, `domain_id`) VALUES
(60, 1, 1, 0, 1, 1, 1, 0, 'Главная страница', 'Главная страница', 'glavnaya-stranitsa', '', '', 0, '', '', '', '', '', 1, 21, 20, 1),
(338, 1, 0, 1, 1, 1, 1, 1, 'Адреса и контакты', 'Адреса и контакты', 'adresa-i-kontakty', '', '', 0, '', '', '/upload/image/2e507276d797.jpg', '', '', 1, 39, 20, 1),
(339, 1, 0, 1, 1, 1, 1, 0, 'О магазине', 'О магазине', 'o-magazine', '', '', 0, '', '', '', '', '', 1, 1, 20, 1),
(340, 1, 0, 1, 1, 1, 1, 0, 'Новости', 'Новости', 'news', '', '', 0, 'publ_date DESC', '', '', '', '', 1, 1, 22, 1),
(345, 1, 0, 1, 1, 1, 1, 0, 'Каталог товаров', 'Каталог товаров', 'catalog', '', '', 0, '', '', '', '', '', 1, 45, 36, 1),
(346, 1, 0, 1, 1, 1, 1, 0, 'Телевизоры', 'Телевизоры', 'televizory', '', '', 10, '', '', '', '', '', 1, 45, 36, 1),
(347, 1, 0, 1, 1, 1, 1, 0, 'Стиральные машины', 'Стиральные машины', 'stiralnye-mashiny', '', '', 10, '', '', '', '', '', 1, 45, 36, 1),
(348, 1, 0, 1, 1, 1, 1, 0, 'Кухоная техника', 'Кухоная техника', 'kuhonaya-tehnika', '', '', 10, '', '', '', '', '', 1, 45, 36, 1),
(350, 1, 0, 1, 1, 1, 1, 0, 'Вопрос ответ', 'Вопрос ответ', 'faq', '', '', 10, '', '', '', '', '', 1, 1, 34, 1),
(1568, 1, 0, 1, 1, 1, 1, 0, 'Статьи', 'Статьи', 'article', '', '', 0, '', '', '', '', '', 1, 1, 22, 1),
(1569, 1, 0, 1, 1, 1, 1, 0, 'Оплата и доставка', 'Оплата и доставка', 'oplata-i-dostavka', '', '', 0, '', '', '', '', '', 1, 1, 20, 1),
(1570, 1, 0, 1, 1, 1, 1, 0, 'Фотогалерея', 'Фотогалерея', 'fotogalereya', '', '', 0, '', '', '', '', '', 1, 40, 41, 1),
(1571, 1, 0, 0, 1, 1, 1, 0, 'Опросы', 'Опросы', 'oprosy', '', '', 0, '', '', '', '', '', 1, 1, 20, 1),
(1572, 1, 0, 1, 1, 1, 1, 0, 'Сколько времени вы тратите на поиск свободного времени?', 'Сколько времени вы тратите на поиск свободного времени?', '1572', '', '', 0, '', '', '', '', '', 1, 1, 20, 1),
(1578, 1, 0, 0, 1, 1, 1, 0, 'Важный мелкий текст', 'Важный мелкий текст', 'vazhnyy-melkiy-tekst', '', '', 0, '', '', '', '', '', 1, 1, 20, 1),
(1579, 1, 0, 1, 1, 1, 1, 0, 'Меган Фокс присматривается к фильму Джудда Апатоу', 'Меган Фокс присматривается к фильму Джудда Апатоу', '1579', '', '', 0, '', '', '', '', '', 1, 1, 22, 1),
(1581, 1, 0, 1, 1, 1, 1, 0, 'Завершается отбор работ на фестиваль Art of Remake', 'Завершается отбор работ на фестиваль Art of Remake', '1581', '', '', 0, '', '', '', '', '', 1, 1, 22, 1),
(1582, 1, 0, 1, 1, 1, 1, 0, 'О магазине', 'О магазине', 'o-magazine', '', '', 0, '', '', '', '', '/o-magazine', 1, 1, 20, 1),
(1583, 1, 0, 1, 1, 1, 1, 0, 'Оплата и доставка', 'Оплата и доставка', 'oplata-i-dostavka', '', '', 0, '', '', '', '', '/oplata-i-dostavka', 1, 1, 20, 1),
(1584, 1, 0, 1, 1, 1, 1, 0, 'Фотогаллерея', 'Фотогаллерея', 'fotogallereya', '', '', 0, '', '', '', '', '/fotogalereya', 1, 1, 20, 1),
(1585, 1, 0, 1, 1, 1, 1, 0, 'Схема проезда', 'Схема проезда', 'shema-proezda', '', '', 0, '', '', '', '', '/adresa-i-kontakty', 1, 1, 20, 1),
(1586, 1, 0, 1, 1, 1, 1, 0, 'Как нас найти', 'Как нас найти', 'kak-nas-nayti', '', '', 0, '', '', '', '', '', 1, 39, 20, 1),
(1590, 1, 0, 1, 1, 1, 1, 0, 'Самолеты', 'Самолеты', 'samolety', '', '', 0, '', '', '', '', '', 1, 43, 42, 1),
(1597, 1, 0, 1, 1, 1, 1, 0, 'Фотография 7', 'Фотография 7', 'fotografiya-7', '', '', 0, '', '', '', '', '', 1, 40, 42, 1),
(1598, 1, 0, 1, 1, 1, 1, 0, 'Фотография 8', 'Фотография 8', 'fotografiya-8', '', '', 0, '', '', '', '', '', 1, 40, 42, 1),
(1600, 1, 0, 1, 1, 1, 1, 0, 'Фотография 10', 'Фотография 10', 'fotografiya-10', '', '', 0, '', '', '', '', '', 1, 40, 42, 1),
(1601, 1, 0, 1, 1, 1, 1, 0, 'Зеленые луга', 'Зеленые луга', 'zelenye-luga', '', '', 0, '', '', '', '', '', 1, 43, 42, 1),
(1602, 1, 0, 1, 1, 1, 1, 0, 'Фотография 1', 'Фотография 1', 'fotografiya-1', '', '', 0, '', '', '', '', '', 1, 43, 42, 1),
(1603, 1, 0, 1, 1, 1, 1, 0, 'Фотография 2', 'Фотография 2', 'fotografiya-2', '', '', 0, '', '', '', '', '', 1, 43, 42, 1),
(1611, 1, 0, 1, 1, 1, 1, 0, 'Обзор мобильной ОС Windows Phone', 'Обзор мобильной ОС Windows Phone', '1611', '', '', 0, '', '', '', '', '', 1, 1, 22, 1),
(1612, 1, 0, 1, 1, 1, 1, 0, 'Станислав Загорский', 'Станислав Загорский', '1612', '', '', 0, '', '', '', '', '', 1, 1, 34, 1),
(1624, 1, 0, 0, 1, 1, 1, 0, 'Новое', 'Новое', 'spec', '', '', 0, '', '', '', '', '', 1, 45, 36, 1),
(1625, 1, 0, 1, 1, 1, 1, 0, 'Суперпредложения', 'Суперпредложения', 'super', '', '', 0, '', '', '', '', '', 1, 45, 36, 1),
(1626, 1, 0, 1, 1, 1, 1, 0, 'Новинки', 'Новинки', 'new', '', '', 0, '', '', '', '', '', 1, 45, 36, 1),
(1627, 1, 0, 1, 1, 1, 1, 0, 'Лидеры продаж', 'Лидеры продаж', 'bestsellers', '', '', 0, '', '', '', '', '', 1, 45, 36, 1),
(1628, 1, 0, 1, 1, 1, 1, 0, 'Sony SLT-A33L + объектив 18-55', 'Sony SLT-A33L + объектив 18-55', 'sony-slt-a33lobektiv-18-55', '', '', 0, '', '', '', '', '', 1, 45, 36, 1),
(1629, 1, 0, 1, 1, 1, 1, 0, 'Nokia N8 dark grey', 'Nokia N8 dark grey', 'nokia-n8-dark-grey', '', '', 0, '', '', '', '', '', 1, 45, 36, 1),
(1630, 1, 0, 1, 1, 1, 1, 0, 'Acer Aspire 1830TZ-U542G25iss', 'Acer Aspire 1830TZ-U542G25iss', 'acer-aspire-1830tz-u542g25iss', '', '', 0, '', '', '', '', '', 1, 45, 36, 1),
(1631, 1, 0, 1, 1, 1, 1, 0, 'ASUS Eee PC 1015PЕM', 'ASUS Eee PC 1015PЕM', 'asus-eee-pc-1015pem', '', '', 0, '', '', '', '', '', 1, 45, 36, 1),
(1632, 1, 0, 1, 1, 1, 1, 0, 'Thomas 788535 Twin TT Aquafilter', 'Thomas 788535 Twin TT Aquafilter', '1632', '', '', 0, '', '', '', '', '', 1, 45, 36, 1),
(1633, 1, 0, 1, 1, 1, 1, 0, 'Комплект Wharfedale Obsidian 600 Cinema Pack, wenge', 'Комплект Wharfedale Obsidian 600 Cinema Pack, wenge', '1633', '', '', 0, '', '', '', '', '', 1, 45, 36, 1),
(1634, 1, 0, 1, 1, 1, 1, 0, 'Samsung HT-C9950W', 'Samsung HT-C9950W', 'samsung-ht-c9950w', '', '', 0, '', '', '', '', '', 1, 45, 36, 1),
(1635, 1, 0, 1, 1, 1, 1, 0, 'Canon PowerShot S95', 'Canon PowerShot S95', 'canon-powershot-s95', '', '', 0, '', '', '', '', '', 1, 45, 36, 1),
(1636, 1, 0, 1, 1, 1, 1, 0, 'JJ-Connect AutoNavigator 2100 Wide Россия', 'JJ-Connect AutoNavigator 2100 Wide Россия', '1636', '', '', 0, '', '', '', '', '', 1, 45, 36, 1),
(1637, 1, 0, 1, 1, 1, 1, 0, 'LG GW-B207FVQA', 'LG GW-B207FVQA', 'lg-gw-b207fvqa', '', '', 0, '', '', '', '', '', 1, 45, 36, 1),
(1638, 1, 0, 1, 1, 1, 1, 0, 'Gorenje MO 20 DS II', 'Gorenje MO 20 DS II', 'gorenje-mo-20-ds-ii', '', '', 0, '', '', '', '', '', 1, 45, 36, 1),
(1639, 1, 0, 1, 1, 1, 1, 0, 'Фотография 1', 'Фотография 1', 'fotografiya-1', '', '', 0, '', '', '', '', '', 1, 45, 36, 1),
(1640, 1, 0, 1, 1, 1, 1, 0, 'Фотография 2', 'Фотография 2', 'fotografiya-2', '', '', 0, '', '', '', '', '', 1, 45, 36, 1),
(1641, 1, 0, 1, 1, 1, 1, 0, 'Фотография 3', 'Фотография 3', 'fotografiya-3', '', '', 0, '', '', '', '', '', 1, 45, 36, 1),
(1642, 1, 0, 1, 1, 1, 1, 0, 'Фотография 4', 'Фотография 4', 'fotografiya-4', '', '', 0, '', '', '', '', '', 1, 45, 36, 1),
(1643, 1, 0, 1, 1, 1, 1, 0, 'Фотография 1', 'Фотография 1', 'fotografiya-1', '', '', 0, '', '', '', '', '', 1, 45, 36, 1),
(1644, 1, 0, 1, 1, 1, 1, 0, 'Фотография 2', 'Фотография 2', 'fotografiya-2', '', '', 0, '', '', '', '', '', 1, 45, 36, 1),
(1645, 1, 0, 1, 1, 1, 1, 0, 'Фотография 1', 'Фотография 1', 'fotografiya-1', '', '', 0, '', '', '', '', '', 1, 45, 36, 1),
(1646, 1, 0, 1, 1, 1, 1, 0, 'Комплект Wharfedale Obsidian 600 Cinema Pack, wenge', 'Комплект Wharfedale Obsidian 600 Cinema Pack, wenge', '16333607', '', '', 0, '', '', '', '', '', 1, 45, 36, 1),
(1647, 1, 0, 1, 1, 1, 1, 0, 'Фотография 1', 'Фотография 1', 'fotografiya-1', '', '', 0, '', '', '', '', '', 1, 45, 36, 1),
(1648, 1, 0, 1, 1, 1, 1, 0, 'Samsung HT-C9950W', 'Samsung HT-C9950W', 'samsung-ht-c9950w4275', '', '', 0, '', '', '', '', '', 1, 45, 36, 1),
(1649, 1, 0, 1, 1, 1, 1, 0, 'Canon PowerShot S95', 'Canon PowerShot S95', 'canon-powershot-s951598', '', '', 0, '', '', '', '', '', 1, 45, 36, 1),
(1713, 1, 0, 0, 1, 1, 1, 0, 'Условия регистрации для пользователей', 'Условия регистрации для пользователей', 'offer', '', '', 0, '', '', '', '', '', 1, 1, NULL, 1),
(1749, 1, 0, 1, 1, 1, 1, 0, 'Иванов2 Иван', 'Иванов2 Иван', '1749', NULL, NULL, 0, '', NULL, NULL, NULL, '', 1, 1, NULL, 1),
(1752, 1, 0, 1, 1, 1, 1, 0, 'Иванов2 Иван', 'Иванов2 Иван', '1752', NULL, NULL, 0, '', NULL, NULL, NULL, '', 1, 1, NULL, 1),
(1757, 1, 0, 1, 1, 1, 1, 0, 'Иванов2 Иван', 'Иванов2 Иван', '1757', '', '', 0, '', '', '', '', '', 1, 1, NULL, 1),
(1760, 1, 0, 1, 1, 1, 1, 0, 'Лилия Ивановна', 'Лилия Ивановна', 'liliya-ivanovna', '', '', 0, '', '', '', '', '', 1, 1, 34, 1),
(1761, 1, 0, 1, 1, 1, 1, 0, 'Даша Зверева', 'Даша Зверева', 'dasha-zvereva', '', '', 0, '', '', '', '', '', 1, 1, 34, 1),
(1762, 1, 0, 1, 1, 1, 1, 0, 'Иван Маерский', 'Иван Маерский', 'ivan-maerskiy', '', '', 0, '', '', '', '', '', 1, 1, 34, 1),
(1763, 1, 0, 1, 1, 1, 1, 0, 'Виктор Гинзбург: «Я выстрадал каждую букву сценария»', 'Виктор Гинзбург: «Я выстрадал каждую букву сценария»', '1763', '', '', 0, '', '', '', '', '', 1, 1, 22, 1),
(1764, 1, 0, 1, 1, 1, 1, 0, 'Школа. Мистерия расставания', 'Школа. Мистерия расставания', 'shkola-misteriya-rasstavaniya', '', '', 0, '', '', '', '', '', 1, 1, 22, 1),
(1765, 1, 0, 1, 1, 1, 1, 0, 'Библиотека Конгресса США открыла Музыкальный автомат', 'Библиотека Конгресса США открыла Музыкальный автомат', '1765', '', '', 0, '', '', '', '', '', 1, 1, 22, 1),
(1766, 1, 0, 1, 1, 1, 1, 0, 'Disney – это Disney, а Pixar – это Pixar', 'Disney – это Disney, а Pixar – это Pixar', '1766', '', '', 0, '', '', '', '', '', 1, 1, 22, 1),
(1784, 1, 0, 1, 1, 1, 1, 0, 'asdf', 'asdf', 'asdf', '', '', 0, '', '', '', '', '', 1, 1, 20, 1),
(1785, 1, 0, 1, 1, 1, 1, 0, 'dsfadf', 'dsfadf', 'dsfadf', '', '', 0, '', '', '', '', '', 1, 1, 20, 1);

-- --------------------------------------------------------

--
-- Table structure for table `bagira_register`
--

CREATE TABLE IF NOT EXISTS `bagira_register` (
  `r_id` int(11) NOT NULL AUTO_INCREMENT,
  `r_section_id` int(11) NOT NULL DEFAULT '0',
  `r_key` varchar(200) NOT NULL DEFAULT '',
  `r_value` varchar(255) DEFAULT NULL,
  `r_description` varchar(255) DEFAULT NULL,
  PRIMARY KEY (`r_id`),
  KEY `r_section_id` (`r_section_id`)
) ENGINE=InnoDB  DEFAULT CHARSET=cp1251 AUTO_INCREMENT=1302 ;

--
-- Dumping data for table `bagira_register`
--

INSERT INTO `bagira_register` (`r_id`, `r_section_id`, `r_key`, `r_value`, `r_description`) VALUES
(1, 0, 'core', '', ''),
(8, 1, 'gzip', '', ''),
(9, 0, 'users', '', ''),
(11, 9, 'reg', '1', ''),
(13, 0, 'structure', '', ''),
(14, 13, '1', '', ''),
(15, 14, '1', '', ''),
(16, 15, 'title_prefix', '%text% | B Mart - магазин вымышленных товаров', ''),
(17, 15, 'keywords', '', ''),
(18, 15, 'description', '', ''),
(19, 15, 'cur_date', '0', ''),
(20, 15, 'no_view_no_edit', '', ''),
(253, 9, 'activation', '1', ''),
(254, 1, 'delToTrash', '1', ''),
(255, 9, 'errorCountCapcha', '3', ''),
(256, 9, 'errorCountBlock', '10', ''),
(388, 14, 'cur_date', '', ''),
(535, 15, 'view_as_catalog', '1', ''),
(543, 15, 'view_as_tree', '1', ''),
(700, 15, 'minitext', '', ''),
(701, 1, 'watermark', '', ''),
(717, 1, 'scaleBigJpeg', '1', ''),
(718, 1, 'sizeBigJpeg', '2000', ''),
(992, 1, 'noIE6', '1', ''),
(1118, 0, 'search', '', ''),
(1119, 1118, '1', '', ''),
(1120, 1119, '1', '', ''),
(1121, 1120, 'auto_index', '1', ''),
(1122, 1120, 'max_count', '10', ''),
(1123, 1120, 'index_date', '18.01.2013', ''),
(1124, 0, 'subscription', '', ''),
(1125, 1124, 'count_mails', '1', ''),
(1126, 1124, 'count_mails_day', '100', ''),
(1183, 700, '1183', 'Demo-сайт. Bagira.CMS<br/>\r\n', ''),
(1184, 700, '1184', 'Все товары и услуги на сайте вымышлены и не имеют связи с реальностью', ''),
(1250, 15, 'no_view', '', ''),
(1251, 1250, '0', '27', ''),
(1252, 1250, '1', '45', ''),
(1253, 1250, '2', '46', ''),
(1254, 1250, '3', '60', ''),
(1255, 1250, '4', '61', ''),
(1256, 1250, '5', '62', ''),
(1257, 1250, '6', '63', ''),
(1258, 0, 'eshop', '', ''),
(1259, 1258, 'only_reg', '1', ''),
(1260, 1258, 'null_order', '1', ''),
(1261, 1258, 'dubl_to_email', '1', ''),
(1262, 1258, 'nds', '', ''),
(1263, 1258, 'fisrt_state', '1664', ''),
(1264, 1258, 'check_null_order', '1', ''),
(1265, 1258, 'min_count', '0', ''),
(1266, 1258, 'check_count', '', ''),
(1267, 0, 'comments', '', ''),
(1268, 1267, 'only_reg', '', ''),
(1269, 1267, 'com_moderation', '', ''),
(1270, 9, 'confirm', '1', ''),
(1278, 1, 'cur_domain', '', ''),
(1279, 1278, 'id', '1', ''),
(1280, 1278, 'name', 'bagira-cms.ru', ''),
(1281, 1278, 'def_lang', '1', ''),
(1282, 1278, 'sitename', 'Bagira.CMS', ''),
(1283, 1278, 'email', 'test@test.ru', ''),
(1284, 1278, 'online', '1', ''),
(1285, 1278, 'offline_msg', 'На сайте ведутся профилактические работы, пожалуйста зайдите позже!', ''),
(1286, 1278, 'error_msg', 'Сайт не исправен, пожалуйста зайдите позже!', ''),
(1290, 1119, '2', '', ''),
(1291, 1290, 'auto_index', '', ''),
(1292, 1290, 'index_date', '10.06.2011', ''),
(1293, 1, 'cur_lang', '', ''),
(1294, 1293, 'id', '1', ''),
(1295, 1293, 'prefix', 'ru', ''),
(1296, 1293, 'name', 'Русский', ''),
(1297, 1267, 'text_length', '3000', ''),
(1298, 1, 'noIE7', '', ''),
(1299, 1, 'noDelMiniTexts', '1', ''),
(1301, 1, 'noIE8', '', '');

-- --------------------------------------------------------

--
-- Table structure for table `bagira_rels`
--

CREATE TABLE IF NOT EXISTS `bagira_rels` (
  `r_field_id` int(11) DEFAULT NULL,
  `r_parent_id` int(11) DEFAULT NULL,
  `r_children_id` int(11) NOT NULL,
  `r_position` int(11) NOT NULL,
  KEY `r_field_id` (`r_field_id`),
  KEY `r_parent_id` (`r_parent_id`),
  KEY `r_children_id` (`r_children_id`)
) ENGINE=InnoDB DEFAULT CHARSET=cp1251;

--
-- Dumping data for table `bagira_rels`
--

INSERT INTO `bagira_rels` (`r_field_id`, `r_parent_id`, `r_children_id`, `r_position`) VALUES
(NULL, NULL, 60, 1),
(NULL, NULL, 345, 14),
(NULL, 345, 346, 1),
(NULL, 345, 347, 2),
(NULL, 345, 348, 3),
(NULL, 357, 358, 1),
(NULL, 338, 393, 1),
(NULL, 338, 394, 2),
(NULL, NULL, 339, 28),
(NULL, NULL, 1569, 32),
(NULL, NULL, 350, 33),
(NULL, NULL, 1570, 34),
(NULL, NULL, 338, 35),
(NULL, 1572, 1573, 1),
(NULL, 1571, 1572, 1),
(NULL, 1572, 1574, 2),
(NULL, 1572, 1575, 3),
(NULL, 1572, 1576, 4),
(NULL, 1572, 1577, 5),
(NULL, 339, 1582, 1),
(NULL, 339, 1583, 2),
(NULL, 339, 1584, 3),
(NULL, 339, 1585, 4),
(NULL, 338, 1586, 1),
(NULL, 1570, 1590, 1),
(NULL, 1590, 1597, 8),
(NULL, 1590, 1598, 9),
(NULL, 1590, 1600, 11),
(NULL, 1570, 1601, 2),
(NULL, 1601, 1602, 1),
(NULL, 1601, 1603, 2),
(NULL, 1568, 1611, 3),
(NULL, 350, 1612, 4),
(NULL, NULL, 1624, 13),
(NULL, 1624, 1625, 1),
(NULL, 1624, 1626, 2),
(NULL, 1624, 1627, 3),
(NULL, 1628, 1639, 1),
(NULL, 1628, 1640, 2),
(NULL, 1628, 1641, 3),
(NULL, 1628, 1642, 4),
(NULL, 1629, 1643, 1),
(NULL, 1629, 1644, 2),
(NULL, 1633, 1645, 1),
(NULL, NULL, 1571, 12),
(NULL, NULL, 1578, 10),
(NULL, 340, 1581, 21),
(1554, 1685, 1667, 0),
(1561, 1685, 1671, 0),
(NULL, 29, 1685, 2),
(NULL, 1685, 1686, 1),
(NULL, 1685, 1687, 2),
(1554, 1693, 1664, 0),
(1561, 1693, 1671, 0),
(NULL, 29, 1693, 5),
(NULL, 1693, 1694, 1),
(NULL, 1693, 1695, 2),
(1554, 1696, 1664, 0),
(1561, 1696, 1671, 0),
(NULL, 29, 1696, 6),
(NULL, 1696, 1697, 1),
(NULL, 1696, 1698, 2),
(1554, 1699, 1664, 0),
(1561, 1699, 1671, 0),
(NULL, 29, 1699, 7),
(NULL, 1699, 1700, 1),
(1561, 1703, 1671, 0),
(NULL, 29, 1703, 9),
(NULL, 1703, 1704, 1),
(NULL, 1703, 1705, 2),
(1561, 1706, 1671, 0),
(NULL, 29, 1706, 10),
(NULL, 1706, 1707, 1),
(NULL, 1706, 1708, 2),
(NULL, 1706, 1709, 3),
(1554, 1703, 1667, 0),
(1554, 1706, 1667, 0),
(NULL, 72, 1712, 1),
(1654, 1629, 1733, 0),
(1656, 1629, 1734, 0),
(1660, 1629, 1740, 0),
(1660, 1629, 1741, 0),
(1660, 1629, 1742, 0),
(NULL, 348, 1629, 3),
(NULL, 1625, 1629, 2),
(1654, 1631, 1731, 0),
(1656, 1631, 1732, 0),
(1660, 1631, 1738, 0),
(1660, 1631, 1739, 0),
(1660, 1631, 1740, 0),
(NULL, 347, 1631, 3),
(NULL, 1625, 1631, 4),
(1654, 1632, 1733, 0),
(1656, 1632, 1736, 0),
(1660, 1632, 1739, 0),
(1660, 1632, 1740, 0),
(1660, 1632, 1744, 0),
(NULL, 348, 1632, 5),
(NULL, 1625, 1632, 5),
(1654, 1633, 1731, 0),
(1656, 1633, 1732, 0),
(1660, 1633, 1738, 0),
(1660, 1633, 1739, 0),
(1660, 1633, 1740, 0),
(1660, 1633, 1741, 0),
(1660, 1633, 1742, 0),
(1660, 1633, 1743, 0),
(1660, 1633, 1744, 0),
(NULL, 1626, 1633, 1),
(1654, 1635, 1735, 0),
(1656, 1635, 1737, 0),
(1660, 1635, 1738, 0),
(1660, 1635, 1739, 0),
(1660, 1635, 1740, 0),
(1660, 1635, 1742, 0),
(1660, 1635, 1743, 0),
(NULL, 1626, 1635, 3),
(1654, 1636, 1733, 0),
(1656, 1636, 1734, 0),
(1660, 1636, 1739, 0),
(1660, 1636, 1740, 0),
(1660, 1636, 1743, 0),
(1660, 1636, 1744, 0),
(NULL, 1627, 1636, 1),
(1654, 1637, 1731, 0),
(1656, 1637, 1737, 0),
(1660, 1637, 1740, 0),
(1660, 1637, 1741, 0),
(NULL, 348, 1637, 6),
(NULL, 1627, 1637, 2),
(1654, 1638, 1731, 0),
(1656, 1638, 1736, 0),
(1660, 1638, 1739, 0),
(1660, 1638, 1740, 0),
(1660, 1638, 1743, 0),
(NULL, 347, 1638, 4),
(NULL, 1627, 1638, 3),
(1654, 1649, 1733, 0),
(1656, 1649, 1732, 0),
(1660, 1649, 1739, 0),
(1660, 1649, 1740, 0),
(NULL, 346, 1649, 5),
(NULL, 1628, 1749, 8),
(NULL, 1628, 1752, 11),
(NULL, 350, 1757, 5),
(1554, 1758, 1664, 0),
(1561, 1758, 1671, 0),
(NULL, 29, 1758, 11),
(NULL, 1758, 1759, 1),
(NULL, NULL, 1713, 11),
(NULL, 350, 1760, 6),
(NULL, 350, 1761, 7),
(NULL, 350, 1762, 8),
(1654, 1648, 1735, 0),
(1656, 1648, 1736, 0),
(1660, 1648, 1741, 0),
(NULL, 346, 1648, 6),
(1654, 1634, 1733, 0),
(1656, 1634, 1736, 0),
(1660, 1634, 1738, 0),
(1660, 1634, 1740, 0),
(1660, 1634, 1741, 0),
(NULL, 1626, 1634, 2),
(NULL, 340, 1764, 23),
(NULL, 340, 1765, 24),
(NULL, 1568, 1766, 4),
(NULL, 1568, 1763, 5),
(1654, 1630, 1731, 0),
(1656, 1630, 1736, 0),
(1660, 1630, 1738, 0),
(1660, 1630, 1741, 0),
(1660, 1630, 1743, 0),
(1660, 1630, 1744, 0),
(NULL, 346, 1630, 7),
(NULL, 348, 1630, 4),
(NULL, 1625, 1630, 3),
(1628, 1628, 1630, 0),
(1628, 1628, 1649, 0),
(1627, 1628, 1630, 0),
(1627, 1628, 1631, 0),
(1627, 1628, 1632, 0),
(1654, 1628, 1735, 0),
(1656, 1628, 1737, 0),
(1660, 1628, 1738, 0),
(1660, 1628, 1739, 0),
(1660, 1628, 1744, 0),
(NULL, 347, 1628, 2),
(NULL, 348, 1628, 2),
(NULL, 1625, 1628, 1),
(NULL, 346, 1636, 8),
(NULL, NULL, 340, 26),
(NULL, NULL, 1568, 27),
(NULL, 340, 1579, 25),
(NULL, 1646, 1647, 1),
(1654, 1646, 1731, 0),
(1656, 1646, 1737, 0),
(1660, 1646, 1738, 0),
(1660, 1646, 1739, 0),
(1660, 1646, 1744, 0),
(NULL, 346, 1646, 4),
(1335, 1613, 350, 0),
(251, 29, 30, 0),
(NULL, 32, 29, 1),
(NULL, NULL, 1784, 36),
(NULL, NULL, 1785, 37);

-- --------------------------------------------------------

--
-- Table structure for table `bagira_revue`
--

CREATE TABLE IF NOT EXISTS `bagira_revue` (
  `rev_id` int(11) NOT NULL AUTO_INCREMENT,
  `rev_state` int(1) NOT NULL,
  `rev_type` int(1) NOT NULL,
  `rev_obj_id` int(11) NOT NULL,
  `rev_class_id` int(11) NOT NULL,
  `rev_user_id` int(11) NOT NULL,
  `rev_user` varchar(30) NOT NULL,
  `rev_datetime` datetime NOT NULL,
  `rev_message` varchar(255) NOT NULL,
  `rev_ip` varchar(15) NOT NULL,
  PRIMARY KEY (`rev_id`),
  KEY `rev_obj_id` (`rev_obj_id`)
) ENGINE=InnoDB  DEFAULT CHARSET=cp1251 AUTO_INCREMENT=5 ;

--
-- Dumping data for table `bagira_revue`
--

INSERT INTO `bagira_revue` (`rev_id`, `rev_state`, `rev_type`, `rev_obj_id`, `rev_class_id`, `rev_user_id`, `rev_user`, `rev_datetime`, `rev_message`, `rev_ip`) VALUES
(1, 1, 1, 43, 33, 29, 'Константин', '2013-03-25 17:49:51', 'Объект перемещен в корзину.', '127.0.0.1'),
(2, 1, 0, 43, 33, 29, 'Константин', '2013-03-25 17:50:00', 'Объект восстановлен.', '127.0.0.1');

-- --------------------------------------------------------

--
-- Table structure for table `bagira_rights`
--

CREATE TABLE IF NOT EXISTS `bagira_rights` (
  `r_obj_id` int(11) NOT NULL,
  `r_state` tinyint(1) DEFAULT NULL,
  `r_group_id` int(11) DEFAULT NULL,
  KEY `r_obj_id` (`r_obj_id`),
  KEY `r_group_id` (`r_group_id`)
) ENGINE=InnoDB DEFAULT CHARSET=cp1251;

--
-- Dumping data for table `bagira_rights`
--

INSERT INTO `bagira_rights` (`r_obj_id`, `r_state`, `r_group_id`) VALUES
(1582, 2, NULL),
(1583, 2, NULL),
(1584, 2, NULL),
(1585, 2, NULL),
(1586, 2, NULL),
(1570, 2, NULL),
(1597, 2, NULL),
(1598, 2, NULL),
(1600, 2, NULL),
(1602, 2, NULL),
(1603, 2, NULL),
(1639, 2, NULL),
(1640, 2, NULL),
(1641, 2, NULL),
(1645, 2, NULL),
(1647, 2, NULL),
(1572, 2, NULL),
(1581, 2, NULL),
(1571, 2, NULL),
(1713, 2, NULL),
(1629, 2, NULL),
(1631, 2, NULL),
(1632, 2, NULL),
(1633, 2, NULL),
(1635, 2, NULL),
(1636, 2, NULL),
(1637, 2, NULL),
(1638, 2, NULL),
(1649, 2, NULL),
(1749, 2, NULL),
(1752, 2, NULL),
(1579, 2, NULL),
(1624, 2, NULL),
(1612, 2, NULL),
(1760, 2, NULL),
(1761, 2, NULL),
(1762, 2, NULL),
(1757, 2, NULL),
(1648, 2, NULL),
(1634, 2, NULL),
(1642, 2, NULL),
(1643, 2, NULL),
(1644, 2, NULL),
(1766, 2, NULL),
(1763, 2, NULL),
(1764, 2, NULL),
(1611, 2, NULL),
(1765, 2, NULL),
(345, 2, NULL),
(1630, 2, NULL),
(60, 2, NULL),
(338, 2, NULL),
(1578, 2, NULL),
(1628, 2, NULL),
(1646, 2, NULL),
(339, 2, NULL),
(1568, 2, NULL),
(340, 2, NULL),
(1625, 2, NULL),
(1626, 2, NULL),
(1627, 2, NULL),
(346, 2, NULL),
(347, 2, NULL),
(348, 2, NULL),
(1590, 2, NULL),
(1601, 2, NULL),
(350, 2, NULL),
(1569, 2, NULL),
(1784, 2, NULL),
(1785, 2, NULL);

-- --------------------------------------------------------

--
-- Table structure for table `bagira_search_rankings`
--

CREATE TABLE IF NOT EXISTS `bagira_search_rankings` (
  `sr_word_id` int(11) NOT NULL,
  `sr_rank` int(5) NOT NULL,
  `sr_obj_id` int(11) NOT NULL,
  `sr_lang_id` int(11) NOT NULL,
  `sr_domain_id` int(11) NOT NULL,
  KEY `sr_word_id` (`sr_word_id`),
  KEY `sr_obj_id` (`sr_obj_id`),
  KEY `sr_domain_id` (`sr_domain_id`),
  KEY `sr_lang_id` (`sr_lang_id`)
) ENGINE=InnoDB DEFAULT CHARSET=cp1251;

--
-- Dumping data for table `bagira_search_rankings`
--

INSERT INTO `bagira_search_rankings` (`sr_word_id`, `sr_rank`, `sr_obj_id`, `sr_lang_id`, `sr_domain_id`) VALUES
(8390, 22, 60, 1, 1),
(8391, 22, 60, 1, 1),
(8392, 22, 338, 1, 1),
(8393, 22, 338, 1, 1),
(8394, 22, 339, 1, 1),
(8395, 1, 339, 1, 1),
(8396, 1, 339, 1, 1),
(8397, 2, 339, 1, 1),
(8398, 1, 339, 1, 1),
(8399, 1, 339, 1, 1),
(8400, 1, 339, 1, 1),
(8401, 1, 339, 1, 1),
(8402, 2, 339, 1, 1),
(8403, 1, 339, 1, 1),
(8404, 1, 339, 1, 1),
(8405, 1, 339, 1, 1),
(8406, 2, 339, 1, 1),
(8407, 1, 339, 1, 1),
(8408, 1, 339, 1, 1),
(8409, 2, 339, 1, 1),
(8410, 1, 339, 1, 1),
(8411, 1, 339, 1, 1),
(8412, 1, 339, 1, 1),
(8413, 5, 339, 1, 1),
(8414, 1, 339, 1, 1),
(8415, 3, 339, 1, 1),
(8416, 1, 339, 1, 1),
(8417, 1, 339, 1, 1),
(8418, 1, 339, 1, 1),
(8419, 1, 339, 1, 1),
(8420, 2, 339, 1, 1),
(8421, 1, 339, 1, 1),
(8422, 1, 339, 1, 1),
(8423, 1, 339, 1, 1),
(8424, 1, 339, 1, 1),
(8405, 1, 339, 1, 1),
(8425, 15, 339, 1, 1),
(8426, 1, 339, 1, 1),
(8398, 1, 339, 1, 1),
(8427, 1, 339, 1, 1),
(8428, 13, 339, 1, 1),
(8429, 3, 339, 1, 1),
(8430, 4, 339, 1, 1),
(8431, 1, 339, 1, 1),
(8432, 2, 339, 1, 1),
(8433, 2, 339, 1, 1),
(8434, 2, 339, 1, 1),
(8435, 3, 339, 1, 1),
(8436, 1, 339, 1, 1),
(8437, 1, 339, 1, 1),
(8438, 2, 339, 1, 1),
(8439, 1, 339, 1, 1),
(8440, 1, 339, 1, 1),
(8441, 1, 339, 1, 1),
(8442, 2, 339, 1, 1),
(8443, 2, 339, 1, 1),
(8444, 1, 339, 1, 1),
(8405, 2, 339, 1, 1),
(8445, 1, 339, 1, 1),
(8446, 1, 339, 1, 1),
(8447, 1, 339, 1, 1),
(8448, 1, 339, 1, 1),
(8405, 1, 339, 1, 1),
(8449, 2, 339, 1, 1),
(8450, 1, 339, 1, 1),
(8451, 1, 339, 1, 1),
(8452, 1, 339, 1, 1),
(8453, 1, 339, 1, 1),
(8454, 1, 339, 1, 1),
(8455, 1, 339, 1, 1),
(8456, 1, 339, 1, 1),
(8457, 1, 339, 1, 1),
(8458, 2, 339, 1, 1),
(8459, 1, 339, 1, 1),
(8460, 1, 339, 1, 1),
(8461, 1, 339, 1, 1),
(8462, 1, 339, 1, 1),
(8463, 1, 339, 1, 1),
(8464, 1, 339, 1, 1),
(8465, 2, 339, 1, 1),
(8466, 1, 339, 1, 1),
(8467, 1, 339, 1, 1),
(8468, 1, 339, 1, 1),
(8469, 1, 339, 1, 1),
(8470, 1, 339, 1, 1),
(8471, 1, 339, 1, 1),
(8472, 1, 339, 1, 1),
(8473, 1, 339, 1, 1),
(8474, 1, 339, 1, 1),
(8475, 1, 339, 1, 1),
(8476, 1, 339, 1, 1),
(8477, 1, 339, 1, 1),
(8478, 1, 339, 1, 1),
(8479, 1, 339, 1, 1),
(8480, 1, 339, 1, 1),
(8471, 1, 339, 1, 1),
(8481, 1, 339, 1, 1),
(8482, 1, 339, 1, 1),
(8483, 1, 339, 1, 1),
(8484, 1, 339, 1, 1),
(8485, 1, 339, 1, 1),
(8486, 1, 339, 1, 1),
(8487, 1, 339, 1, 1),
(8488, 1, 339, 1, 1),
(8489, 2, 339, 1, 1),
(8490, 1, 339, 1, 1),
(8491, 1, 339, 1, 1),
(8492, 3, 339, 1, 1),
(8493, 2, 339, 1, 1),
(8494, 1, 339, 1, 1),
(8495, 1, 339, 1, 1),
(8496, 1, 339, 1, 1),
(8497, 1, 339, 1, 1),
(8498, 1, 339, 1, 1),
(8499, 1, 339, 1, 1),
(8500, 1, 339, 1, 1),
(8429, 1, 339, 1, 1),
(8397, 1, 339, 1, 1),
(8501, 1, 339, 1, 1),
(8502, 1, 339, 1, 1),
(8503, 1, 339, 1, 1),
(8504, 1, 339, 1, 1),
(8505, 1, 339, 1, 1),
(8506, 1, 339, 1, 1),
(8417, 1, 339, 1, 1),
(8507, 2, 339, 1, 1),
(8508, 1, 339, 1, 1),
(8509, 1, 339, 1, 1),
(8510, 1, 339, 1, 1),
(8511, 1, 339, 1, 1),
(8512, 1, 339, 1, 1),
(8513, 1, 339, 1, 1),
(8514, 1, 339, 1, 1),
(8446, 1, 339, 1, 1),
(8459, 1, 339, 1, 1),
(8515, 1, 339, 1, 1),
(8516, 1, 339, 1, 1),
(8430, 2, 339, 1, 1),
(8517, 1, 339, 1, 1),
(8518, 3, 339, 1, 1),
(8519, 3, 339, 1, 1),
(8520, 2, 339, 1, 1),
(8521, 2, 339, 1, 1),
(8522, 2, 339, 1, 1),
(8523, 1, 339, 1, 1),
(8524, 3, 339, 1, 1),
(8525, 1, 339, 1, 1),
(8526, 1, 339, 1, 1),
(8527, 1, 339, 1, 1),
(8528, 1, 339, 1, 1),
(8529, 1, 339, 1, 1),
(8530, 1, 339, 1, 1),
(8531, 3, 339, 1, 1),
(8531, 1, 339, 1, 1),
(8532, 1, 339, 1, 1),
(8533, 1, 339, 1, 1),
(8534, 1, 339, 1, 1),
(8535, 1, 339, 1, 1),
(8536, 1, 339, 1, 1),
(8537, 1, 339, 1, 1),
(8538, 1, 339, 1, 1),
(8539, 2, 339, 1, 1),
(8540, 1, 339, 1, 1),
(8541, 1, 339, 1, 1),
(8542, 1, 339, 1, 1),
(8543, 1, 339, 1, 1),
(8544, 1, 339, 1, 1),
(8545, 1, 339, 1, 1),
(8546, 1, 339, 1, 1),
(8547, 1, 339, 1, 1),
(8548, 1, 339, 1, 1),
(8549, 1, 339, 1, 1),
(8550, 1, 339, 1, 1),
(8551, 1, 339, 1, 1),
(8552, 2, 339, 1, 1),
(8553, 1, 339, 1, 1),
(8554, 1, 339, 1, 1),
(8555, 1, 339, 1, 1),
(8556, 1, 339, 1, 1),
(8557, 1, 339, 1, 1),
(8558, 1, 339, 1, 1),
(8559, 1, 339, 1, 1),
(8560, 1, 339, 1, 1),
(8561, 1, 339, 1, 1),
(8415, 1, 339, 1, 1),
(8562, 1, 339, 1, 1),
(8563, 1, 339, 1, 1),
(8564, 2, 339, 1, 1),
(8565, 1, 339, 1, 1),
(8521, 1, 339, 1, 1),
(8566, 1, 339, 1, 1),
(8567, 1, 339, 1, 1),
(8568, 1, 339, 1, 1),
(8569, 1, 339, 1, 1),
(8570, 2, 339, 1, 1),
(8571, 1, 339, 1, 1),
(8572, 1, 339, 1, 1),
(8573, 2, 339, 1, 1),
(8574, 1, 339, 1, 1),
(8489, 1, 339, 1, 1),
(8575, 1, 339, 1, 1),
(8576, 1, 339, 1, 1),
(8577, 1, 339, 1, 1),
(8578, 1, 339, 1, 1),
(8570, 4, 339, 1, 1),
(8579, 1, 339, 1, 1),
(8580, 1, 339, 1, 1),
(8581, 1, 339, 1, 1),
(8582, 1, 339, 1, 1),
(8583, 1, 339, 1, 1),
(8584, 1, 339, 1, 1),
(8585, 1, 339, 1, 1),
(8586, 2, 339, 1, 1),
(8587, 1, 339, 1, 1),
(8588, 1, 339, 1, 1),
(8589, 1, 339, 1, 1),
(8440, 1, 339, 1, 1),
(8590, 1, 339, 1, 1),
(8591, 1, 339, 1, 1),
(8592, 1, 339, 1, 1),
(8593, 1, 339, 1, 1),
(8594, 1, 339, 1, 1),
(8595, 1, 339, 1, 1),
(8596, 1, 339, 1, 1),
(8597, 1, 339, 1, 1),
(8598, 1, 339, 1, 1),
(8599, 1, 339, 1, 1),
(8539, 1, 339, 1, 1),
(8600, 1, 339, 1, 1),
(8601, 1, 339, 1, 1),
(8602, 1, 339, 1, 1),
(8603, 1, 339, 1, 1),
(8604, 1, 339, 1, 1),
(8605, 2, 339, 1, 1),
(8606, 1, 339, 1, 1),
(8607, 1, 339, 1, 1),
(8608, 3, 339, 1, 1),
(8429, 3, 339, 1, 1),
(8609, 1, 339, 1, 1),
(8610, 1, 339, 1, 1),
(8611, 1, 339, 1, 1),
(8612, 1, 339, 1, 1),
(8613, 1, 339, 1, 1),
(8614, 1, 339, 1, 1),
(8615, 1, 339, 1, 1),
(8616, 1, 339, 1, 1),
(8617, 1, 339, 1, 1),
(8618, 1, 339, 1, 1),
(8619, 1, 339, 1, 1),
(8620, 1, 339, 1, 1),
(8621, 1, 339, 1, 1),
(8622, 1, 339, 1, 1),
(8623, 1, 339, 1, 1),
(8624, 1, 339, 1, 1),
(8625, 1, 339, 1, 1),
(8626, 1, 339, 1, 1),
(8627, 1, 339, 1, 1),
(8397, 1, 339, 1, 1),
(8628, 1, 339, 1, 1),
(8629, 1, 339, 1, 1),
(8630, 1, 339, 1, 1),
(8631, 1, 339, 1, 1),
(8632, 1, 339, 1, 1),
(8633, 1, 339, 1, 1),
(8634, 1, 339, 1, 1),
(8635, 1, 339, 1, 1),
(8636, 1, 339, 1, 1),
(8637, 3, 339, 1, 1),
(8638, 1, 339, 1, 1),
(8639, 1, 339, 1, 1),
(8640, 1, 339, 1, 1),
(8641, 1, 339, 1, 1),
(8642, 1, 339, 1, 1),
(8643, 1, 339, 1, 1),
(8461, 1, 339, 1, 1),
(8644, 1, 339, 1, 1),
(8405, 1, 339, 1, 1),
(8645, 1, 339, 1, 1),
(8646, 1, 339, 1, 1),
(8647, 1, 339, 1, 1),
(8648, 1, 339, 1, 1),
(8649, 1, 339, 1, 1),
(8650, 1, 339, 1, 1),
(8651, 1, 339, 1, 1),
(8652, 1, 339, 1, 1),
(8653, 1, 339, 1, 1),
(8654, 1, 339, 1, 1),
(8655, 1, 339, 1, 1),
(8656, 1, 339, 1, 1),
(8657, 22, 1569, 1, 1),
(8658, 22, 1569, 1, 1),
(8659, 1, 1569, 1, 1),
(8413, 31, 1569, 1, 1),
(8660, 1, 1569, 1, 1),
(8492, 11, 1569, 1, 1),
(8661, 1, 1569, 1, 1),
(8541, 1, 1569, 1, 1),
(8662, 1, 1569, 1, 1),
(8560, 1, 1569, 1, 1),
(8663, 1, 1569, 1, 1),
(8664, 1, 1569, 1, 1),
(8562, 1, 1569, 1, 1),
(8665, 1, 1569, 1, 1),
(8666, 2, 1569, 1, 1),
(8471, 1, 1569, 1, 1),
(8420, 3, 1569, 1, 1),
(8667, 1, 1569, 1, 1),
(8641, 5, 1569, 1, 1),
(8668, 1, 1569, 1, 1),
(8669, 1, 1569, 1, 1),
(8670, 1, 1569, 1, 1),
(8671, 1, 1569, 1, 1),
(8602, 1, 1569, 1, 1),
(8672, 1, 1569, 1, 1),
(8493, 4, 1569, 1, 1),
(8673, 1, 1569, 1, 1),
(8674, 4, 1569, 1, 1),
(8598, 2, 1569, 1, 1),
(8675, 1, 1569, 1, 1),
(8666, 3, 1569, 1, 1),
(8676, 1, 1569, 1, 1),
(8404, 2, 1569, 1, 1),
(8677, 2, 1569, 1, 1),
(8678, 5, 1569, 1, 1),
(8488, 1, 1569, 1, 1),
(8409, 1, 1569, 1, 1),
(8539, 5, 1569, 1, 1),
(8679, 1, 1569, 1, 1),
(8680, 1, 1569, 1, 1),
(8681, 1, 1569, 1, 1),
(8682, 6, 1569, 1, 1),
(8683, 1, 1569, 1, 1),
(8684, 1, 1569, 1, 1),
(8629, 2, 1569, 1, 1),
(8685, 1, 1569, 1, 1),
(8686, 2, 1569, 1, 1),
(8687, 2, 1569, 1, 1),
(8688, 1, 1569, 1, 1),
(8689, 2, 1569, 1, 1),
(8690, 1, 1569, 1, 1),
(8691, 1, 1569, 1, 1),
(8692, 1, 1569, 1, 1),
(8625, 2, 1569, 1, 1),
(8693, 1, 1569, 1, 1),
(8415, 1, 1569, 1, 1),
(8694, 1, 1569, 1, 1),
(8695, 4, 1569, 1, 1),
(8395, 1, 1569, 1, 1),
(8541, 4, 1569, 1, 1),
(8696, 1, 1569, 1, 1),
(8697, 1, 1569, 1, 1),
(8698, 1, 1569, 1, 1),
(8699, 1, 1569, 1, 1),
(8700, 1, 1569, 1, 1),
(8429, 2, 1569, 1, 1),
(8701, 1, 1569, 1, 1),
(8702, 1, 1569, 1, 1),
(8582, 1, 1569, 1, 1),
(8703, 1, 1569, 1, 1),
(8695, 4, 1569, 1, 1),
(8704, 1, 1569, 1, 1),
(8705, 1, 1569, 1, 1),
(8706, 1, 1569, 1, 1),
(8707, 1, 1569, 1, 1),
(8708, 1, 1569, 1, 1),
(8709, 1, 1569, 1, 1),
(8710, 1, 1569, 1, 1),
(8711, 1, 1569, 1, 1),
(8712, 1, 1569, 1, 1),
(8713, 1, 1569, 1, 1),
(8714, 1, 1569, 1, 1),
(8715, 1, 1569, 1, 1),
(8716, 1, 1569, 1, 1),
(8717, 3, 1569, 1, 1),
(8718, 2, 1569, 1, 1),
(8719, 1, 1569, 1, 1),
(8720, 1, 1569, 1, 1),
(8721, 2, 1569, 1, 1),
(8722, 1, 1569, 1, 1),
(8723, 1, 1569, 1, 1),
(8724, 1, 1569, 1, 1),
(8725, 2, 1569, 1, 1),
(8726, 1, 1569, 1, 1),
(8727, 1, 1569, 1, 1),
(8728, 3, 1569, 1, 1),
(8729, 1, 1569, 1, 1),
(8730, 1, 1569, 1, 1),
(8567, 1, 1569, 1, 1),
(8731, 1, 1569, 1, 1),
(8732, 1, 1569, 1, 1),
(8733, 1, 1569, 1, 1),
(8734, 1, 1569, 1, 1),
(8735, 1, 1569, 1, 1),
(8736, 1, 1569, 1, 1),
(8519, 6, 1569, 1, 1),
(8737, 1, 1569, 1, 1),
(8738, 1, 1569, 1, 1),
(8739, 1, 1569, 1, 1),
(8740, 1, 1569, 1, 1),
(8741, 1, 1569, 1, 1),
(8742, 1, 1569, 1, 1),
(8743, 6, 1569, 1, 1),
(8744, 1, 1569, 1, 1),
(8745, 1, 1569, 1, 1),
(8746, 1, 1569, 1, 1),
(8747, 3, 1569, 1, 1),
(8748, 1, 1569, 1, 1),
(8749, 1, 1569, 1, 1),
(8750, 4, 1569, 1, 1),
(8751, 2, 1569, 1, 1),
(8752, 2, 1569, 1, 1),
(8753, 1, 1569, 1, 1),
(8754, 1, 1569, 1, 1),
(8755, 1, 1569, 1, 1),
(8756, 1, 1569, 1, 1),
(8757, 1, 1569, 1, 1),
(8758, 1, 1569, 1, 1),
(8759, 1, 1569, 1, 1),
(8760, 4, 1569, 1, 1),
(8761, 1, 1569, 1, 1),
(8560, 2, 1569, 1, 1),
(8762, 3, 1569, 1, 1),
(8429, 1, 1569, 1, 1),
(8763, 1, 1569, 1, 1),
(8424, 2, 1569, 1, 1),
(8428, 15, 1569, 1, 1),
(8641, 4, 1569, 1, 1),
(8539, 4, 1569, 1, 1),
(8764, 1, 1569, 1, 1),
(8765, 1, 1569, 1, 1),
(8654, 45, 1569, 1, 1),
(8695, 3, 1569, 1, 1),
(8766, 1, 1569, 1, 1),
(8767, 1, 1569, 1, 1),
(8483, 1, 1569, 1, 1),
(8768, 1, 1569, 1, 1),
(8769, 1, 1569, 1, 1),
(8770, 2, 1569, 1, 1),
(8418, 2, 1569, 1, 1),
(8771, 1, 1569, 1, 1),
(8772, 2, 1569, 1, 1),
(8773, 1, 1569, 1, 1),
(8688, 3, 1569, 1, 1),
(8774, 1, 1569, 1, 1),
(8775, 1, 1569, 1, 1),
(8502, 1, 1569, 1, 1),
(8776, 1, 1569, 1, 1),
(8777, 1, 1569, 1, 1),
(8523, 1, 1569, 1, 1),
(8778, 1, 1569, 1, 1),
(8779, 1, 1569, 1, 1),
(8760, 1, 1569, 1, 1),
(8467, 1, 1569, 1, 1),
(8780, 2, 1569, 1, 1),
(8781, 1, 1569, 1, 1),
(8682, 3, 1569, 1, 1),
(8782, 1, 1569, 1, 1),
(8783, 1, 1569, 1, 1),
(8784, 1, 1569, 1, 1),
(8785, 1, 1569, 1, 1),
(8786, 1, 1569, 1, 1),
(8787, 7, 1569, 1, 1),
(8788, 3, 1569, 1, 1),
(8425, 16, 1569, 1, 1),
(8789, 3, 1569, 1, 1),
(8790, 1, 1569, 1, 1),
(8561, 3, 1569, 1, 1),
(8405, 2, 1569, 1, 1),
(8791, 1, 1569, 1, 1),
(8792, 1, 1569, 1, 1),
(8429, 2, 1569, 1, 1),
(8793, 1, 1569, 1, 1),
(8794, 1, 1569, 1, 1),
(8425, 1, 1569, 1, 1),
(8795, 1, 1569, 1, 1),
(8442, 5, 1569, 1, 1),
(8796, 1, 1569, 1, 1),
(8797, 1, 1569, 1, 1),
(8798, 1, 1569, 1, 1),
(8799, 1, 1569, 1, 1),
(8800, 1, 1569, 1, 1),
(8801, 1, 1569, 1, 1),
(8802, 1, 1569, 1, 1),
(8413, 3, 1569, 1, 1),
(8601, 2, 1569, 1, 1),
(8803, 1, 1569, 1, 1),
(8804, 1, 1569, 1, 1),
(8805, 2, 1569, 1, 1),
(8806, 1, 1569, 1, 1),
(8807, 1, 1569, 1, 1),
(8808, 1, 1569, 1, 1),
(8809, 1, 1569, 1, 1),
(8405, 4, 1569, 1, 1),
(8810, 1, 1569, 1, 1),
(8811, 4, 1569, 1, 1),
(8812, 1, 1569, 1, 1),
(8813, 1, 1569, 1, 1),
(8814, 1, 1569, 1, 1),
(8815, 1, 1569, 1, 1),
(8637, 3, 1569, 1, 1),
(8816, 1, 1569, 1, 1),
(8405, 2, 1569, 1, 1),
(8817, 2, 1569, 1, 1),
(8818, 1, 1569, 1, 1),
(8819, 1, 1569, 1, 1),
(8820, 1, 1569, 1, 1),
(8821, 1, 1569, 1, 1),
(8822, 1, 1569, 1, 1),
(8823, 1, 1569, 1, 1),
(8824, 1, 1569, 1, 1),
(8825, 1, 1569, 1, 1),
(8826, 1, 1569, 1, 1),
(8827, 1, 1569, 1, 1),
(8537, 1, 1569, 1, 1),
(8828, 1, 1569, 1, 1),
(8601, 1, 1569, 1, 1),
(8829, 2, 1569, 1, 1),
(8405, 9, 1569, 1, 1),
(8830, 4, 1569, 1, 1),
(8831, 6, 1569, 1, 1),
(8571, 6, 1569, 1, 1),
(8832, 1, 1569, 1, 1),
(8833, 1, 1569, 1, 1),
(8834, 1, 1569, 1, 1),
(8835, 1, 1569, 1, 1),
(8836, 1, 1569, 1, 1),
(8837, 6, 1569, 1, 1),
(8743, 1, 1569, 1, 1),
(8838, 2, 1569, 1, 1),
(8839, 1, 1569, 1, 1),
(8840, 1, 1569, 1, 1),
(8841, 1, 1569, 1, 1),
(8572, 1, 1569, 1, 1),
(8570, 3, 1569, 1, 1),
(8477, 2, 1569, 1, 1),
(8842, 1, 1569, 1, 1),
(8843, 1, 1569, 1, 1),
(8430, 1, 1569, 1, 1),
(8844, 1, 1569, 1, 1),
(8845, 1, 1569, 1, 1),
(8846, 1, 1569, 1, 1),
(8847, 1, 1569, 1, 1),
(8586, 1, 1569, 1, 1),
(8429, 4, 1569, 1, 1),
(8645, 1, 1569, 1, 1),
(8848, 1, 1569, 1, 1),
(8849, 1, 1569, 1, 1),
(8489, 1, 1569, 1, 1),
(8850, 1, 1569, 1, 1),
(8446, 1, 1569, 1, 1),
(8851, 1, 1569, 1, 1),
(8852, 1, 1569, 1, 1),
(8551, 1, 1569, 1, 1),
(8853, 1, 1569, 1, 1),
(8854, 1, 1569, 1, 1),
(8855, 3, 1569, 1, 1),
(8856, 1, 1569, 1, 1),
(8857, 2, 1569, 1, 1),
(8858, 1, 1569, 1, 1),
(8859, 1, 1569, 1, 1),
(8503, 1, 1569, 1, 1),
(8860, 1, 1569, 1, 1),
(8861, 1, 1569, 1, 1),
(8862, 1, 1569, 1, 1),
(8863, 4, 1569, 1, 1),
(8430, 8, 1569, 1, 1),
(8864, 1, 1569, 1, 1),
(8593, 2, 1569, 1, 1),
(8865, 1, 1569, 1, 1),
(8429, 2, 1569, 1, 1),
(8866, 1, 1569, 1, 1),
(8867, 1, 1569, 1, 1),
(8405, 5, 1569, 1, 1),
(8868, 1, 1569, 1, 1),
(8869, 2, 1569, 1, 1),
(8870, 1, 1569, 1, 1),
(8568, 3, 1569, 1, 1),
(8871, 1, 1569, 1, 1),
(8489, 1, 1569, 1, 1),
(8872, 1, 1569, 1, 1),
(8873, 1, 1569, 1, 1),
(8874, 2, 1569, 1, 1),
(8875, 1, 1569, 1, 1),
(8876, 1, 1569, 1, 1),
(8877, 1, 1569, 1, 1),
(8878, 7, 1569, 1, 1),
(8495, 1, 1569, 1, 1),
(8489, 1, 1569, 1, 1),
(8879, 1, 1569, 1, 1),
(8880, 1, 1569, 1, 1),
(8881, 1, 1569, 1, 1),
(8882, 1, 1569, 1, 1),
(8883, 1, 1569, 1, 1),
(8884, 1, 1569, 1, 1),
(8885, 1, 1569, 1, 1),
(8886, 1, 1569, 1, 1),
(8887, 1, 1569, 1, 1),
(8888, 1, 1569, 1, 1),
(8435, 4, 1569, 1, 1),
(8889, 1, 1569, 1, 1),
(8890, 2, 1569, 1, 1),
(8891, 2, 1569, 1, 1),
(8892, 1, 1569, 1, 1),
(8570, 4, 1569, 1, 1),
(8893, 3, 1569, 1, 1),
(8407, 1, 1569, 1, 1),
(8539, 1, 1569, 1, 1),
(8894, 1, 1569, 1, 1),
(8895, 2, 1569, 1, 1),
(8896, 1, 1569, 1, 1),
(8897, 1, 1569, 1, 1),
(8898, 1, 1569, 1, 1),
(8629, 1, 1569, 1, 1),
(8899, 1, 1569, 1, 1),
(8900, 1, 1569, 1, 1),
(8901, 1, 1569, 1, 1),
(8902, 1, 1569, 1, 1),
(8903, 1, 1569, 1, 1),
(8904, 1, 1569, 1, 1),
(8418, 1, 1569, 1, 1),
(8905, 2, 1569, 1, 1),
(8906, 1, 1569, 1, 1),
(8906, 1, 1569, 1, 1),
(8907, 1, 1569, 1, 1),
(8908, 1, 1569, 1, 1),
(8909, 1, 1569, 1, 1),
(8910, 1, 1569, 1, 1),
(8911, 1, 1569, 1, 1),
(8912, 1, 1569, 1, 1),
(8913, 7, 1569, 1, 1),
(8640, 2, 1569, 1, 1),
(8482, 1, 1569, 1, 1),
(8914, 1, 1569, 1, 1),
(8915, 1, 1569, 1, 1),
(8916, 1, 1569, 1, 1),
(8917, 1, 1569, 1, 1),
(8523, 1, 1569, 1, 1),
(8918, 1, 1569, 1, 1),
(8523, 1, 1569, 1, 1),
(8919, 2, 1569, 1, 1),
(8920, 1, 1569, 1, 1),
(8721, 2, 1569, 1, 1),
(8679, 1, 1569, 1, 1),
(8921, 1, 1569, 1, 1),
(8415, 1, 1569, 1, 1),
(8922, 1, 1569, 1, 1),
(8923, 1, 1569, 1, 1),
(8924, 1, 1569, 1, 1),
(8416, 1, 1569, 1, 1),
(8925, 1, 1569, 1, 1),
(8926, 1, 1569, 1, 1),
(8415, 4, 1569, 1, 1),
(8927, 1, 1569, 1, 1),
(8928, 1, 1569, 1, 1),
(8929, 1, 1569, 1, 1),
(8930, 1, 1569, 1, 1),
(8931, 1, 1569, 1, 1),
(8932, 1, 1569, 1, 1),
(8471, 1, 1569, 1, 1),
(8933, 1, 1569, 1, 1),
(8934, 2, 1569, 1, 1),
(8935, 1, 1569, 1, 1),
(8936, 1, 1569, 1, 1),
(8937, 1, 1569, 1, 1),
(8530, 1, 1569, 1, 1),
(8938, 1, 1569, 1, 1),
(8692, 1, 1569, 1, 1),
(8939, 2, 1569, 1, 1),
(8940, 1, 1569, 1, 1),
(8941, 1, 1569, 1, 1),
(8942, 2, 1569, 1, 1),
(8943, 1, 1569, 1, 1),
(8944, 1, 1569, 1, 1),
(8945, 1, 1569, 1, 1),
(8732, 1, 1569, 1, 1),
(8946, 1, 1569, 1, 1),
(8947, 1, 1569, 1, 1),
(8948, 1, 1569, 1, 1),
(8949, 1, 1569, 1, 1),
(8950, 1, 1569, 1, 1),
(8951, 1, 1569, 1, 1),
(8521, 1, 1569, 1, 1),
(8952, 1, 1569, 1, 1),
(8688, 1, 1569, 1, 1),
(8953, 1, 1569, 1, 1),
(8954, 1, 1569, 1, 1),
(8955, 3, 1569, 1, 1),
(8956, 2, 1569, 1, 1),
(8957, 1, 1569, 1, 1),
(8958, 1, 1569, 1, 1),
(8959, 1, 1569, 1, 1),
(8960, 1, 1569, 1, 1),
(8961, 1, 1569, 1, 1),
(8962, 1, 1569, 1, 1),
(8963, 2, 1569, 1, 1),
(8964, 1, 1569, 1, 1),
(8965, 1, 1569, 1, 1),
(8966, 1, 1569, 1, 1),
(8967, 1, 1569, 1, 1),
(8968, 1, 1569, 1, 1),
(8969, 1, 1569, 1, 1),
(8970, 1, 1569, 1, 1),
(8971, 1, 1569, 1, 1),
(8972, 1, 1569, 1, 1),
(8973, 1, 1569, 1, 1),
(8974, 1, 1569, 1, 1),
(8975, 1, 1569, 1, 1),
(8976, 1, 1569, 1, 1),
(8977, 2, 1569, 1, 1),
(8978, 1, 1569, 1, 1),
(8768, 1, 1569, 1, 1),
(8979, 1, 1569, 1, 1),
(8641, 6, 1569, 1, 1),
(8980, 2, 1569, 1, 1),
(8981, 1, 1569, 1, 1),
(8982, 1, 1569, 1, 1),
(8983, 1, 1569, 1, 1),
(8984, 1, 1569, 1, 1),
(8985, 1, 1569, 1, 1),
(8986, 1, 1569, 1, 1),
(8987, 1, 1569, 1, 1),
(8988, 1, 1569, 1, 1),
(8732, 2, 1569, 1, 1),
(8989, 2, 1569, 1, 1),
(8990, 1, 1569, 1, 1),
(8432, 5, 1569, 1, 1),
(8402, 1, 1569, 1, 1),
(8991, 1, 1569, 1, 1),
(8919, 1, 1569, 1, 1),
(8695, 1, 1569, 1, 1),
(8992, 1, 1569, 1, 1),
(8993, 1, 1569, 1, 1),
(8994, 1, 1569, 1, 1),
(8511, 1, 1569, 1, 1),
(8721, 2, 1569, 1, 1),
(8995, 1, 1569, 1, 1),
(8996, 1, 1569, 1, 1),
(8997, 1, 1569, 1, 1),
(8998, 1, 1569, 1, 1),
(8999, 1, 1569, 1, 1),
(9000, 1, 1569, 1, 1),
(9001, 2, 1569, 1, 1),
(9002, 2, 1569, 1, 1),
(8680, 1, 1569, 1, 1),
(9003, 1, 1569, 1, 1),
(9004, 1, 1569, 1, 1),
(9005, 1, 1569, 1, 1),
(9006, 1, 1569, 1, 1),
(8592, 1, 1569, 1, 1),
(9007, 1, 1569, 1, 1),
(9008, 1, 1569, 1, 1),
(8878, 1, 1569, 1, 1),
(9009, 1, 1569, 1, 1),
(8703, 1, 1569, 1, 1),
(8932, 1, 1569, 1, 1),
(9010, 1, 1569, 1, 1),
(9011, 1, 1569, 1, 1),
(8730, 1, 1569, 1, 1),
(9012, 1, 1569, 1, 1),
(9013, 1, 1569, 1, 1),
(9014, 3, 1569, 1, 1),
(8472, 1, 1569, 1, 1),
(9015, 1, 1569, 1, 1),
(9016, 1, 1569, 1, 1),
(8774, 3, 1569, 1, 1),
(9017, 1, 1569, 1, 1),
(9018, 1, 1569, 1, 1),
(9019, 1, 1569, 1, 1),
(8642, 1, 1569, 1, 1),
(9020, 1, 1569, 1, 1),
(9021, 1, 1569, 1, 1),
(8429, 1, 1569, 1, 1),
(9022, 1, 1569, 1, 1),
(9023, 1, 1569, 1, 1),
(9024, 1, 1569, 1, 1),
(9025, 1, 1569, 1, 1),
(9026, 1, 1569, 1, 1),
(9027, 1, 1569, 1, 1),
(9028, 1, 1569, 1, 1),
(9029, 1, 1569, 1, 1),
(9030, 1, 1569, 1, 1),
(9031, 1, 1569, 1, 1),
(9032, 1, 1569, 1, 1),
(9033, 1, 1569, 1, 1),
(8650, 1, 1569, 1, 1),
(8699, 1, 1569, 1, 1),
(9034, 1, 1569, 1, 1),
(8955, 1, 1569, 1, 1),
(8511, 1, 1569, 1, 1),
(9035, 1, 1569, 1, 1),
(9036, 1, 1569, 1, 1),
(9037, 1, 1569, 1, 1),
(9038, 1, 1569, 1, 1),
(9039, 1, 1569, 1, 1),
(8428, 2, 1569, 1, 1),
(9040, 2, 1569, 1, 1),
(9041, 2, 1569, 1, 1),
(9042, 1, 1569, 1, 1),
(9043, 1, 1569, 1, 1),
(9044, 1, 1569, 1, 1),
(8547, 1, 1569, 1, 1),
(8418, 1, 1569, 1, 1),
(9045, 1, 1569, 1, 1),
(9046, 1, 1569, 1, 1),
(9047, 1, 1569, 1, 1),
(8929, 1, 1569, 1, 1),
(9048, 1, 1569, 1, 1),
(9049, 1, 1569, 1, 1),
(9050, 1, 1569, 1, 1),
(8730, 2, 1569, 1, 1),
(9051, 1, 1569, 1, 1),
(8430, 1, 1569, 1, 1),
(9052, 1, 1569, 1, 1),
(9053, 1, 1569, 1, 1),
(9054, 1, 1569, 1, 1),
(9055, 1, 1569, 1, 1),
(9056, 1, 1569, 1, 1),
(8977, 1, 1569, 1, 1),
(9057, 1, 1569, 1, 1),
(9058, 1, 1569, 1, 1),
(9059, 1, 1569, 1, 1),
(9060, 2, 1569, 1, 1),
(8413, 1, 1569, 1, 1),
(9061, 1, 1569, 1, 1),
(9062, 1, 1569, 1, 1),
(9063, 1, 1569, 1, 1),
(9064, 1, 1569, 1, 1),
(9065, 1, 1569, 1, 1),
(9066, 1, 1569, 1, 1),
(9067, 1, 1569, 1, 1),
(9068, 1, 1569, 1, 1),
(9069, 1, 1569, 1, 1),
(9070, 1, 1569, 1, 1),
(9071, 1, 1569, 1, 1),
(8551, 1, 1569, 1, 1),
(9072, 1, 1569, 1, 1),
(9073, 1, 1569, 1, 1),
(9074, 1, 1569, 1, 1),
(9075, 1, 1569, 1, 1),
(9076, 1, 1569, 1, 1),
(9077, 1, 1569, 1, 1),
(8956, 1, 1569, 1, 1),
(9078, 1, 1569, 1, 1),
(9079, 1, 1569, 1, 1),
(9080, 1, 1569, 1, 1),
(9081, 1, 1569, 1, 1),
(9082, 1, 1569, 1, 1),
(9083, 1, 1569, 1, 1),
(9084, 1, 1569, 1, 1),
(9085, 1, 1569, 1, 1),
(8641, 2, 1569, 1, 1),
(9086, 1, 1569, 1, 1),
(9087, 1, 1569, 1, 1),
(9088, 1, 1569, 1, 1),
(8689, 1, 1569, 1, 1),
(8425, 1, 1569, 1, 1),
(9089, 1, 1569, 1, 1),
(9090, 1, 1569, 1, 1),
(8571, 3, 1569, 1, 1),
(9091, 1, 1569, 1, 1),
(9092, 1, 1569, 1, 1),
(9093, 1, 1569, 1, 1),
(9078, 2, 1569, 1, 1),
(9094, 1, 1569, 1, 1),
(8757, 1, 1569, 1, 1),
(9095, 1, 1569, 1, 1),
(9059, 1, 1569, 1, 1),
(9096, 1, 1569, 1, 1),
(9097, 1, 1569, 1, 1),
(9098, 1, 1569, 1, 1),
(9099, 1, 1569, 1, 1),
(8401, 1, 1569, 1, 1),
(9100, 1, 1569, 1, 1),
(9101, 1, 1569, 1, 1),
(9102, 1, 1569, 1, 1),
(8702, 1, 1569, 1, 1),
(9103, 1, 1569, 1, 1),
(9104, 1, 1569, 1, 1),
(9105, 2, 1569, 1, 1),
(9106, 1, 1569, 1, 1),
(9107, 1, 1569, 1, 1),
(8560, 1, 1569, 1, 1),
(9108, 1, 1569, 1, 1),
(8860, 1, 1569, 1, 1),
(9109, 1, 1569, 1, 1),
(9110, 1, 1569, 1, 1),
(9046, 1, 1569, 1, 1),
(8706, 1, 1569, 1, 1),
(9111, 1, 1569, 1, 1),
(9112, 1, 1569, 1, 1),
(9113, 1, 1569, 1, 1),
(9114, 1, 1569, 1, 1),
(9115, 1, 1569, 1, 1),
(9116, 2, 1569, 1, 1),
(9117, 1, 1569, 1, 1),
(9118, 1, 1569, 1, 1),
(9119, 1, 1569, 1, 1),
(9120, 1, 1569, 1, 1),
(9121, 1, 1569, 1, 1),
(8612, 1, 1569, 1, 1),
(9122, 1, 1569, 1, 1),
(9123, 1, 1569, 1, 1),
(9124, 1, 1569, 1, 1),
(9125, 1, 1569, 1, 1),
(9126, 1, 1569, 1, 1),
(8747, 2, 1569, 1, 1),
(9127, 1, 1569, 1, 1),
(9128, 1, 1569, 1, 1),
(9129, 1, 1569, 1, 1),
(9130, 1, 1569, 1, 1),
(8703, 1, 1569, 1, 1),
(9131, 1, 1569, 1, 1),
(9132, 1, 1569, 1, 1),
(9133, 1, 1569, 1, 1),
(8779, 1, 1569, 1, 1),
(9134, 1, 1569, 1, 1),
(8523, 1, 1569, 1, 1),
(9135, 1, 1569, 1, 1),
(9136, 1, 1569, 1, 1),
(9137, 1, 1569, 1, 1),
(9138, 1, 1569, 1, 1),
(8611, 1, 1569, 1, 1),
(9139, 1, 1569, 1, 1),
(9140, 1, 1569, 1, 1),
(9059, 1, 1569, 1, 1),
(9141, 1, 1569, 1, 1),
(9142, 1, 1569, 1, 1),
(9143, 1, 1569, 1, 1),
(9144, 1, 1569, 1, 1),
(9145, 1, 1569, 1, 1),
(8567, 1, 1569, 1, 1),
(9146, 1, 1569, 1, 1),
(9147, 1, 1569, 1, 1),
(9148, 1, 1569, 1, 1),
(9149, 1, 1569, 1, 1),
(9150, 1, 1569, 1, 1),
(9151, 1, 1569, 1, 1),
(8836, 1, 1569, 1, 1),
(9152, 1, 1569, 1, 1),
(9153, 1, 1569, 1, 1),
(9154, 1, 1569, 1, 1),
(9135, 1, 1569, 1, 1),
(9142, 1, 1569, 1, 1),
(9155, 1, 1569, 1, 1),
(9156, 1, 1569, 1, 1),
(9157, 1, 1569, 1, 1),
(9158, 1, 1569, 1, 1),
(9159, 2, 1569, 1, 1),
(9160, 1, 1569, 1, 1),
(9161, 1, 1569, 1, 1),
(9162, 2, 1569, 1, 1),
(9163, 1, 1569, 1, 1),
(8750, 1, 1569, 1, 1),
(9164, 1, 1569, 1, 1),
(9165, 1, 1569, 1, 1),
(9166, 1, 1569, 1, 1),
(9167, 1, 1569, 1, 1),
(9168, 1, 1569, 1, 1),
(9169, 1, 1569, 1, 1),
(9170, 1, 1569, 1, 1),
(9171, 1, 1569, 1, 1),
(9172, 1, 1569, 1, 1),
(9173, 1, 1569, 1, 1),
(9174, 1, 1569, 1, 1),
(8535, 1, 1569, 1, 1),
(9175, 1, 1569, 1, 1),
(8956, 1, 1569, 1, 1),
(9176, 1, 1569, 1, 1),
(9177, 1, 1569, 1, 1),
(9178, 1, 1569, 1, 1),
(9179, 1, 1569, 1, 1),
(8471, 1, 1569, 1, 1),
(9180, 1, 1569, 1, 1),
(8519, 1, 1569, 1, 1),
(9181, 1, 1569, 1, 1),
(9182, 1, 1569, 1, 1),
(9183, 1, 1569, 1, 1),
(8552, 1, 1569, 1, 1),
(9184, 1, 1569, 1, 1),
(9185, 1, 1569, 1, 1),
(9186, 1, 1569, 1, 1),
(9187, 1, 1569, 1, 1),
(9188, 1, 1569, 1, 1),
(9189, 1, 1569, 1, 1),
(9190, 1, 1569, 1, 1),
(8433, 1, 1569, 1, 1),
(9191, 1, 1569, 1, 1),
(8406, 1, 1569, 1, 1),
(9192, 1, 1569, 1, 1),
(9193, 1, 1569, 1, 1),
(9194, 1, 1569, 1, 1),
(9195, 1, 1569, 1, 1),
(9196, 1, 1569, 1, 1),
(9197, 1, 1569, 1, 1),
(9198, 1, 1569, 1, 1),
(9199, 1, 1569, 1, 1),
(9200, 1, 1569, 1, 1),
(8419, 1, 1569, 1, 1),
(8453, 1, 1569, 1, 1),
(9201, 1, 1569, 1, 1),
(8562, 1, 1569, 1, 1),
(9202, 1, 1569, 1, 1),
(9203, 1, 1569, 1, 1),
(9204, 1, 1569, 1, 1),
(9205, 1, 1569, 1, 1),
(9206, 1, 1569, 1, 1),
(9207, 1, 1569, 1, 1),
(9208, 1, 1569, 1, 1),
(9209, 1, 1569, 1, 1),
(9210, 1, 1569, 1, 1),
(9211, 1, 1569, 1, 1),
(8452, 1, 1569, 1, 1),
(9212, 1, 1569, 1, 1),
(9213, 1, 1569, 1, 1),
(9214, 1, 1569, 1, 1),
(9215, 1, 1569, 1, 1),
(9216, 1, 1569, 1, 1),
(9217, 1, 1569, 1, 1),
(9218, 1, 1569, 1, 1),
(8655, 1, 1569, 1, 1),
(9219, 1, 1569, 1, 1),
(9220, 1, 1569, 1, 1),
(9221, 1, 1569, 1, 1),
(9222, 1, 1569, 1, 1),
(9223, 1, 1569, 1, 1),
(8630, 3, 1569, 1, 1),
(9224, 1, 1569, 1, 1),
(9225, 1, 1569, 1, 1),
(9226, 1, 1569, 1, 1),
(9227, 1, 1569, 1, 1),
(9228, 1, 1569, 1, 1),
(9229, 1, 1569, 1, 1),
(8605, 1, 1569, 1, 1),
(9230, 1, 1569, 1, 1),
(9231, 2, 1569, 1, 1),
(9232, 1, 1569, 1, 1),
(9233, 1, 1569, 1, 1),
(9234, 1, 1569, 1, 1),
(9235, 1, 1569, 1, 1),
(9236, 1, 1569, 1, 1),
(9237, 2, 1569, 1, 1),
(9238, 1, 1569, 1, 1),
(9239, 1, 1569, 1, 1),
(9240, 1, 1569, 1, 1),
(8519, 1, 1569, 1, 1),
(9241, 1, 1569, 1, 1),
(9242, 1, 1569, 1, 1),
(9243, 1, 1569, 1, 1),
(9244, 1, 1569, 1, 1),
(9245, 1, 1569, 1, 1),
(8823, 1, 1569, 1, 1),
(9246, 1, 1569, 1, 1),
(9011, 1, 1569, 1, 1),
(9247, 1, 1569, 1, 1),
(8571, 1, 1569, 1, 1),
(9248, 1, 1569, 1, 1),
(9249, 1, 1569, 1, 1),
(9250, 1, 1569, 1, 1),
(9251, 1, 1569, 1, 1),
(9252, 1, 1569, 1, 1),
(9253, 1, 1569, 1, 1),
(9254, 1, 1569, 1, 1),
(9255, 1, 1569, 1, 1),
(9256, 1, 1569, 1, 1),
(9257, 1, 1569, 1, 1),
(9258, 1, 1569, 1, 1),
(8612, 1, 1569, 1, 1),
(9259, 1, 1569, 1, 1),
(8402, 1, 1569, 1, 1),
(9260, 1, 1569, 1, 1),
(9261, 1, 1569, 1, 1),
(9262, 1, 1569, 1, 1),
(9100, 1, 1569, 1, 1),
(9263, 1, 1569, 1, 1),
(9264, 1, 1569, 1, 1),
(9265, 1, 1569, 1, 1),
(9266, 1, 1569, 1, 1),
(8895, 1, 1569, 1, 1),
(8502, 1, 1569, 1, 1),
(9267, 1, 1569, 1, 1),
(9268, 1, 1569, 1, 1),
(9269, 1, 1569, 1, 1),
(8602, 1, 1569, 1, 1),
(9270, 1, 1569, 1, 1),
(8534, 1, 1569, 1, 1),
(9271, 1, 1569, 1, 1),
(8882, 1, 1569, 1, 1),
(9272, 1, 1569, 1, 1),
(9273, 1, 1569, 1, 1),
(8459, 1, 1569, 1, 1),
(9274, 1, 1569, 1, 1),
(9275, 1, 1569, 1, 1),
(9276, 2, 1569, 1, 1),
(9277, 1, 1569, 1, 1),
(9278, 1, 1569, 1, 1),
(9279, 1, 1569, 1, 1),
(8409, 1, 1569, 1, 1),
(9280, 1, 1569, 1, 1),
(8573, 1, 1569, 1, 1),
(9281, 1, 1569, 1, 1),
(9282, 1, 1569, 1, 1),
(9283, 1, 1569, 1, 1),
(9284, 1, 1569, 1, 1),
(9285, 1, 1569, 1, 1),
(9286, 1, 1569, 1, 1),
(8489, 1, 1569, 1, 1),
(8979, 1, 1569, 1, 1),
(9146, 1, 1569, 1, 1),
(9287, 1, 1569, 1, 1),
(9288, 1, 1569, 1, 1),
(8491, 1, 1569, 1, 1),
(9289, 1, 1569, 1, 1),
(9290, 1, 1569, 1, 1),
(9291, 1, 1569, 1, 1),
(9292, 1, 1569, 1, 1),
(9293, 1, 1569, 1, 1),
(9294, 1, 1569, 1, 1),
(9295, 1, 1569, 1, 1),
(9296, 1, 1569, 1, 1),
(9297, 1, 1569, 1, 1),
(9298, 1, 1569, 1, 1),
(9299, 22, 1571, 1, 1),
(9300, 22, 1578, 1, 1),
(9070, 22, 1578, 1, 1),
(9301, 22, 1578, 1, 1),
(9302, 1, 1578, 1, 1),
(9303, 1, 1578, 1, 1),
(9304, 1, 1578, 1, 1),
(9305, 1, 1578, 1, 1),
(9306, 1, 1578, 1, 1),
(9307, 1, 1578, 1, 1),
(9308, 1, 1578, 1, 1),
(9309, 1, 1578, 1, 1),
(9310, 1, 1578, 1, 1),
(8429, 1, 1578, 1, 1),
(9311, 1, 1578, 1, 1),
(9312, 1, 1578, 1, 1),
(9313, 1, 1578, 1, 1),
(8565, 1, 1578, 1, 1),
(9314, 1, 1578, 1, 1),
(9315, 1, 1578, 1, 1),
(9316, 1, 1578, 1, 1),
(9317, 1, 1578, 1, 1),
(9318, 1, 1578, 1, 1),
(9319, 1, 1578, 1, 1),
(9320, 1, 1578, 1, 1),
(9321, 1, 1578, 1, 1),
(9322, 1, 1578, 1, 1),
(8405, 1, 1578, 1, 1),
(8929, 1, 1578, 1, 1),
(9323, 1, 1578, 1, 1),
(9324, 1, 1578, 1, 1),
(8442, 1, 1578, 1, 1),
(9325, 1, 1578, 1, 1),
(8983, 1, 1578, 1, 1),
(8459, 1, 1578, 1, 1),
(8895, 1, 1578, 1, 1),
(8502, 1, 1578, 1, 1),
(8394, 22, 1582, 1, 1),
(8657, 22, 1583, 1, 1),
(8658, 22, 1583, 1, 1),
(9326, 22, 1584, 1, 1),
(9327, 22, 1585, 1, 1),
(9328, 22, 1585, 1, 1),
(8519, 22, 1586, 1, 1),
(8432, 22, 1586, 1, 1),
(9134, 22, 1586, 1, 1),
(8743, 1, 1586, 1, 1),
(9329, 1, 1586, 1, 1),
(8878, 1, 1586, 1, 1),
(8392, 1, 1586, 1, 1),
(9330, 1, 1586, 1, 1),
(9331, 1, 1586, 1, 1),
(9332, 1, 1586, 1, 1),
(9333, 1, 1586, 1, 1),
(9334, 1, 1586, 1, 1),
(9335, 23, 1713, 1, 1),
(9336, 22, 1713, 1, 1),
(8674, 25, 1713, 1, 1),
(9337, 22, 1713, 1, 1),
(9338, 1, 1713, 1, 1),
(9339, 2, 1713, 1, 1),
(9340, 3, 1713, 1, 1),
(9341, 2, 1713, 1, 1),
(9342, 5, 1713, 1, 1),
(9343, 3, 1713, 1, 1),
(9342, 3, 1713, 1, 1),
(9316, 3, 1713, 1, 1),
(9338, 1, 1713, 1, 1),
(9344, 1, 1713, 1, 1),
(9345, 1, 1713, 1, 1),
(9259, 1, 1713, 1, 1),
(9346, 2, 1713, 1, 1),
(9347, 1, 1713, 1, 1),
(9348, 2, 1713, 1, 1),
(9349, 6, 1713, 1, 1),
(9350, 6, 1713, 1, 1),
(9337, 6, 1713, 1, 1),
(9351, 3, 1713, 1, 1),
(9352, 3, 1713, 1, 1),
(9353, 3, 1713, 1, 1),
(9353, 4, 1713, 1, 1),
(9060, 1, 1713, 1, 1),
(9354, 2, 1713, 1, 1),
(9348, 21, 1713, 1, 1),
(9355, 1, 1713, 1, 1),
(9356, 1, 1713, 1, 1),
(9357, 3, 1713, 1, 1),
(9358, 2, 1713, 1, 1),
(9342, 9, 1713, 1, 1),
(8440, 1, 1713, 1, 1),
(8570, 2, 1713, 1, 1),
(8425, 5, 1713, 1, 1),
(9359, 1, 1713, 1, 1),
(8458, 1, 1713, 1, 1),
(9360, 1, 1713, 1, 1),
(9361, 1, 1713, 1, 1),
(9362, 8, 1713, 1, 1),
(9363, 1, 1713, 1, 1),
(9364, 1, 1713, 1, 1),
(9365, 5, 1713, 1, 1),
(9366, 1, 1713, 1, 1),
(9367, 1, 1713, 1, 1),
(9368, 1, 1713, 1, 1),
(9369, 1, 1713, 1, 1),
(9370, 1, 1713, 1, 1),
(9371, 2, 1713, 1, 1),
(9372, 1, 1713, 1, 1),
(9373, 1, 1713, 1, 1),
(8502, 1, 1713, 1, 1),
(9366, 1, 1713, 1, 1),
(9374, 1, 1713, 1, 1),
(9375, 5, 1713, 1, 1),
(9376, 2, 1713, 1, 1),
(8878, 3, 1713, 1, 1),
(9377, 1, 1713, 1, 1),
(9378, 1, 1713, 1, 1),
(9379, 1, 1713, 1, 1),
(8672, 1, 1713, 1, 1),
(9380, 1, 1713, 1, 1),
(9381, 2, 1713, 1, 1),
(9382, 1, 1713, 1, 1),
(8682, 4, 1713, 1, 1),
(9383, 1, 1713, 1, 1),
(9384, 1, 1713, 1, 1),
(9385, 1, 1713, 1, 1),
(9386, 1, 1713, 1, 1),
(9387, 1, 1713, 1, 1),
(8562, 3, 1713, 1, 1),
(9371, 5, 1713, 1, 1),
(9388, 1, 1713, 1, 1),
(9389, 2, 1713, 1, 1),
(8406, 10, 1713, 1, 1),
(9390, 3, 1713, 1, 1),
(8725, 1, 1713, 1, 1),
(9391, 3, 1713, 1, 1),
(9392, 1, 1713, 1, 1),
(9392, 1, 1713, 1, 1),
(9393, 6, 1713, 1, 1),
(9377, 4, 1713, 1, 1),
(9394, 1, 1713, 1, 1),
(9337, 1, 1713, 1, 1),
(9395, 2, 1713, 1, 1),
(8413, 8, 1713, 1, 1),
(9357, 1, 1713, 1, 1),
(9396, 1, 1713, 1, 1),
(9397, 1, 1713, 1, 1),
(9398, 1, 1713, 1, 1),
(8541, 1, 1713, 1, 1),
(9399, 1, 1713, 1, 1),
(8519, 1, 1713, 1, 1),
(9400, 1, 1713, 1, 1),
(9362, 2, 1713, 1, 1),
(8409, 1, 1713, 1, 1),
(8430, 1, 1713, 1, 1),
(8637, 7, 1713, 1, 1),
(9401, 1, 1713, 1, 1),
(9378, 3, 1713, 1, 1),
(9402, 2, 1713, 1, 1),
(9403, 2, 1713, 1, 1),
(9404, 1, 1713, 1, 1),
(9378, 1, 1713, 1, 1),
(9405, 3, 1713, 1, 1),
(9406, 1, 1713, 1, 1),
(9393, 1, 1713, 1, 1),
(9407, 1, 1713, 1, 1),
(9408, 1, 1713, 1, 1),
(8541, 1, 1713, 1, 1),
(9393, 2, 1713, 1, 1),
(9409, 1, 1713, 1, 1),
(9410, 2, 1713, 1, 1),
(9411, 1, 1713, 1, 1),
(9301, 1, 1713, 1, 1),
(9412, 1, 1713, 1, 1),
(9413, 1, 1713, 1, 1),
(9414, 1, 1713, 1, 1),
(9415, 5, 1713, 1, 1),
(9416, 1, 1713, 1, 1),
(9417, 1, 1713, 1, 1),
(9366, 1, 1713, 1, 1),
(9418, 1, 1713, 1, 1),
(9419, 1, 1713, 1, 1),
(9420, 1, 1713, 1, 1),
(9388, 1, 1713, 1, 1),
(9414, 1, 1713, 1, 1),
(9421, 1, 1713, 1, 1),
(9406, 2, 1713, 1, 1),
(9393, 2, 1713, 1, 1),
(9422, 1, 1713, 1, 1),
(9393, 2, 1713, 1, 1),
(9423, 1, 1713, 1, 1),
(9424, 1, 1713, 1, 1),
(9291, 3, 1713, 1, 1),
(9425, 1, 1713, 1, 1),
(9426, 2, 1713, 1, 1),
(9393, 1, 1713, 1, 1),
(9427, 1, 1713, 1, 1),
(9428, 2, 1713, 1, 1),
(9429, 1, 1713, 1, 1),
(9430, 2, 1713, 1, 1),
(9431, 1, 1713, 1, 1),
(9432, 1, 1713, 1, 1),
(8458, 3, 1713, 1, 1),
(9372, 1, 1713, 1, 1),
(9433, 1, 1713, 1, 1),
(9434, 1, 1713, 1, 1),
(8815, 1, 1713, 1, 1),
(9435, 1, 1713, 1, 1),
(9436, 1, 1713, 1, 1),
(9437, 1, 1713, 1, 1),
(9438, 1, 1713, 1, 1),
(8805, 2, 1713, 1, 1),
(9439, 1, 1713, 1, 1),
(9353, 2, 1713, 1, 1),
(9440, 1, 1713, 1, 1),
(9441, 1, 1713, 1, 1),
(9442, 2, 1713, 1, 1),
(9443, 2, 1713, 1, 1),
(9444, 1, 1713, 1, 1),
(9445, 1, 1713, 1, 1),
(9446, 1, 1713, 1, 1),
(9430, 1, 1713, 1, 1),
(9421, 3, 1713, 1, 1),
(9447, 2, 1713, 1, 1),
(9448, 2, 1713, 1, 1),
(9391, 1, 1713, 1, 1),
(9443, 2, 1713, 1, 1),
(9360, 2, 1713, 1, 1),
(9449, 1, 1713, 1, 1),
(9450, 1, 1713, 1, 1),
(9430, 1, 1713, 1, 1),
(9428, 1, 1713, 1, 1),
(8703, 1, 1713, 1, 1),
(8682, 1, 1713, 1, 1),
(9425, 2, 1713, 1, 1),
(9357, 1, 1713, 1, 1),
(9451, 1, 1713, 1, 1),
(9452, 1, 1713, 1, 1),
(8442, 1, 1713, 1, 1),
(9453, 1, 1713, 1, 1),
(8787, 1, 1713, 1, 1),
(8895, 1, 1713, 1, 1),
(9454, 3, 1713, 1, 1),
(8793, 1, 1713, 1, 1),
(9455, 1, 1713, 1, 1),
(9456, 1, 1713, 1, 1),
(9060, 1, 1713, 1, 1),
(9346, 1, 1713, 1, 1),
(8523, 1, 1713, 1, 1),
(8815, 1, 1713, 1, 1),
(9457, 1, 1713, 1, 1),
(9458, 1, 1713, 1, 1),
(9459, 1, 1713, 1, 1),
(9460, 1, 1713, 1, 1),
(9461, 1, 1713, 1, 1),
(9462, 1, 1713, 1, 1),
(9463, 1, 1713, 1, 1),
(9464, 1, 1713, 1, 1),
(9465, 1, 1713, 1, 1),
(9466, 1, 1713, 1, 1),
(9467, 1, 1713, 1, 1),
(9468, 1, 1713, 1, 1),
(9469, 1, 1713, 1, 1),
(9470, 1, 1713, 1, 1),
(9471, 1, 1713, 1, 1),
(9472, 1, 1713, 1, 1),
(9473, 1, 1713, 1, 1),
(9474, 1, 1713, 1, 1),
(9475, 1, 1713, 1, 1),
(9476, 1, 1713, 1, 1),
(8512, 1, 1713, 1, 1),
(8596, 1, 1713, 1, 1),
(8507, 1, 1713, 1, 1),
(9477, 1, 1713, 1, 1),
(9478, 1, 1713, 1, 1),
(8580, 1, 1713, 1, 1),
(8430, 1, 1713, 1, 1),
(9462, 1, 1713, 1, 1),
(9479, 1, 1713, 1, 1),
(9480, 1, 1713, 1, 1),
(9111, 1, 1713, 1, 1),
(8703, 2, 1713, 1, 1),
(9481, 1, 1713, 1, 1),
(8402, 1, 1713, 1, 1),
(8428, 1, 1713, 1, 1),
(9482, 1, 1713, 1, 1),
(8530, 1, 1713, 1, 1),
(9248, 1, 1713, 1, 1),
(9483, 1, 1713, 1, 1),
(9231, 2, 1713, 1, 1),
(9484, 1, 1713, 1, 1),
(8702, 1, 1713, 1, 1),
(9485, 1, 1713, 1, 1),
(9486, 1, 1713, 1, 1),
(9487, 1, 1713, 1, 1),
(9488, 1, 1713, 1, 1),
(9489, 1, 1713, 1, 1),
(9485, 2, 1713, 1, 1),
(9340, 2, 1713, 1, 1),
(9490, 1, 1713, 1, 1),
(9491, 1, 1713, 1, 1),
(9492, 1, 1713, 1, 1),
(9493, 1, 1713, 1, 1),
(9386, 1, 1713, 1, 1),
(8392, 1, 1713, 1, 1),
(9494, 1, 1713, 1, 1),
(9349, 1, 1713, 1, 1),
(9350, 1, 1713, 1, 1),
(9495, 1, 1713, 1, 1),
(9496, 1, 1713, 1, 1),
(9497, 1, 1713, 1, 1),
(8420, 1, 1713, 1, 1),
(9498, 1, 1713, 1, 1),
(8855, 1, 1713, 1, 1),
(9485, 1, 1713, 1, 1),
(9499, 1, 1713, 1, 1),
(9500, 1, 1713, 1, 1),
(8492, 1, 1713, 1, 1),
(9501, 1, 1713, 1, 1),
(9339, 1, 1713, 1, 1),
(8766, 1, 1713, 1, 1),
(9502, 1, 1713, 1, 1),
(9503, 2, 1713, 1, 1),
(9504, 1, 1713, 1, 1),
(8429, 1, 1713, 1, 1),
(9337, 1, 1713, 1, 1),
(8895, 1, 1713, 1, 1),
(9486, 1, 1713, 1, 1),
(9342, 1, 1713, 1, 1),
(9505, 1, 1713, 1, 1),
(9506, 1, 1713, 1, 1),
(9507, 2, 1713, 1, 1),
(9442, 1, 1713, 1, 1),
(9371, 1, 1713, 1, 1),
(9508, 1, 1713, 1, 1),
(8541, 3, 1713, 1, 1),
(9372, 2, 1713, 1, 1),
(9509, 1, 1713, 1, 1),
(9358, 1, 1713, 1, 1),
(9510, 1, 1713, 1, 1),
(9511, 1, 1713, 1, 1),
(9512, 1, 1713, 1, 1),
(9513, 1, 1713, 1, 1),
(9514, 1, 1713, 1, 1),
(9515, 1, 1713, 1, 1),
(9516, 22, 345, 1, 1),
(9517, 22, 345, 1, 1),
(9518, 22, 346, 1, 1),
(9519, 22, 347, 1, 1),
(9420, 22, 347, 1, 1),
(9520, 22, 348, 1, 1),
(9521, 22, 348, 1, 1),
(9514, 22, 1624, 1, 1),
(9522, 22, 1625, 1, 1),
(9523, 22, 1626, 1, 1),
(9524, 22, 1627, 1, 1),
(9525, 22, 1627, 1, 1),
(9526, 27, 1579, 1, 1),
(9527, 25, 1579, 1, 1),
(9528, 22, 1579, 1, 1),
(9529, 22, 1579, 1, 1),
(9530, 25, 1579, 1, 1),
(9531, 26, 1579, 1, 1),
(9532, 2, 1579, 1, 1),
(9533, 2, 1579, 1, 1),
(9534, 2, 1579, 1, 1),
(9421, 3, 1579, 1, 1),
(8539, 3, 1579, 1, 1),
(9535, 2, 1579, 1, 1),
(9536, 2, 1579, 1, 1),
(8492, 3, 1579, 1, 1),
(9529, 2, 1579, 1, 1),
(9537, 8, 1579, 1, 1),
(9538, 3, 1579, 1, 1),
(9539, 2, 1579, 1, 1),
(8603, 2, 1579, 1, 1),
(8429, 2, 1579, 1, 1),
(9540, 2, 1579, 1, 1),
(8425, 6, 1579, 1, 1),
(9541, 2, 1579, 1, 1),
(9542, 2, 1579, 1, 1),
(9543, 2, 1579, 1, 1),
(9544, 2, 1579, 1, 1),
(9545, 2, 1579, 1, 1),
(9546, 2, 1579, 1, 1),
(9547, 2, 1579, 1, 1),
(9548, 2, 1579, 1, 1),
(9549, 2, 1579, 1, 1),
(9550, 2, 1579, 1, 1),
(9551, 3, 1579, 1, 1),
(9552, 3, 1579, 1, 1),
(9553, 1, 1579, 1, 1),
(9554, 1, 1579, 1, 1),
(8458, 1, 1579, 1, 1),
(9555, 1, 1579, 1, 1),
(9556, 1, 1579, 1, 1),
(8415, 4, 1579, 1, 1),
(9557, 1, 1579, 1, 1),
(9558, 1, 1579, 1, 1),
(9559, 1, 1579, 1, 1),
(9560, 1, 1579, 1, 1),
(9561, 1, 1579, 1, 1),
(8790, 1, 1579, 1, 1),
(8413, 5, 1579, 1, 1),
(9562, 1, 1579, 1, 1),
(9563, 1, 1579, 1, 1),
(9564, 1, 1579, 1, 1),
(9529, 1, 1579, 1, 1),
(9565, 1, 1579, 1, 1),
(9566, 1, 1579, 1, 1),
(9319, 1, 1579, 1, 1),
(9567, 1, 1579, 1, 1),
(9568, 2, 1579, 1, 1),
(8939, 1, 1579, 1, 1),
(9561, 1, 1579, 1, 1),
(9557, 1, 1579, 1, 1),
(9569, 1, 1579, 1, 1),
(9570, 1, 1579, 1, 1),
(9571, 1, 1579, 1, 1),
(9572, 1, 1579, 1, 1),
(9573, 1, 1579, 1, 1),
(9574, 1, 1579, 1, 1),
(9404, 2, 1579, 1, 1),
(8414, 1, 1579, 1, 1),
(9575, 1, 1579, 1, 1),
(9576, 1, 1579, 1, 1),
(9577, 1, 1579, 1, 1),
(9578, 2, 1579, 1, 1),
(9579, 2, 1579, 1, 1),
(9014, 2, 1579, 1, 1),
(9580, 1, 1579, 1, 1),
(9581, 1, 1579, 1, 1),
(9582, 1, 1579, 1, 1),
(9583, 1, 1579, 1, 1),
(9584, 1, 1579, 1, 1),
(8641, 1, 1579, 1, 1),
(9585, 1, 1579, 1, 1),
(9586, 1, 1579, 1, 1),
(9587, 1, 1579, 1, 1),
(8939, 1, 1579, 1, 1),
(9490, 1, 1579, 1, 1),
(9588, 1, 1579, 1, 1),
(9589, 1, 1579, 1, 1),
(9590, 1, 1579, 1, 1),
(9138, 1, 1579, 1, 1),
(9591, 1, 1579, 1, 1),
(9592, 1, 1579, 1, 1),
(9593, 1, 1579, 1, 1),
(9594, 1, 1579, 1, 1),
(8641, 1, 1579, 1, 1),
(9595, 1, 1579, 1, 1),
(9596, 1, 1579, 1, 1),
(9597, 1, 1579, 1, 1),
(9598, 1, 1579, 1, 1),
(9599, 1, 1579, 1, 1),
(9600, 1, 1579, 1, 1),
(9189, 1, 1579, 1, 1),
(9601, 1, 1579, 1, 1),
(9602, 1, 1579, 1, 1),
(9375, 1, 1579, 1, 1),
(9277, 1, 1579, 1, 1),
(9603, 1, 1579, 1, 1),
(8428, 3, 1579, 1, 1),
(9604, 1, 1579, 1, 1),
(9605, 1, 1579, 1, 1),
(9606, 1, 1579, 1, 1),
(9607, 1, 1579, 1, 1),
(9608, 1, 1579, 1, 1),
(9609, 1, 1579, 1, 1),
(8908, 1, 1579, 1, 1),
(9529, 2, 1579, 1, 1),
(8700, 1, 1579, 1, 1),
(9610, 1, 1579, 1, 1),
(9611, 1, 1579, 1, 1),
(9612, 1, 1579, 1, 1),
(9613, 1, 1579, 1, 1),
(9614, 1, 1579, 1, 1),
(9615, 1, 1579, 1, 1),
(9616, 1, 1579, 1, 1),
(9617, 1, 1579, 1, 1),
(9618, 1, 1579, 1, 1),
(9619, 1, 1579, 1, 1),
(8674, 1, 1579, 1, 1),
(8605, 1, 1579, 1, 1),
(8625, 1, 1579, 1, 1),
(9620, 1, 1579, 1, 1),
(9621, 1, 1579, 1, 1),
(9622, 1, 1579, 1, 1),
(9623, 1, 1579, 1, 1),
(9004, 1, 1579, 1, 1),
(9624, 1, 1579, 1, 1),
(9625, 1, 1579, 1, 1),
(9626, 1, 1579, 1, 1),
(9627, 1, 1579, 1, 1),
(9628, 1, 1579, 1, 1),
(9629, 1, 1579, 1, 1),
(9630, 1, 1579, 1, 1),
(8442, 2, 1579, 1, 1),
(9631, 1, 1579, 1, 1),
(9514, 1, 1579, 1, 1),
(9632, 1, 1579, 1, 1),
(8406, 1, 1579, 1, 1),
(8524, 1, 1579, 1, 1),
(9633, 1, 1579, 1, 1),
(9634, 1, 1579, 1, 1),
(8523, 1, 1579, 1, 1),
(9635, 1, 1579, 1, 1),
(9636, 1, 1579, 1, 1),
(9637, 1, 1579, 1, 1),
(9138, 1, 1579, 1, 1),
(9638, 1, 1579, 1, 1),
(9639, 1, 1579, 1, 1),
(9640, 1, 1579, 1, 1),
(8778, 1, 1579, 1, 1),
(9572, 1, 1579, 1, 1),
(9641, 1, 1579, 1, 1),
(9642, 1, 1579, 1, 1),
(9643, 1, 1579, 1, 1),
(9644, 1, 1579, 1, 1),
(9645, 1, 1579, 1, 1),
(8608, 1, 1579, 1, 1),
(9646, 1, 1579, 1, 1),
(9647, 1, 1579, 1, 1),
(9289, 1, 1579, 1, 1),
(8766, 1, 1579, 1, 1),
(9648, 1, 1579, 1, 1),
(9649, 1, 1579, 1, 1),
(9650, 1, 1579, 1, 1),
(9651, 1, 1579, 1, 1),
(9549, 1, 1579, 1, 1),
(9550, 1, 1579, 1, 1),
(9023, 1, 1579, 1, 1),
(9652, 1, 1579, 1, 1),
(9653, 1, 1579, 1, 1),
(9654, 1, 1579, 1, 1),
(9655, 1, 1579, 1, 1),
(9656, 1, 1579, 1, 1),
(9657, 1, 1579, 1, 1),
(9276, 1, 1579, 1, 1),
(8811, 1, 1579, 1, 1),
(8624, 1, 1579, 1, 1),
(9658, 1, 1579, 1, 1),
(9659, 1, 1579, 1, 1),
(9660, 1, 1579, 1, 1),
(9637, 1, 1579, 1, 1),
(9661, 1, 1579, 1, 1),
(8914, 1, 1579, 1, 1),
(8811, 1, 1579, 1, 1),
(9594, 1, 1579, 1, 1),
(9662, 1, 1579, 1, 1),
(9663, 1, 1579, 1, 1),
(9664, 1, 1579, 1, 1),
(8861, 1, 1579, 1, 1),
(9665, 22, 1581, 1, 1),
(9666, 24, 1581, 1, 1),
(9667, 24, 1581, 1, 1),
(8413, 23, 1581, 1, 1),
(9668, 22, 1581, 1, 1),
(9669, 24, 1581, 1, 1),
(9670, 24, 1581, 1, 1),
(9671, 2, 1581, 1, 1),
(9672, 2, 1581, 1, 1),
(8674, 2, 1581, 1, 1),
(9673, 2, 1581, 1, 1),
(8539, 2, 1581, 1, 1),
(9674, 2, 1581, 1, 1),
(8940, 2, 1581, 1, 1),
(9668, 3, 1581, 1, 1),
(9675, 2, 1581, 1, 1),
(9676, 2, 1581, 1, 1),
(8471, 2, 1581, 1, 1),
(9677, 2, 1581, 1, 1),
(9678, 4, 1581, 1, 1),
(9679, 2, 1581, 1, 1),
(8491, 1, 1581, 1, 1),
(8861, 1, 1581, 1, 1),
(9680, 1, 1581, 1, 1),
(9681, 1, 1581, 1, 1),
(9682, 2, 1581, 1, 1),
(9683, 2, 1581, 1, 1),
(9684, 1, 1581, 1, 1),
(8492, 1, 1581, 1, 1),
(9685, 1, 1581, 1, 1),
(9529, 1, 1581, 1, 1),
(9686, 1, 1581, 1, 1),
(8519, 1, 1581, 1, 1),
(9687, 1, 1581, 1, 1),
(9688, 1, 1581, 1, 1),
(9689, 1, 1581, 1, 1),
(9690, 1, 1581, 1, 1),
(9691, 1, 1581, 1, 1),
(8429, 2, 1581, 1, 1),
(8861, 2, 1581, 1, 1),
(9692, 1, 1581, 1, 1),
(9693, 1, 1581, 1, 1),
(9694, 1, 1581, 1, 1),
(9695, 1, 1581, 1, 1),
(9696, 2, 1581, 1, 1),
(9697, 2, 1581, 1, 1),
(9698, 1, 1581, 1, 1),
(9699, 1, 1581, 1, 1),
(9700, 1, 1581, 1, 1),
(8896, 1, 1581, 1, 1),
(9701, 1, 1581, 1, 1),
(9702, 1, 1581, 1, 1),
(9703, 1, 1581, 1, 1),
(9704, 1, 1581, 1, 1),
(9676, 1, 1581, 1, 1),
(9540, 1, 1581, 1, 1),
(9705, 1, 1581, 1, 1),
(8878, 1, 1581, 1, 1),
(9706, 1, 1581, 1, 1),
(9707, 1, 1581, 1, 1),
(9708, 1, 1581, 1, 1),
(8973, 2, 1581, 1, 1),
(9709, 1, 1581, 1, 1),
(9710, 1, 1581, 1, 1),
(8893, 1, 1581, 1, 1),
(9711, 1, 1581, 1, 1),
(9712, 1, 1581, 1, 1),
(9713, 4, 1581, 1, 1),
(9714, 4, 1581, 1, 1),
(9715, 1, 1581, 1, 1),
(9716, 1, 1581, 1, 1),
(9717, 1, 1581, 1, 1),
(9715, 1, 1581, 1, 1),
(9708, 1, 1581, 1, 1),
(9718, 1, 1581, 1, 1),
(9719, 1, 1581, 1, 1),
(9720, 3, 1581, 1, 1),
(9721, 3, 1581, 1, 1),
(9676, 1, 1581, 1, 1),
(9722, 1, 1581, 1, 1),
(9723, 1, 1581, 1, 1),
(9724, 1, 1581, 1, 1),
(9725, 1, 1581, 1, 1),
(9726, 1, 1581, 1, 1),
(9727, 1, 1581, 1, 1),
(9728, 1, 1581, 1, 1),
(9729, 1, 1581, 1, 1),
(9730, 1, 1581, 1, 1),
(9731, 1, 1581, 1, 1),
(9725, 1, 1581, 1, 1),
(9732, 1, 1581, 1, 1),
(9733, 1, 1581, 1, 1),
(9734, 1, 1581, 1, 1),
(8895, 1, 1581, 1, 1),
(9735, 1, 1581, 1, 1),
(9736, 1, 1581, 1, 1),
(9737, 1, 1581, 1, 1),
(9386, 1, 1581, 1, 1),
(9738, 1, 1581, 1, 1),
(9669, 1, 1581, 1, 1),
(9670, 1, 1581, 1, 1),
(9739, 1, 1581, 1, 1),
(9740, 1, 1581, 1, 1),
(9741, 1, 1581, 1, 1),
(8778, 1, 1581, 1, 1),
(9742, 23, 1611, 1, 1),
(9743, 23, 1611, 1, 1),
(9744, 24, 1611, 1, 1),
(9745, 25, 1611, 1, 1),
(9746, 25, 1611, 1, 1),
(9747, 2, 1611, 1, 1),
(9748, 2, 1611, 1, 1),
(9749, 2, 1611, 1, 1),
(8524, 2, 1611, 1, 1),
(9750, 2, 1611, 1, 1),
(8624, 2, 1611, 1, 1),
(9159, 2, 1611, 1, 1),
(9751, 2, 1611, 1, 1),
(8702, 4, 1611, 1, 1),
(8703, 4, 1611, 1, 1),
(9752, 2, 1611, 1, 1),
(9753, 2, 1611, 1, 1),
(9337, 2, 1611, 1, 1),
(8405, 2, 1611, 1, 1),
(9754, 2, 1611, 1, 1),
(9755, 2, 1611, 1, 1),
(8413, 3, 1611, 1, 1),
(8695, 2, 1611, 1, 1),
(8495, 2, 1611, 1, 1),
(9756, 2, 1611, 1, 1),
(9757, 2, 1611, 1, 1),
(9758, 2, 1611, 1, 1),
(9759, 2, 1611, 1, 1),
(8674, 2, 1611, 1, 1),
(9760, 2, 1611, 1, 1),
(9761, 2, 1611, 1, 1),
(9762, 2, 1611, 1, 1),
(9763, 2, 1611, 1, 1),
(9764, 2, 1611, 1, 1),
(9765, 1, 1611, 1, 1),
(8788, 1, 1611, 1, 1),
(8577, 1, 1611, 1, 1),
(8400, 1, 1611, 1, 1),
(8511, 1, 1611, 1, 1),
(9766, 1, 1611, 1, 1),
(9742, 2, 1611, 1, 1),
(8874, 1, 1611, 1, 1),
(9767, 1, 1611, 1, 1),
(8895, 1, 1611, 1, 1),
(9768, 1, 1611, 1, 1),
(9769, 1, 1611, 1, 1),
(8429, 1, 1611, 1, 1),
(9554, 1, 1611, 1, 1),
(9770, 1, 1611, 1, 1),
(8452, 1, 1611, 1, 1),
(8570, 1, 1611, 1, 1),
(8406, 1, 1611, 1, 1),
(8419, 1, 1611, 1, 1),
(9771, 1, 1611, 1, 1),
(8425, 1, 1611, 1, 1),
(9772, 1, 1611, 1, 1),
(8428, 2, 1611, 1, 1),
(8576, 1, 1611, 1, 1),
(9773, 1, 1611, 1, 1),
(8633, 1, 1611, 1, 1),
(9774, 1, 1611, 1, 1),
(9587, 1, 1611, 1, 1),
(8430, 1, 1611, 1, 1),
(9775, 1, 1611, 1, 1),
(9776, 1, 1611, 1, 1),
(9023, 1, 1611, 1, 1),
(9770, 1, 1611, 1, 1),
(9760, 1, 1611, 1, 1),
(8627, 1, 1611, 1, 1),
(9316, 1, 1611, 1, 1),
(9777, 1, 1611, 1, 1),
(8406, 1, 1611, 1, 1),
(9390, 1, 1611, 1, 1),
(8725, 1, 1611, 1, 1),
(9778, 1, 1611, 1, 1),
(8906, 1, 1611, 1, 1),
(8402, 1, 1611, 1, 1),
(9779, 25, 1763, 1, 1),
(9780, 24, 1763, 1, 1),
(9781, 23, 1763, 1, 1),
(9782, 23, 1763, 1, 1),
(9783, 23, 1763, 1, 1),
(9784, 23, 1763, 1, 1),
(9537, 12, 1763, 1, 1),
(9785, 2, 1763, 1, 1),
(9786, 2, 1763, 1, 1),
(9787, 6, 1763, 1, 1),
(8400, 2, 1763, 1, 1),
(9788, 1, 1763, 1, 1),
(9789, 1, 1763, 1, 1),
(9779, 1, 1763, 1, 1),
(9790, 5, 1763, 1, 1),
(9791, 1, 1763, 1, 1),
(8674, 3, 1763, 1, 1),
(9568, 1, 1763, 1, 1),
(9650, 1, 1763, 1, 1),
(9779, 2, 1763, 1, 1),
(9780, 2, 1763, 1, 1),
(9792, 1, 1763, 1, 1),
(8878, 6, 1763, 1, 1),
(9793, 1, 1763, 1, 1),
(9794, 1, 1763, 1, 1),
(9591, 1, 1763, 1, 1),
(9529, 2, 1763, 1, 1),
(9795, 1, 1763, 1, 1),
(9796, 1, 1763, 1, 1),
(9797, 1, 1763, 1, 1),
(8547, 2, 1763, 1, 1),
(9798, 1, 1763, 1, 1),
(9799, 1, 1763, 1, 1),
(9800, 1, 1763, 1, 1),
(9801, 1, 1763, 1, 1),
(9802, 1, 1763, 1, 1),
(9366, 1, 1763, 1, 1),
(9423, 1, 1763, 1, 1),
(9596, 1, 1763, 1, 1),
(9803, 2, 1763, 1, 1),
(9804, 2, 1763, 1, 1),
(8471, 1, 1763, 1, 1),
(9805, 1, 1763, 1, 1),
(9806, 1, 1763, 1, 1),
(9792, 1, 1763, 1, 1),
(9807, 1, 1763, 1, 1),
(9808, 1, 1763, 1, 1),
(9809, 1, 1763, 1, 1),
(9810, 1, 1763, 1, 1),
(9811, 1, 1763, 1, 1),
(9812, 1, 1763, 1, 1),
(9813, 3, 1763, 1, 1),
(9814, 2, 1763, 1, 1),
(8397, 1, 1763, 1, 1),
(9815, 2, 1763, 1, 1),
(9133, 1, 1763, 1, 1),
(9816, 1, 1763, 1, 1),
(9817, 1, 1763, 1, 1),
(9818, 1, 1763, 1, 1),
(9819, 1, 1763, 1, 1),
(9820, 1, 1763, 1, 1),
(8778, 1, 1763, 1, 1),
(9821, 1, 1763, 1, 1),
(9822, 1, 1763, 1, 1),
(8428, 13, 1763, 1, 1),
(8595, 4, 1763, 1, 1),
(9823, 1, 1763, 1, 1),
(9824, 1, 1763, 1, 1),
(9825, 1, 1763, 1, 1),
(8519, 6, 1763, 1, 1),
(8570, 6, 1763, 1, 1),
(9826, 1, 1763, 1, 1),
(8413, 13, 1763, 1, 1),
(9788, 2, 1763, 1, 1),
(9159, 1, 1763, 1, 1),
(9510, 2, 1763, 1, 1),
(9827, 2, 1763, 1, 1),
(9828, 1, 1763, 1, 1),
(9561, 2, 1763, 1, 1),
(9578, 1, 1763, 1, 1),
(9529, 3, 1763, 1, 1),
(9829, 1, 1763, 1, 1),
(9830, 1, 1763, 1, 1),
(9784, 1, 1763, 1, 1),
(9831, 1, 1763, 1, 1),
(9832, 1, 1763, 1, 1),
(9296, 1, 1763, 1, 1),
(9833, 1, 1763, 1, 1),
(9834, 1, 1763, 1, 1),
(9835, 1, 1763, 1, 1),
(9836, 1, 1763, 1, 1),
(9837, 1, 1763, 1, 1),
(9838, 1, 1763, 1, 1),
(8678, 3, 1763, 1, 1),
(9325, 1, 1763, 1, 1),
(9839, 1, 1763, 1, 1),
(9840, 1, 1763, 1, 1),
(9841, 1, 1763, 1, 1),
(9842, 1, 1763, 1, 1),
(8402, 1, 1763, 1, 1),
(9843, 1, 1763, 1, 1),
(8608, 3, 1763, 1, 1),
(9844, 1, 1763, 1, 1),
(9845, 1, 1763, 1, 1),
(9846, 1, 1763, 1, 1),
(9561, 1, 1763, 1, 1),
(8571, 4, 1763, 1, 1),
(8429, 4, 1763, 1, 1),
(8449, 2, 1763, 1, 1),
(9847, 1, 1763, 1, 1),
(8415, 1, 1763, 1, 1),
(9622, 1, 1763, 1, 1),
(9848, 2, 1763, 1, 1),
(8525, 2, 1763, 1, 1),
(9849, 1, 1763, 1, 1),
(9850, 1, 1763, 1, 1),
(8612, 2, 1763, 1, 1),
(8425, 15, 1763, 1, 1),
(9625, 1, 1763, 1, 1),
(9851, 1, 1763, 1, 1),
(9852, 1, 1763, 1, 1),
(8570, 5, 1763, 1, 1),
(8420, 1, 1763, 1, 1),
(8429, 1, 1763, 1, 1),
(9853, 1, 1763, 1, 1),
(9854, 1, 1763, 1, 1),
(8562, 1, 1763, 1, 1),
(9855, 1, 1763, 1, 1),
(9138, 1, 1763, 1, 1),
(9856, 1, 1763, 1, 1),
(9857, 1, 1763, 1, 1),
(8863, 2, 1763, 1, 1),
(9858, 1, 1763, 1, 1),
(9859, 1, 1763, 1, 1),
(9860, 1, 1763, 1, 1),
(8404, 1, 1763, 1, 1),
(9861, 1, 1763, 1, 1),
(9862, 1, 1763, 1, 1),
(9863, 5, 1763, 1, 1),
(8405, 3, 1763, 1, 1),
(8641, 4, 1763, 1, 1),
(9864, 1, 1763, 1, 1),
(9865, 1, 1763, 1, 1),
(8861, 1, 1763, 1, 1),
(9587, 1, 1763, 1, 1),
(9866, 1, 1763, 1, 1),
(9867, 1, 1763, 1, 1),
(9868, 1, 1763, 1, 1),
(9400, 1, 1763, 1, 1),
(9869, 2, 1763, 1, 1),
(9668, 1, 1763, 1, 1),
(8979, 1, 1763, 1, 1),
(8629, 1, 1763, 1, 1),
(9870, 1, 1763, 1, 1),
(9797, 2, 1763, 1, 1),
(8601, 1, 1763, 1, 1),
(9871, 1, 1763, 1, 1),
(8541, 4, 1763, 1, 1),
(8678, 4, 1763, 1, 1),
(9872, 1, 1763, 1, 1),
(9873, 2, 1763, 1, 1),
(9874, 1, 1763, 1, 1),
(9875, 1, 1763, 1, 1),
(9876, 1, 1763, 1, 1),
(9767, 1, 1763, 1, 1),
(8429, 1, 1763, 1, 1),
(9877, 1, 1763, 1, 1),
(9878, 1, 1763, 1, 1),
(9084, 2, 1763, 1, 1),
(8777, 2, 1763, 1, 1),
(9879, 1, 1763, 1, 1),
(9880, 1, 1763, 1, 1),
(9790, 3, 1763, 1, 1),
(9881, 1, 1763, 1, 1),
(8495, 1, 1763, 1, 1),
(9882, 1, 1763, 1, 1),
(9883, 1, 1763, 1, 1),
(9884, 1, 1763, 1, 1),
(9885, 1, 1763, 1, 1),
(8788, 2, 1763, 1, 1),
(9886, 1, 1763, 1, 1),
(9887, 1, 1763, 1, 1),
(9888, 1, 1763, 1, 1),
(8601, 1, 1763, 1, 1),
(9889, 1, 1763, 1, 1),
(8405, 6, 1763, 1, 1),
(9890, 1, 1763, 1, 1),
(9891, 1, 1763, 1, 1),
(9892, 1, 1763, 1, 1),
(9893, 1, 1763, 1, 1),
(9319, 1, 1763, 1, 1),
(8449, 1, 1763, 1, 1),
(9894, 1, 1763, 1, 1),
(9895, 1, 1763, 1, 1),
(8503, 1, 1763, 1, 1),
(9896, 1, 1763, 1, 1),
(8492, 2, 1763, 1, 1),
(9897, 1, 1763, 1, 1),
(9898, 1, 1763, 1, 1),
(9899, 2, 1763, 1, 1),
(9900, 1, 1763, 1, 1),
(9901, 1, 1763, 1, 1),
(8552, 3, 1763, 1, 1),
(9902, 1, 1763, 1, 1),
(8574, 1, 1763, 1, 1),
(9903, 1, 1763, 1, 1),
(9904, 1, 1763, 1, 1),
(9905, 1, 1763, 1, 1),
(9014, 1, 1763, 1, 1),
(8405, 6, 1763, 1, 1),
(9906, 1, 1763, 1, 1),
(9907, 1, 1763, 1, 1),
(9908, 1, 1763, 1, 1),
(9909, 1, 1763, 1, 1),
(8561, 6, 1763, 1, 1),
(9910, 1, 1763, 1, 1),
(9911, 3, 1763, 1, 1),
(9912, 1, 1763, 1, 1),
(9913, 1, 1763, 1, 1),
(9914, 2, 1763, 1, 1),
(9915, 1, 1763, 1, 1),
(9916, 1, 1763, 1, 1),
(8397, 1, 1763, 1, 1),
(9917, 1, 1763, 1, 1),
(9266, 1, 1763, 1, 1),
(8489, 4, 1763, 1, 1),
(9918, 1, 1763, 1, 1),
(8637, 12, 1763, 1, 1),
(9111, 2, 1763, 1, 1),
(9783, 1, 1763, 1, 1),
(9287, 1, 1763, 1, 1),
(9919, 1, 1763, 1, 1),
(8519, 1, 1763, 1, 1),
(9920, 1, 1763, 1, 1),
(8895, 2, 1763, 1, 1),
(9251, 2, 1763, 1, 1),
(9921, 1, 1763, 1, 1),
(8571, 1, 1763, 1, 1),
(9922, 1, 1763, 1, 1),
(9319, 1, 1763, 1, 1),
(8458, 2, 1763, 1, 1),
(8489, 2, 1763, 1, 1),
(8424, 1, 1763, 1, 1),
(8640, 2, 1763, 1, 1),
(9923, 1, 1763, 1, 1),
(8717, 1, 1763, 1, 1),
(9924, 1, 1763, 1, 1),
(8576, 1, 1763, 1, 1),
(9925, 1, 1763, 1, 1),
(8641, 3, 1763, 1, 1),
(9926, 1, 1763, 1, 1),
(9439, 1, 1763, 1, 1),
(8961, 1, 1763, 1, 1),
(8430, 1, 1763, 1, 1),
(9927, 1, 1763, 1, 1),
(8961, 1, 1763, 1, 1),
(8682, 1, 1763, 1, 1),
(8838, 1, 1763, 1, 1),
(8419, 1, 1763, 1, 1),
(9928, 1, 1763, 1, 1),
(9929, 1, 1763, 1, 1),
(8524, 1, 1763, 1, 1),
(9930, 1, 1763, 1, 1),
(9931, 1, 1763, 1, 1),
(9932, 1, 1763, 1, 1),
(9933, 1, 1763, 1, 1),
(8519, 2, 1763, 1, 1),
(9934, 1, 1763, 1, 1),
(9935, 1, 1763, 1, 1),
(9936, 1, 1763, 1, 1),
(8405, 1, 1763, 1, 1),
(9937, 1, 1763, 1, 1),
(9938, 1, 1763, 1, 1),
(8916, 2, 1763, 1, 1),
(9939, 1, 1763, 1, 1),
(9940, 1, 1763, 1, 1),
(9941, 1, 1763, 1, 1),
(9942, 1, 1763, 1, 1),
(9943, 1, 1763, 1, 1),
(8840, 1, 1763, 1, 1),
(9944, 1, 1763, 1, 1),
(9945, 1, 1763, 1, 1),
(9946, 1, 1763, 1, 1),
(8399, 1, 1763, 1, 1),
(9947, 1, 1763, 1, 1),
(9948, 1, 1763, 1, 1),
(9949, 1, 1763, 1, 1),
(9950, 1, 1763, 1, 1),
(9667, 1, 1763, 1, 1),
(9951, 1, 1763, 1, 1),
(9952, 1, 1763, 1, 1),
(8419, 1, 1763, 1, 1),
(9784, 1, 1763, 1, 1),
(9953, 1, 1763, 1, 1),
(8743, 1, 1763, 1, 1),
(9954, 1, 1763, 1, 1),
(8560, 1, 1763, 1, 1),
(9955, 1, 1763, 1, 1),
(9790, 2, 1763, 1, 1),
(9956, 1, 1763, 1, 1),
(9957, 1, 1763, 1, 1),
(9958, 1, 1763, 1, 1),
(9684, 1, 1763, 1, 1),
(9959, 1, 1763, 1, 1),
(9960, 1, 1763, 1, 1),
(8471, 2, 1763, 1, 1),
(9961, 1, 1763, 1, 1),
(9962, 1, 1763, 1, 1),
(9797, 3, 1763, 1, 1),
(8900, 2, 1763, 1, 1),
(8541, 1, 1763, 1, 1),
(9877, 1, 1763, 1, 1),
(9963, 1, 1763, 1, 1),
(9964, 1, 1763, 1, 1),
(9965, 1, 1763, 1, 1),
(9966, 1, 1763, 1, 1),
(8397, 1, 1763, 1, 1),
(9967, 1, 1763, 1, 1),
(9968, 1, 1763, 1, 1),
(9969, 2, 1763, 1, 1),
(9970, 1, 1763, 1, 1),
(9655, 1, 1763, 1, 1),
(8471, 2, 1763, 1, 1),
(9971, 1, 1763, 1, 1),
(9972, 1, 1763, 1, 1),
(8581, 1, 1763, 1, 1),
(9973, 1, 1763, 1, 1),
(9974, 1, 1763, 1, 1),
(9154, 1, 1763, 1, 1),
(9975, 1, 1763, 1, 1),
(9976, 1, 1763, 1, 1),
(9977, 1, 1763, 1, 1),
(9978, 1, 1763, 1, 1),
(8674, 1, 1763, 1, 1),
(9300, 1, 1763, 1, 1),
(9979, 1, 1763, 1, 1),
(8625, 1, 1763, 1, 1),
(9980, 1, 1763, 1, 1),
(9499, 2, 1763, 1, 1),
(9981, 1, 1763, 1, 1),
(8793, 1, 1763, 1, 1),
(8927, 1, 1763, 1, 1),
(9141, 1, 1763, 1, 1),
(9982, 1, 1763, 1, 1),
(9983, 1, 1763, 1, 1),
(9740, 1, 1763, 1, 1),
(8793, 1, 1763, 1, 1),
(9984, 1, 1763, 1, 1),
(9984, 1, 1763, 1, 1),
(9213, 1, 1763, 1, 1),
(9799, 1, 1763, 1, 1),
(8414, 1, 1763, 1, 1),
(8442, 1, 1763, 1, 1),
(9985, 1, 1763, 1, 1),
(8672, 1, 1763, 1, 1),
(9986, 1, 1763, 1, 1),
(8483, 1, 1763, 1, 1),
(9039, 1, 1763, 1, 1),
(9987, 1, 1763, 1, 1),
(9988, 1, 1763, 1, 1),
(8400, 1, 1763, 1, 1),
(8747, 1, 1763, 1, 1),
(9989, 1, 1763, 1, 1),
(9990, 1, 1763, 1, 1),
(9529, 3, 1763, 1, 1),
(9991, 1, 1763, 1, 1),
(9992, 1, 1763, 1, 1),
(9797, 3, 1763, 1, 1),
(9993, 2, 1763, 1, 1),
(9994, 1, 1763, 1, 1),
(9995, 1, 1763, 1, 1),
(9996, 1, 1763, 1, 1),
(8576, 1, 1763, 1, 1),
(9997, 1, 1763, 1, 1),
(9998, 1, 1763, 1, 1),
(8788, 1, 1763, 1, 1),
(9999, 1, 1763, 1, 1),
(8547, 1, 1763, 1, 1),
(10000, 1, 1763, 1, 1),
(10001, 1, 1763, 1, 1),
(10002, 1, 1763, 1, 1),
(10003, 1, 1763, 1, 1),
(10004, 1, 1763, 1, 1),
(8402, 1, 1763, 1, 1),
(10005, 1, 1763, 1, 1),
(8402, 1, 1763, 1, 1),
(10006, 1, 1763, 1, 1),
(10007, 1, 1763, 1, 1),
(10008, 1, 1763, 1, 1),
(10009, 1, 1763, 1, 1),
(9844, 1, 1763, 1, 1),
(9845, 1, 1763, 1, 1),
(10010, 1, 1763, 1, 1),
(10011, 1, 1763, 1, 1),
(10012, 1, 1763, 1, 1),
(9300, 1, 1763, 1, 1),
(10013, 1, 1763, 1, 1),
(10014, 1, 1763, 1, 1),
(10015, 1, 1763, 1, 1),
(10016, 1, 1763, 1, 1),
(9587, 1, 1763, 1, 1),
(10017, 1, 1763, 1, 1),
(8861, 1, 1763, 1, 1),
(10018, 1, 1763, 1, 1),
(8425, 1, 1763, 1, 1),
(10018, 1, 1763, 1, 1),
(10019, 1, 1763, 1, 1),
(8415, 2, 1763, 1, 1),
(10020, 1, 1763, 1, 1),
(8648, 1, 1763, 1, 1),
(10021, 1, 1763, 1, 1),
(10022, 1, 1763, 1, 1),
(10023, 1, 1763, 1, 1),
(10024, 1, 1763, 1, 1),
(10025, 1, 1763, 1, 1),
(8525, 1, 1763, 1, 1),
(10026, 1, 1763, 1, 1),
(10027, 1, 1763, 1, 1),
(10028, 2, 1763, 1, 1),
(10029, 1, 1763, 1, 1),
(10030, 1, 1763, 1, 1),
(9980, 1, 1763, 1, 1),
(8676, 1, 1763, 1, 1),
(9651, 1, 1763, 1, 1),
(8467, 2, 1763, 1, 1),
(10031, 1, 1763, 1, 1),
(10032, 1, 1763, 1, 1),
(10033, 1, 1763, 1, 1),
(10034, 1, 1763, 1, 1),
(10035, 1, 1763, 1, 1),
(10036, 1, 1763, 1, 1),
(10037, 1, 1763, 1, 1),
(10038, 1, 1763, 1, 1),
(10039, 1, 1763, 1, 1),
(10040, 1, 1763, 1, 1),
(10041, 1, 1763, 1, 1),
(10042, 1, 1763, 1, 1),
(10043, 1, 1763, 1, 1),
(10044, 1, 1763, 1, 1),
(10045, 1, 1763, 1, 1),
(10046, 1, 1763, 1, 1),
(10047, 1, 1763, 1, 1),
(8641, 1, 1763, 1, 1),
(10048, 1, 1763, 1, 1),
(10049, 1, 1763, 1, 1),
(8550, 1, 1763, 1, 1),
(10050, 1, 1763, 1, 1),
(10051, 1, 1763, 1, 1),
(10052, 1, 1763, 1, 1),
(10053, 1, 1763, 1, 1),
(8541, 1, 1763, 1, 1),
(10054, 1, 1763, 1, 1),
(10055, 1, 1763, 1, 1),
(9651, 3, 1763, 1, 1),
(10056, 1, 1763, 1, 1),
(10057, 1, 1763, 1, 1),
(8805, 1, 1763, 1, 1),
(10058, 1, 1763, 1, 1),
(9633, 2, 1763, 1, 1),
(10059, 1, 1763, 1, 1),
(10060, 2, 1763, 1, 1),
(10061, 1, 1763, 1, 1),
(8405, 1, 1763, 1, 1),
(9598, 1, 1763, 1, 1),
(10062, 1, 1763, 1, 1),
(10058, 1, 1763, 1, 1),
(9848, 1, 1763, 1, 1),
(10030, 1, 1763, 1, 1),
(10063, 1, 1763, 1, 1),
(10064, 1, 1763, 1, 1),
(9678, 1, 1763, 1, 1),
(10065, 1, 1763, 1, 1),
(10066, 1, 1763, 1, 1),
(9651, 1, 1763, 1, 1),
(10067, 1, 1763, 1, 1),
(10068, 1, 1763, 1, 1),
(10069, 1, 1763, 1, 1),
(10070, 1, 1763, 1, 1),
(10071, 1, 1763, 1, 1),
(10072, 1, 1763, 1, 1),
(10073, 1, 1763, 1, 1),
(10074, 1, 1763, 1, 1),
(8428, 2, 1763, 1, 1),
(10075, 1, 1763, 1, 1),
(10029, 1, 1763, 1, 1),
(10058, 1, 1763, 1, 1),
(10076, 1, 1763, 1, 1),
(9410, 1, 1763, 1, 1),
(10077, 1, 1763, 1, 1),
(10047, 1, 1763, 1, 1),
(10078, 1, 1763, 1, 1),
(10079, 1, 1763, 1, 1),
(8830, 1, 1763, 1, 1),
(10080, 1, 1763, 1, 1),
(10022, 1, 1763, 1, 1),
(9404, 2, 1763, 1, 1),
(10081, 1, 1763, 1, 1),
(8778, 1, 1763, 1, 1),
(10058, 1, 1763, 1, 1),
(10082, 1, 1763, 1, 1),
(10083, 1, 1763, 1, 1),
(9853, 1, 1763, 1, 1),
(8547, 1, 1763, 1, 1),
(9562, 1, 1763, 1, 1),
(10058, 1, 1763, 1, 1),
(9333, 1, 1763, 1, 1),
(10084, 1, 1763, 1, 1),
(8571, 1, 1763, 1, 1),
(10085, 1, 1763, 1, 1),
(10086, 1, 1763, 1, 1),
(10087, 1, 1763, 1, 1),
(10088, 1, 1763, 1, 1),
(10089, 1, 1763, 1, 1),
(10090, 1, 1763, 1, 1),
(9276, 1, 1763, 1, 1),
(10091, 1, 1763, 1, 1),
(10092, 2, 1763, 1, 1),
(10093, 1, 1763, 1, 1),
(10094, 1, 1763, 1, 1),
(8430, 1, 1763, 1, 1),
(10095, 1, 1763, 1, 1),
(10096, 1, 1763, 1, 1),
(10097, 1, 1763, 1, 1),
(8930, 1, 1763, 1, 1),
(10098, 1, 1763, 1, 1),
(8750, 1, 1763, 1, 1);
INSERT INTO `bagira_search_rankings` (`sr_word_id`, `sr_rank`, `sr_obj_id`, `sr_lang_id`, `sr_domain_id`) VALUES
(8940, 1, 1763, 1, 1),
(8602, 1, 1763, 1, 1),
(8440, 1, 1763, 1, 1),
(8433, 2, 1763, 1, 1),
(10088, 1, 1763, 1, 1),
(10099, 1, 1763, 1, 1),
(10100, 1, 1763, 1, 1),
(10101, 1, 1763, 1, 1),
(10091, 1, 1763, 1, 1),
(10102, 1, 1763, 1, 1),
(8895, 1, 1763, 1, 1),
(9124, 1, 1763, 1, 1),
(10103, 2, 1763, 1, 1),
(10104, 1, 1763, 1, 1),
(10105, 1, 1763, 1, 1),
(8781, 1, 1763, 1, 1),
(10106, 1, 1763, 1, 1),
(10102, 1, 1763, 1, 1),
(10107, 1, 1763, 1, 1),
(10108, 1, 1763, 1, 1),
(9146, 1, 1763, 1, 1),
(10109, 1, 1763, 1, 1),
(8491, 1, 1763, 1, 1),
(8443, 1, 1763, 1, 1),
(9529, 1, 1763, 1, 1),
(8495, 1, 1763, 1, 1),
(8650, 1, 1763, 1, 1),
(10110, 1, 1763, 1, 1),
(9576, 1, 1763, 1, 1),
(9031, 1, 1763, 1, 1),
(10111, 1, 1763, 1, 1),
(8431, 1, 1763, 1, 1),
(10112, 1, 1763, 1, 1),
(10113, 1, 1763, 1, 1),
(8633, 1, 1763, 1, 1),
(10114, 1, 1763, 1, 1),
(10115, 1, 1763, 1, 1),
(8432, 1, 1763, 1, 1),
(9547, 1, 1763, 1, 1),
(10116, 1, 1763, 1, 1),
(10117, 1, 1763, 1, 1),
(10118, 1, 1763, 1, 1),
(10119, 1, 1763, 1, 1),
(10120, 1, 1763, 1, 1),
(10121, 1, 1763, 1, 1),
(8650, 1, 1763, 1, 1),
(10122, 1, 1763, 1, 1),
(10123, 1, 1763, 1, 1),
(10124, 1, 1763, 1, 1),
(8433, 1, 1763, 1, 1),
(10125, 1, 1763, 1, 1),
(10126, 1, 1763, 1, 1),
(9753, 1, 1763, 1, 1),
(10127, 1, 1763, 1, 1),
(10111, 1, 1763, 1, 1),
(8988, 1, 1763, 1, 1),
(10128, 1, 1763, 1, 1),
(10129, 1, 1763, 1, 1),
(9463, 1, 1763, 1, 1),
(10130, 1, 1763, 1, 1),
(10131, 1, 1763, 1, 1),
(10132, 1, 1763, 1, 1),
(8655, 1, 1763, 1, 1),
(8645, 1, 1763, 1, 1),
(10133, 1, 1763, 1, 1),
(10134, 1, 1763, 1, 1),
(10135, 1, 1763, 1, 1),
(10136, 1, 1763, 1, 1),
(9515, 1, 1763, 1, 1),
(10137, 1, 1763, 1, 1),
(10138, 1, 1763, 1, 1),
(10139, 1, 1763, 1, 1),
(10140, 1, 1763, 1, 1),
(10141, 1, 1763, 1, 1),
(9559, 1, 1763, 1, 1),
(10142, 1, 1763, 1, 1),
(10143, 1, 1763, 1, 1),
(10144, 1, 1763, 1, 1),
(10145, 1, 1763, 1, 1),
(10146, 1, 1763, 1, 1),
(8435, 1, 1763, 1, 1),
(8774, 1, 1763, 1, 1),
(8940, 1, 1763, 1, 1),
(10147, 1, 1763, 1, 1),
(9757, 1, 1763, 1, 1),
(10148, 1, 1763, 1, 1),
(10149, 1, 1763, 1, 1),
(10150, 22, 1764, 1, 1),
(10151, 22, 1764, 1, 1),
(10152, 23, 1764, 1, 1),
(9663, 1, 1764, 1, 1),
(10153, 1, 1764, 1, 1),
(10154, 1, 1764, 1, 1),
(10155, 1, 1764, 1, 1),
(10156, 1, 1764, 1, 1),
(10157, 1, 1764, 1, 1),
(10158, 1, 1764, 1, 1),
(9575, 1, 1764, 1, 1),
(10150, 2, 1764, 1, 1),
(10159, 1, 1764, 1, 1),
(9297, 1, 1764, 1, 1),
(10160, 1, 1764, 1, 1),
(10072, 1, 1764, 1, 1),
(8608, 2, 1764, 1, 1),
(8523, 1, 1764, 1, 1),
(8415, 4, 1764, 1, 1),
(8399, 1, 1764, 1, 1),
(10150, 4, 1764, 1, 1),
(10161, 1, 1764, 1, 1),
(8702, 3, 1764, 1, 1),
(10008, 1, 1764, 1, 1),
(10162, 1, 1764, 1, 1),
(10163, 1, 1764, 1, 1),
(10164, 1, 1764, 1, 1),
(10165, 1, 1764, 1, 1),
(8493, 2, 1764, 1, 1),
(10157, 1, 1764, 1, 1),
(10166, 2, 1764, 1, 1),
(9787, 15, 1764, 1, 1),
(10167, 1, 1764, 1, 1),
(10168, 1, 1764, 1, 1),
(9798, 1, 1764, 1, 1),
(8562, 1, 1764, 1, 1),
(8492, 2, 1764, 1, 1),
(9686, 1, 1764, 1, 1),
(10169, 1, 1764, 1, 1),
(10170, 1, 1764, 1, 1),
(10171, 1, 1764, 1, 1),
(8674, 1, 1764, 1, 1),
(10172, 2, 1764, 1, 1),
(10173, 1, 1764, 1, 1),
(10174, 1, 1764, 1, 1),
(10175, 2, 1764, 1, 1),
(10176, 2, 1764, 1, 1),
(10177, 1, 1764, 1, 1),
(8465, 2, 1764, 1, 1),
(10178, 2, 1764, 1, 1),
(8811, 3, 1764, 1, 1),
(10179, 1, 1764, 1, 1),
(8442, 1, 1764, 1, 1),
(10180, 2, 1764, 1, 1),
(9537, 6, 1764, 1, 1),
(10181, 1, 1764, 1, 1),
(10182, 1, 1764, 1, 1),
(10183, 1, 1764, 1, 1),
(10184, 1, 1764, 1, 1),
(10185, 1, 1764, 1, 1),
(10186, 1, 1764, 1, 1),
(10187, 1, 1764, 1, 1),
(8413, 9, 1764, 1, 1),
(8567, 1, 1764, 1, 1),
(10188, 1, 1764, 1, 1),
(8983, 3, 1764, 1, 1),
(8550, 1, 1764, 1, 1),
(9157, 1, 1764, 1, 1),
(9213, 2, 1764, 1, 1),
(10189, 1, 1764, 1, 1),
(10190, 1, 1764, 1, 1),
(10191, 1, 1764, 1, 1),
(8507, 1, 1764, 1, 1),
(8878, 3, 1764, 1, 1),
(10192, 1, 1764, 1, 1),
(10193, 1, 1764, 1, 1),
(10194, 1, 1764, 1, 1),
(10195, 1, 1764, 1, 1),
(10196, 1, 1764, 1, 1),
(10197, 1, 1764, 1, 1),
(8767, 1, 1764, 1, 1),
(10065, 1, 1764, 1, 1),
(10198, 1, 1764, 1, 1),
(10092, 1, 1764, 1, 1),
(8861, 1, 1764, 1, 1),
(9021, 1, 1764, 1, 1),
(10199, 2, 1764, 1, 1),
(10200, 1, 1764, 1, 1),
(10201, 1, 1764, 1, 1),
(10202, 1, 1764, 1, 1),
(10203, 2, 1764, 1, 1),
(10204, 1, 1764, 1, 1),
(10205, 1, 1764, 1, 1),
(8406, 2, 1764, 1, 1),
(10206, 1, 1764, 1, 1),
(10207, 1, 1764, 1, 1),
(10208, 1, 1764, 1, 1),
(10048, 1, 1764, 1, 1),
(9141, 1, 1764, 1, 1),
(10209, 1, 1764, 1, 1),
(10210, 1, 1764, 1, 1),
(10211, 1, 1764, 1, 1),
(10212, 1, 1764, 1, 1),
(10213, 1, 1764, 1, 1),
(10214, 1, 1764, 1, 1),
(8415, 2, 1764, 1, 1),
(8429, 4, 1764, 1, 1),
(8641, 1, 1764, 1, 1),
(8817, 1, 1764, 1, 1),
(9598, 1, 1764, 1, 1),
(10215, 1, 1764, 1, 1),
(10216, 1, 1764, 1, 1),
(9021, 1, 1764, 1, 1),
(10217, 1, 1764, 1, 1),
(8425, 2, 1764, 1, 1),
(9404, 1, 1764, 1, 1),
(10218, 1, 1764, 1, 1),
(10185, 4, 1764, 1, 1),
(10082, 1, 1764, 1, 1),
(9005, 1, 1764, 1, 1),
(10219, 1, 1764, 1, 1),
(10220, 1, 1764, 1, 1),
(10221, 1, 1764, 1, 1),
(10222, 1, 1764, 1, 1),
(10223, 1, 1764, 1, 1),
(10224, 1, 1764, 1, 1),
(10173, 2, 1764, 1, 1),
(8603, 1, 1764, 1, 1),
(10225, 1, 1764, 1, 1),
(8787, 2, 1764, 1, 1),
(8788, 1, 1764, 1, 1),
(10094, 1, 1764, 1, 1),
(9629, 1, 1764, 1, 1),
(10226, 1, 1764, 1, 1),
(10227, 1, 1764, 1, 1),
(10228, 1, 1764, 1, 1),
(10229, 1, 1764, 1, 1),
(8640, 1, 1764, 1, 1),
(8519, 4, 1764, 1, 1),
(9317, 1, 1764, 1, 1),
(10150, 1, 1764, 1, 1),
(9858, 1, 1764, 1, 1),
(10230, 1, 1764, 1, 1),
(10231, 1, 1764, 1, 1),
(8571, 1, 1764, 1, 1),
(10232, 1, 1764, 1, 1),
(8858, 1, 1764, 1, 1),
(10233, 1, 1764, 1, 1),
(9039, 1, 1764, 1, 1),
(9754, 1, 1764, 1, 1),
(10234, 1, 1764, 1, 1),
(10151, 1, 1764, 1, 1),
(10235, 1, 1764, 1, 1),
(10236, 1, 1764, 1, 1),
(10237, 1, 1764, 1, 1),
(10238, 1, 1764, 1, 1),
(8814, 2, 1764, 1, 1),
(10239, 1, 1764, 1, 1),
(10240, 1, 1764, 1, 1),
(9896, 1, 1764, 1, 1),
(10241, 1, 1764, 1, 1),
(10242, 1, 1764, 1, 1),
(10243, 1, 1764, 1, 1),
(10244, 1, 1764, 1, 1),
(10245, 1, 1764, 1, 1),
(10246, 1, 1764, 1, 1),
(8489, 1, 1764, 1, 1),
(10247, 1, 1764, 1, 1),
(10248, 1, 1764, 1, 1),
(10249, 1, 1764, 1, 1),
(8750, 1, 1764, 1, 1),
(10250, 1, 1764, 1, 1),
(10251, 2, 1764, 1, 1),
(9343, 1, 1764, 1, 1),
(10252, 1, 1764, 1, 1),
(9798, 1, 1764, 1, 1),
(10253, 1, 1764, 1, 1),
(10254, 1, 1764, 1, 1),
(8973, 1, 1764, 1, 1),
(10217, 1, 1764, 1, 1),
(8405, 1, 1764, 1, 1),
(10255, 1, 1764, 1, 1),
(10243, 1, 1764, 1, 1),
(10256, 1, 1764, 1, 1),
(8472, 1, 1764, 1, 1),
(10257, 1, 1764, 1, 1),
(10258, 1, 1764, 1, 1),
(10259, 1, 1764, 1, 1),
(9011, 1, 1764, 1, 1),
(8442, 1, 1764, 1, 1),
(10260, 1, 1764, 1, 1),
(10261, 1, 1764, 1, 1),
(10262, 1, 1764, 1, 1),
(8491, 1, 1764, 1, 1),
(10217, 1, 1764, 1, 1),
(10263, 1, 1764, 1, 1),
(8832, 1, 1764, 1, 1),
(10264, 1, 1764, 1, 1),
(10256, 1, 1764, 1, 1),
(10265, 1, 1764, 1, 1),
(8530, 1, 1764, 1, 1),
(10266, 1, 1764, 1, 1),
(9976, 1, 1764, 1, 1),
(10267, 1, 1764, 1, 1),
(10245, 1, 1764, 1, 1),
(9783, 1, 1764, 1, 1),
(10268, 1, 1764, 1, 1),
(10269, 1, 1764, 1, 1),
(10199, 2, 1764, 1, 1),
(10270, 1, 1764, 1, 1),
(10271, 1, 1764, 1, 1),
(10272, 1, 1764, 1, 1),
(9322, 1, 1764, 1, 1),
(10273, 1, 1764, 1, 1),
(10274, 1, 1764, 1, 1),
(10077, 1, 1764, 1, 1),
(10275, 1, 1764, 1, 1),
(9554, 1, 1764, 1, 1),
(10276, 1, 1764, 1, 1),
(10277, 1, 1764, 1, 1),
(10278, 1, 1764, 1, 1),
(10279, 1, 1764, 1, 1),
(10280, 1, 1764, 1, 1),
(8441, 1, 1764, 1, 1),
(10157, 1, 1764, 1, 1),
(10281, 1, 1764, 1, 1),
(9610, 1, 1764, 1, 1),
(9638, 1, 1764, 1, 1),
(10282, 1, 1764, 1, 1),
(10283, 1, 1764, 1, 1),
(8435, 1, 1764, 1, 1),
(8682, 1, 1764, 1, 1),
(9830, 1, 1764, 1, 1),
(8672, 1, 1764, 1, 1),
(8420, 1, 1764, 1, 1),
(8429, 1, 1764, 1, 1),
(8419, 1, 1764, 1, 1),
(8541, 1, 1764, 1, 1),
(8524, 1, 1764, 1, 1),
(8539, 1, 1764, 1, 1),
(10284, 1, 1764, 1, 1),
(10285, 1, 1764, 1, 1),
(8390, 1, 1764, 1, 1),
(10286, 1, 1764, 1, 1),
(10287, 1, 1764, 1, 1),
(10288, 1, 1764, 1, 1),
(10289, 1, 1764, 1, 1),
(10290, 1, 1764, 1, 1),
(10291, 1, 1764, 1, 1),
(10292, 1, 1764, 1, 1),
(9490, 1, 1764, 1, 1),
(8624, 1, 1764, 1, 1),
(8471, 1, 1764, 1, 1),
(8874, 1, 1764, 1, 1),
(10283, 1, 1764, 1, 1),
(8539, 1, 1764, 1, 1),
(8561, 1, 1764, 1, 1),
(8650, 1, 1764, 1, 1),
(10293, 1, 1764, 1, 1),
(10294, 1, 1764, 1, 1),
(10150, 1, 1764, 1, 1),
(10295, 1, 1764, 1, 1),
(9514, 1, 1764, 1, 1),
(8523, 1, 1764, 1, 1),
(10296, 1, 1764, 1, 1),
(8430, 1, 1764, 1, 1),
(10297, 1, 1764, 1, 1),
(10298, 1, 1764, 1, 1),
(8395, 1, 1764, 1, 1),
(10299, 1, 1764, 1, 1),
(9749, 1, 1764, 1, 1),
(10300, 1, 1764, 1, 1),
(10301, 1, 1764, 1, 1),
(8395, 1, 1764, 1, 1),
(10302, 1, 1764, 1, 1),
(10303, 1, 1764, 1, 1),
(10304, 1, 1764, 1, 1),
(10164, 1, 1764, 1, 1),
(8541, 1, 1764, 1, 1),
(9473, 1, 1764, 1, 1),
(10305, 1, 1764, 1, 1),
(10306, 1, 1764, 1, 1),
(10307, 1, 1764, 1, 1),
(10308, 1, 1764, 1, 1),
(8935, 1, 1764, 1, 1),
(10309, 1, 1764, 1, 1),
(8401, 1, 1764, 1, 1),
(8849, 1, 1764, 1, 1),
(8861, 1, 1764, 1, 1),
(10310, 1, 1764, 1, 1),
(8805, 1, 1764, 1, 1),
(10311, 1, 1764, 1, 1),
(10312, 1, 1764, 1, 1),
(8612, 1, 1764, 1, 1),
(8562, 1, 1764, 1, 1),
(8979, 1, 1764, 1, 1),
(10313, 1, 1764, 1, 1),
(10314, 1, 1764, 1, 1),
(10315, 1, 1764, 1, 1),
(9256, 1, 1764, 1, 1),
(10316, 1, 1764, 1, 1),
(10317, 1, 1764, 1, 1),
(8932, 1, 1764, 1, 1),
(9277, 1, 1764, 1, 1),
(10318, 24, 1765, 1, 1),
(10319, 28, 1765, 1, 1),
(9591, 24, 1765, 1, 1),
(10320, 22, 1765, 1, 1),
(10321, 24, 1765, 1, 1),
(10322, 22, 1765, 1, 1),
(9537, 16, 1765, 1, 1),
(8893, 4, 1765, 1, 1),
(8399, 2, 1765, 1, 1),
(10323, 2, 1765, 1, 1),
(10324, 2, 1765, 1, 1),
(10202, 3, 1765, 1, 1),
(10280, 3, 1765, 1, 1),
(10325, 3, 1765, 1, 1),
(10326, 2, 1765, 1, 1),
(10327, 2, 1765, 1, 1),
(10328, 2, 1765, 1, 1),
(10329, 2, 1765, 1, 1),
(9787, 5, 1765, 1, 1),
(8491, 2, 1765, 1, 1),
(10330, 3, 1765, 1, 1),
(10331, 2, 1765, 1, 1),
(9391, 2, 1765, 1, 1),
(9296, 2, 1765, 1, 1),
(8629, 2, 1765, 1, 1),
(8405, 2, 1765, 1, 1),
(8641, 2, 1765, 1, 1),
(10332, 2, 1765, 1, 1),
(9703, 2, 1765, 1, 1),
(10333, 2, 1765, 1, 1),
(10334, 2, 1765, 1, 1),
(10318, 4, 1765, 1, 1),
(10335, 2, 1765, 1, 1),
(8413, 10, 1765, 1, 1),
(9497, 1, 1765, 1, 1),
(9096, 1, 1765, 1, 1),
(10336, 1, 1765, 1, 1),
(10337, 1, 1765, 1, 1),
(10338, 1, 1765, 1, 1),
(10339, 1, 1765, 1, 1),
(10340, 2, 1765, 1, 1),
(10341, 1, 1765, 1, 1),
(10342, 1, 1765, 1, 1),
(8674, 3, 1765, 1, 1),
(9560, 1, 1765, 1, 1),
(10157, 1, 1765, 1, 1),
(10343, 1, 1765, 1, 1),
(10344, 1, 1765, 1, 1),
(8471, 1, 1765, 1, 1),
(10345, 1, 1765, 1, 1),
(10346, 1, 1765, 1, 1),
(10347, 1, 1765, 1, 1),
(10348, 1, 1765, 1, 1),
(9495, 2, 1765, 1, 1),
(10198, 4, 1765, 1, 1),
(10349, 1, 1765, 1, 1),
(10350, 3, 1765, 1, 1),
(10330, 4, 1765, 1, 1),
(10351, 1, 1765, 1, 1),
(10352, 1, 1765, 1, 1),
(10353, 1, 1765, 1, 1),
(10329, 4, 1765, 1, 1),
(10327, 1, 1765, 1, 1),
(10354, 1, 1765, 1, 1),
(10324, 1, 1765, 1, 1),
(9375, 2, 1765, 1, 1),
(10355, 1, 1765, 1, 1),
(10356, 1, 1765, 1, 1),
(9548, 1, 1765, 1, 1),
(10357, 1, 1765, 1, 1),
(10358, 1, 1765, 1, 1),
(10359, 1, 1765, 1, 1),
(10360, 1, 1765, 1, 1),
(10361, 1, 1765, 1, 1),
(10362, 1, 1765, 1, 1),
(10082, 1, 1765, 1, 1),
(10363, 2, 1765, 1, 1),
(10364, 2, 1765, 1, 1),
(10365, 1, 1765, 1, 1),
(10366, 1, 1765, 1, 1),
(10367, 1, 1765, 1, 1),
(10368, 1, 1765, 1, 1),
(10369, 2, 1765, 1, 1),
(10321, 2, 1765, 1, 1),
(10370, 4, 1765, 1, 1),
(10371, 1, 1765, 1, 1),
(10372, 1, 1765, 1, 1),
(10373, 1, 1765, 1, 1),
(9561, 1, 1765, 1, 1),
(10374, 2, 1765, 1, 1),
(10375, 2, 1765, 1, 1),
(10376, 2, 1765, 1, 1),
(8927, 1, 1765, 1, 1),
(8640, 2, 1765, 1, 1),
(9337, 1, 1765, 1, 1),
(10377, 1, 1765, 1, 1),
(10378, 4, 1765, 1, 1),
(9926, 1, 1765, 1, 1),
(10379, 1, 1765, 1, 1),
(10380, 1, 1765, 1, 1),
(10351, 1, 1765, 1, 1),
(10280, 1, 1765, 1, 1),
(10381, 1, 1765, 1, 1),
(9259, 2, 1765, 1, 1),
(10382, 1, 1765, 1, 1),
(10383, 1, 1765, 1, 1),
(8861, 1, 1765, 1, 1),
(10334, 1, 1765, 1, 1),
(10384, 1, 1765, 1, 1),
(10385, 1, 1765, 1, 1),
(10386, 1, 1765, 1, 1),
(9412, 1, 1765, 1, 1),
(10387, 1, 1765, 1, 1),
(10388, 1, 1765, 1, 1),
(9005, 1, 1765, 1, 1),
(8405, 2, 1765, 1, 1),
(10389, 2, 1765, 1, 1),
(10390, 1, 1765, 1, 1),
(10391, 2, 1765, 1, 1),
(10318, 2, 1765, 1, 1),
(10392, 1, 1765, 1, 1),
(9554, 1, 1765, 1, 1),
(8951, 1, 1765, 1, 1),
(8405, 2, 1765, 1, 1),
(10393, 1, 1765, 1, 1),
(10394, 1, 1765, 1, 1),
(10395, 1, 1765, 1, 1),
(10396, 1, 1765, 1, 1),
(10391, 2, 1765, 1, 1),
(10397, 1, 1765, 1, 1),
(9283, 3, 1765, 1, 1),
(8429, 1, 1765, 1, 1),
(9516, 1, 1765, 1, 1),
(10398, 1, 1765, 1, 1),
(10388, 1, 1765, 1, 1),
(10399, 1, 1765, 1, 1),
(10400, 1, 1765, 1, 1),
(8878, 1, 1765, 1, 1),
(10401, 1, 1765, 1, 1),
(8983, 2, 1765, 1, 1),
(10402, 1, 1765, 1, 1),
(8569, 1, 1765, 1, 1),
(10403, 1, 1765, 1, 1),
(8442, 1, 1765, 1, 1),
(10404, 1, 1765, 1, 1),
(8670, 1, 1765, 1, 1),
(10405, 2, 1765, 1, 1),
(10406, 1, 1765, 1, 1),
(10407, 1, 1765, 1, 1),
(8582, 1, 1765, 1, 1),
(10408, 1, 1765, 1, 1),
(8774, 1, 1765, 1, 1),
(8492, 2, 1765, 1, 1),
(9686, 2, 1765, 1, 1),
(10409, 2, 1765, 1, 1),
(10410, 1, 1765, 1, 1),
(8413, 2, 1765, 1, 1),
(10411, 1, 1765, 1, 1),
(10412, 1, 1765, 1, 1),
(9386, 1, 1765, 1, 1),
(10413, 2, 1765, 1, 1),
(10414, 2, 1765, 1, 1),
(8405, 3, 1765, 1, 1),
(10415, 1, 1765, 1, 1),
(8698, 2, 1765, 1, 1),
(8449, 2, 1765, 1, 1),
(8805, 1, 1765, 1, 1),
(9819, 1, 1765, 1, 1),
(8608, 1, 1765, 1, 1),
(10416, 1, 1765, 1, 1),
(10417, 1, 1765, 1, 1),
(10418, 1, 1765, 1, 1),
(10419, 1, 1765, 1, 1),
(10420, 1, 1765, 1, 1),
(10421, 1, 1765, 1, 1),
(10422, 1, 1765, 1, 1),
(10423, 1, 1765, 1, 1),
(8861, 1, 1765, 1, 1),
(10424, 1, 1765, 1, 1),
(9623, 1, 1765, 1, 1),
(10341, 2, 1765, 1, 1),
(10425, 1, 1765, 1, 1),
(9226, 1, 1765, 1, 1),
(8682, 2, 1765, 1, 1),
(10426, 1, 1765, 1, 1),
(10427, 2, 1765, 1, 1),
(8401, 1, 1765, 1, 1),
(8626, 1, 1765, 1, 1),
(8698, 2, 1765, 1, 1),
(10428, 1, 1765, 1, 1),
(10216, 2, 1765, 1, 1),
(10429, 1, 1765, 1, 1),
(8861, 1, 1765, 1, 1),
(8641, 1, 1765, 1, 1),
(10430, 1, 1765, 1, 1),
(10343, 1, 1765, 1, 1),
(8405, 1, 1765, 1, 1),
(10431, 1, 1765, 1, 1),
(9051, 1, 1765, 1, 1),
(10432, 1, 1765, 1, 1),
(10433, 1, 1765, 1, 1),
(10434, 1, 1765, 1, 1),
(10435, 1, 1765, 1, 1),
(10410, 1, 1765, 1, 1),
(10436, 1, 1765, 1, 1),
(8571, 1, 1765, 1, 1),
(8641, 1, 1765, 1, 1),
(9126, 1, 1765, 1, 1),
(8811, 2, 1765, 1, 1),
(10437, 1, 1765, 1, 1),
(8406, 1, 1765, 1, 1),
(10438, 1, 1765, 1, 1),
(10439, 2, 1765, 1, 1),
(8425, 3, 1765, 1, 1),
(10440, 1, 1765, 1, 1),
(8519, 1, 1765, 1, 1),
(9163, 1, 1765, 1, 1),
(10441, 1, 1765, 1, 1),
(8989, 1, 1765, 1, 1),
(10442, 1, 1765, 1, 1),
(10443, 1, 1765, 1, 1),
(10179, 1, 1765, 1, 1),
(9873, 2, 1765, 1, 1),
(8428, 5, 1765, 1, 1),
(9953, 1, 1765, 1, 1),
(10444, 1, 1765, 1, 1),
(10445, 1, 1765, 1, 1),
(10446, 1, 1765, 1, 1),
(9404, 1, 1765, 1, 1),
(10413, 1, 1765, 1, 1),
(10447, 1, 1765, 1, 1),
(8961, 1, 1765, 1, 1),
(8429, 1, 1765, 1, 1),
(8698, 1, 1765, 1, 1),
(10448, 1, 1765, 1, 1),
(9853, 1, 1765, 1, 1),
(10449, 1, 1765, 1, 1),
(8402, 1, 1765, 1, 1),
(10450, 1, 1765, 1, 1),
(10451, 1, 1765, 1, 1),
(8612, 1, 1765, 1, 1),
(9587, 1, 1765, 1, 1),
(10445, 1, 1765, 1, 1),
(8415, 1, 1765, 1, 1),
(10436, 1, 1765, 1, 1),
(9180, 1, 1765, 1, 1),
(10452, 1, 1765, 1, 1),
(8429, 1, 1765, 1, 1),
(8518, 1, 1765, 1, 1),
(10453, 1, 1765, 1, 1),
(10454, 2, 1765, 1, 1),
(10455, 1, 1765, 1, 1),
(10456, 1, 1765, 1, 1),
(9251, 1, 1765, 1, 1),
(8641, 1, 1765, 1, 1),
(8430, 1, 1765, 1, 1),
(10457, 1, 1765, 1, 1),
(10458, 1, 1765, 1, 1),
(9824, 1, 1765, 1, 1),
(10459, 1, 1765, 1, 1),
(8571, 1, 1765, 1, 1),
(10460, 1, 1765, 1, 1),
(8541, 1, 1765, 1, 1),
(8429, 3, 1765, 1, 1),
(10461, 1, 1765, 1, 1),
(8415, 1, 1765, 1, 1),
(9681, 1, 1765, 1, 1),
(8532, 1, 1765, 1, 1),
(9166, 1, 1765, 1, 1),
(8927, 1, 1765, 1, 1),
(10462, 1, 1765, 1, 1),
(10463, 1, 1765, 1, 1),
(9858, 1, 1765, 1, 1),
(10464, 1, 1765, 1, 1),
(8429, 1, 1765, 1, 1),
(10465, 1, 1765, 1, 1),
(10466, 1, 1765, 1, 1),
(8576, 1, 1765, 1, 1),
(10467, 1, 1765, 1, 1),
(10413, 2, 1765, 1, 1),
(10468, 2, 1765, 1, 1),
(9134, 1, 1765, 1, 1),
(10469, 1, 1765, 1, 1),
(10470, 1, 1765, 1, 1),
(9141, 1, 1765, 1, 1),
(10471, 1, 1765, 1, 1),
(10472, 1, 1765, 1, 1),
(10473, 1, 1765, 1, 1),
(10474, 1, 1765, 1, 1),
(10475, 1, 1765, 1, 1),
(10476, 1, 1765, 1, 1),
(10477, 1, 1765, 1, 1),
(10478, 1, 1765, 1, 1),
(10479, 1, 1765, 1, 1),
(10480, 1, 1765, 1, 1),
(10481, 1, 1765, 1, 1),
(8878, 1, 1765, 1, 1),
(10482, 1, 1765, 1, 1),
(9854, 1, 1765, 1, 1),
(8665, 1, 1765, 1, 1),
(8672, 1, 1765, 1, 1),
(9627, 2, 1765, 1, 1),
(8471, 1, 1765, 1, 1),
(10483, 2, 1765, 1, 1),
(8717, 2, 1765, 1, 1),
(10313, 1, 1765, 1, 1),
(8674, 1, 1765, 1, 1),
(8432, 1, 1765, 1, 1),
(10484, 1, 1765, 1, 1),
(10485, 1, 1765, 1, 1),
(10486, 1, 1765, 1, 1),
(10487, 1, 1765, 1, 1),
(9830, 1, 1765, 1, 1),
(8435, 1, 1765, 1, 1),
(8749, 1, 1765, 1, 1),
(10488, 1, 1765, 1, 1),
(10489, 1, 1765, 1, 1),
(8767, 1, 1765, 1, 1),
(10490, 1, 1765, 1, 1),
(10491, 1, 1765, 1, 1),
(9340, 1, 1765, 1, 1),
(9510, 1, 1765, 1, 1),
(10492, 1, 1765, 1, 1),
(9370, 1, 1765, 1, 1),
(10493, 1, 1765, 1, 1),
(8493, 1, 1765, 1, 1),
(10117, 1, 1765, 1, 1),
(10198, 1, 1765, 1, 1),
(10494, 1, 1765, 1, 1),
(10495, 1, 1765, 1, 1),
(10496, 1, 1765, 1, 1),
(10497, 1, 1765, 1, 1),
(10498, 1, 1765, 1, 1),
(10499, 1, 1765, 1, 1),
(10500, 63, 1766, 1, 1),
(10501, 44, 1766, 1, 1),
(8429, 53, 1766, 1, 1),
(10502, 57, 1766, 1, 1),
(10503, 1, 1766, 1, 1),
(9663, 1, 1766, 1, 1),
(9799, 1, 1766, 1, 1),
(10088, 1, 1766, 1, 1),
(10504, 1, 1766, 1, 1),
(10505, 1, 1766, 1, 1),
(10506, 1, 1766, 1, 1),
(9529, 4, 1766, 1, 1),
(9537, 15, 1766, 1, 1),
(9754, 1, 1766, 1, 1),
(10507, 2, 1766, 1, 1),
(9787, 15, 1766, 1, 1),
(10508, 1, 1766, 1, 1),
(10509, 1, 1766, 1, 1),
(10510, 2, 1766, 1, 1),
(9795, 1, 1766, 1, 1),
(10511, 1, 1766, 1, 1),
(8861, 3, 1766, 1, 1),
(8637, 1, 1766, 1, 1),
(9650, 1, 1766, 1, 1),
(9572, 2, 1766, 1, 1),
(10512, 2, 1766, 1, 1),
(9316, 1, 1766, 1, 1),
(8780, 1, 1766, 1, 1),
(8492, 4, 1766, 1, 1),
(10513, 1, 1766, 1, 1),
(9588, 3, 1766, 1, 1),
(9375, 5, 1766, 1, 1),
(10514, 1, 1766, 1, 1),
(10515, 2, 1766, 1, 1),
(10077, 2, 1766, 1, 1),
(9588, 2, 1766, 1, 1),
(10516, 1, 1766, 1, 1),
(10517, 1, 1766, 1, 1),
(8471, 3, 1766, 1, 1),
(10518, 1, 1766, 1, 1),
(9560, 1, 1766, 1, 1),
(9963, 1, 1766, 1, 1),
(10519, 1, 1766, 1, 1),
(10520, 1, 1766, 1, 1),
(10521, 1, 1766, 1, 1),
(10512, 1, 1766, 1, 1),
(10522, 1, 1766, 1, 1),
(9695, 1, 1766, 1, 1),
(10523, 1, 1766, 1, 1),
(10524, 1, 1766, 1, 1),
(10525, 1, 1766, 1, 1),
(9877, 1, 1766, 1, 1),
(10526, 1, 1766, 1, 1),
(9586, 1, 1766, 1, 1),
(10527, 1, 1766, 1, 1),
(9808, 1, 1766, 1, 1),
(9811, 1, 1766, 1, 1),
(9812, 1, 1766, 1, 1),
(10528, 2, 1766, 1, 1),
(10529, 2, 1766, 1, 1),
(10530, 1, 1766, 1, 1),
(9572, 1, 1766, 1, 1),
(10512, 1, 1766, 1, 1),
(10531, 1, 1766, 1, 1),
(10532, 1, 1766, 1, 1),
(8608, 4, 1766, 1, 1),
(10533, 2, 1766, 1, 1),
(10534, 2, 1766, 1, 1),
(10535, 1, 1766, 1, 1),
(8847, 1, 1766, 1, 1),
(9321, 1, 1766, 1, 1),
(10536, 3, 1766, 1, 1),
(10537, 2, 1766, 1, 1),
(10118, 2, 1766, 1, 1),
(10119, 2, 1766, 1, 1),
(8777, 1, 1766, 1, 1),
(8608, 1, 1766, 1, 1),
(10538, 1, 1766, 1, 1),
(10539, 1, 1766, 1, 1),
(10540, 1, 1766, 1, 1),
(10541, 1, 1766, 1, 1),
(10542, 1, 1766, 1, 1),
(10543, 1, 1766, 1, 1),
(10544, 4, 1766, 1, 1),
(10545, 1, 1766, 1, 1),
(8640, 1, 1766, 1, 1),
(8878, 3, 1766, 1, 1),
(10546, 1, 1766, 1, 1),
(9497, 1, 1766, 1, 1),
(8413, 19, 1766, 1, 1),
(10547, 1, 1766, 1, 1),
(10548, 1, 1766, 1, 1),
(8983, 1, 1766, 1, 1),
(8550, 2, 1766, 1, 1),
(8428, 15, 1766, 1, 1),
(9021, 1, 1766, 1, 1),
(9420, 3, 1766, 1, 1),
(9619, 3, 1766, 1, 1),
(10549, 1, 1766, 1, 1),
(8405, 4, 1766, 1, 1),
(10431, 1, 1766, 1, 1),
(8560, 3, 1766, 1, 1),
(9473, 1, 1766, 1, 1),
(10550, 1, 1766, 1, 1),
(10030, 1, 1766, 1, 1),
(10551, 1, 1766, 1, 1),
(10552, 1, 1766, 1, 1),
(10553, 1, 1766, 1, 1),
(10554, 1, 1766, 1, 1),
(10551, 1, 1766, 1, 1),
(10555, 1, 1766, 1, 1),
(10556, 1, 1766, 1, 1),
(10557, 1, 1766, 1, 1),
(10558, 1, 1766, 1, 1),
(10559, 1, 1766, 1, 1),
(8641, 5, 1766, 1, 1),
(10560, 1, 1766, 1, 1),
(10561, 1, 1766, 1, 1),
(10562, 1, 1766, 1, 1),
(10563, 1, 1766, 1, 1),
(10564, 1, 1766, 1, 1),
(8935, 1, 1766, 1, 1),
(10565, 1, 1766, 1, 1),
(8641, 7, 1766, 1, 1),
(10566, 1, 1766, 1, 1),
(8459, 1, 1766, 1, 1),
(10567, 1, 1766, 1, 1),
(8560, 1, 1766, 1, 1),
(10568, 1, 1766, 1, 1),
(8641, 2, 1766, 1, 1),
(10569, 1, 1766, 1, 1),
(10570, 1, 1766, 1, 1),
(8425, 1, 1766, 1, 1),
(10571, 1, 1766, 1, 1),
(9443, 1, 1766, 1, 1),
(8425, 13, 1766, 1, 1),
(9404, 3, 1766, 1, 1),
(10570, 1, 1766, 1, 1),
(8415, 5, 1766, 1, 1),
(9633, 1, 1766, 1, 1),
(10572, 1, 1766, 1, 1),
(9619, 1, 1766, 1, 1),
(8983, 1, 1766, 1, 1),
(10573, 1, 1766, 1, 1),
(8519, 10, 1766, 1, 1),
(8489, 7, 1766, 1, 1),
(10574, 1, 1766, 1, 1),
(8483, 1, 1766, 1, 1),
(10567, 1, 1766, 1, 1),
(10575, 1, 1766, 1, 1),
(8570, 6, 1766, 1, 1),
(10576, 1, 1766, 1, 1),
(9681, 1, 1766, 1, 1),
(9529, 3, 1766, 1, 1),
(8895, 1, 1766, 1, 1),
(9420, 4, 1766, 1, 1),
(9749, 1, 1766, 1, 1),
(10577, 1, 1766, 1, 1),
(10578, 1, 1766, 1, 1),
(8435, 5, 1766, 1, 1),
(8774, 2, 1766, 1, 1),
(8471, 2, 1766, 1, 1),
(9180, 1, 1766, 1, 1),
(8629, 3, 1766, 1, 1),
(8840, 3, 1766, 1, 1),
(10579, 1, 1766, 1, 1),
(10580, 1, 1766, 1, 1),
(10581, 1, 1766, 1, 1),
(8429, 7, 1766, 1, 1),
(10582, 1, 1766, 1, 1),
(8449, 3, 1766, 1, 1),
(10583, 1, 1766, 1, 1),
(8863, 1, 1766, 1, 1),
(8399, 4, 1766, 1, 1),
(8571, 1, 1766, 1, 1),
(10584, 1, 1766, 1, 1),
(8541, 1, 1766, 1, 1),
(10585, 1, 1766, 1, 1),
(10586, 1, 1766, 1, 1),
(9529, 1, 1766, 1, 1),
(10587, 1, 1766, 1, 1),
(10588, 1, 1766, 1, 1),
(9858, 1, 1766, 1, 1),
(8493, 2, 1766, 1, 1),
(9014, 1, 1766, 1, 1),
(9553, 1, 1766, 1, 1),
(10589, 1, 1766, 1, 1),
(10590, 1, 1766, 1, 1),
(8625, 5, 1766, 1, 1),
(10591, 1, 1766, 1, 1),
(9562, 2, 1766, 1, 1),
(8632, 1, 1766, 1, 1),
(9220, 1, 1766, 1, 1),
(10592, 1, 1766, 1, 1),
(10593, 1, 1766, 1, 1),
(10594, 1, 1766, 1, 1),
(10436, 2, 1766, 1, 1),
(10595, 1, 1766, 1, 1),
(10596, 1, 1766, 1, 1),
(10597, 1, 1766, 1, 1),
(10189, 1, 1766, 1, 1),
(10598, 1, 1766, 1, 1),
(9014, 2, 1766, 1, 1),
(10599, 1, 1766, 1, 1),
(10600, 2, 1766, 1, 1),
(8560, 1, 1766, 1, 1),
(10601, 1, 1766, 1, 1),
(10602, 1, 1766, 1, 1),
(10603, 1, 1766, 1, 1),
(10604, 1, 1766, 1, 1),
(10605, 1, 1766, 1, 1),
(8682, 1, 1766, 1, 1),
(9510, 5, 1766, 1, 1),
(10606, 1, 1766, 1, 1),
(10607, 1, 1766, 1, 1),
(10608, 1, 1766, 1, 1),
(10609, 1, 1766, 1, 1),
(10610, 1, 1766, 1, 1),
(9710, 1, 1766, 1, 1),
(10611, 1, 1766, 1, 1),
(10612, 1, 1766, 1, 1),
(10613, 1, 1766, 1, 1),
(8777, 1, 1766, 1, 1),
(10614, 1, 1766, 1, 1),
(8878, 3, 1766, 1, 1),
(9280, 1, 1766, 1, 1),
(10615, 1, 1766, 1, 1),
(8576, 1, 1766, 1, 1),
(8495, 1, 1766, 1, 1),
(9997, 1, 1766, 1, 1),
(10616, 1, 1766, 1, 1),
(8702, 1, 1766, 1, 1),
(9588, 2, 1766, 1, 1),
(8878, 1, 1766, 1, 1),
(10617, 1, 1766, 1, 1),
(10539, 1, 1766, 1, 1),
(10618, 1, 1766, 1, 1),
(10592, 1, 1766, 1, 1),
(10401, 1, 1766, 1, 1),
(10619, 3, 1766, 1, 1),
(10620, 1, 1766, 1, 1),
(10621, 1, 1766, 1, 1),
(8623, 2, 1766, 1, 1),
(10622, 1, 1766, 1, 1),
(8678, 7, 1766, 1, 1),
(10623, 2, 1766, 1, 1),
(10624, 1, 1766, 1, 1),
(8571, 4, 1766, 1, 1),
(9249, 3, 1766, 1, 1),
(8418, 2, 1766, 1, 1),
(9626, 1, 1766, 1, 1),
(10625, 1, 1766, 1, 1),
(10626, 1, 1766, 1, 1),
(10627, 1, 1766, 1, 1),
(10539, 1, 1766, 1, 1),
(10058, 1, 1766, 1, 1),
(10628, 1, 1766, 1, 1),
(9561, 1, 1766, 1, 1),
(8405, 1, 1766, 1, 1),
(10629, 1, 1766, 1, 1),
(8541, 4, 1766, 1, 1),
(10630, 2, 1766, 1, 1),
(10631, 1, 1766, 1, 1),
(10632, 1, 1766, 1, 1),
(10633, 1, 1766, 1, 1),
(10634, 1, 1766, 1, 1),
(9256, 2, 1766, 1, 1),
(8547, 1, 1766, 1, 1),
(10635, 1, 1766, 1, 1),
(8629, 2, 1766, 1, 1),
(10636, 1, 1766, 1, 1),
(10637, 1, 1766, 1, 1),
(9752, 3, 1766, 1, 1),
(10638, 1, 1766, 1, 1),
(9607, 1, 1766, 1, 1),
(10639, 1, 1766, 1, 1),
(10640, 1, 1766, 1, 1),
(8645, 1, 1766, 1, 1),
(9756, 1, 1766, 1, 1),
(10641, 1, 1766, 1, 1),
(10642, 1, 1766, 1, 1),
(8523, 1, 1766, 1, 1),
(8523, 1, 1766, 1, 1),
(8561, 7, 1766, 1, 1),
(10643, 1, 1766, 1, 1),
(8645, 1, 1766, 1, 1),
(9667, 2, 1766, 1, 1),
(10644, 1, 1766, 1, 1),
(10645, 1, 1766, 1, 1),
(10646, 1, 1766, 1, 1),
(10647, 1, 1766, 1, 1),
(9865, 1, 1766, 1, 1),
(8743, 11, 1766, 1, 1),
(10648, 2, 1766, 1, 1),
(10649, 1, 1766, 1, 1),
(9877, 1, 1766, 1, 1),
(10650, 1, 1766, 1, 1),
(8525, 5, 1766, 1, 1),
(10651, 1, 1766, 1, 1),
(8627, 1, 1766, 1, 1),
(10652, 1, 1766, 1, 1),
(8471, 3, 1766, 1, 1),
(10653, 1, 1766, 1, 1),
(10654, 1, 1766, 1, 1),
(8523, 1, 1766, 1, 1),
(10655, 1, 1766, 1, 1),
(9547, 1, 1766, 1, 1),
(10656, 1, 1766, 1, 1),
(10657, 1, 1766, 1, 1),
(8521, 2, 1766, 1, 1),
(9517, 1, 1766, 1, 1),
(10658, 1, 1766, 1, 1),
(9424, 1, 1766, 1, 1),
(9138, 1, 1766, 1, 1),
(8778, 1, 1766, 1, 1),
(10659, 1, 1766, 1, 1),
(9589, 1, 1766, 1, 1),
(10660, 2, 1766, 1, 1),
(9335, 2, 1766, 1, 1),
(9424, 3, 1766, 1, 1),
(8878, 1, 1766, 1, 1),
(9357, 1, 1766, 1, 1),
(8862, 2, 1766, 1, 1),
(10661, 1, 1766, 1, 1),
(10662, 1, 1766, 1, 1),
(10663, 1, 1766, 1, 1),
(10649, 1, 1766, 1, 1),
(9529, 2, 1766, 1, 1),
(10664, 1, 1766, 1, 1),
(8637, 2, 1766, 1, 1),
(10140, 1, 1766, 1, 1),
(8933, 1, 1766, 1, 1),
(10665, 1, 1766, 1, 1),
(10462, 1, 1766, 1, 1),
(10539, 1, 1766, 1, 1),
(10666, 1, 1766, 1, 1),
(8571, 4, 1766, 1, 1),
(8433, 1, 1766, 1, 1),
(10667, 1, 1766, 1, 1),
(10668, 1, 1766, 1, 1),
(9559, 1, 1766, 1, 1),
(8778, 3, 1766, 1, 1),
(10669, 1, 1766, 1, 1),
(10670, 1, 1766, 1, 1),
(10671, 1, 1766, 1, 1),
(10672, 1, 1766, 1, 1),
(10673, 1, 1766, 1, 1),
(9536, 2, 1766, 1, 1),
(8539, 4, 1766, 1, 1),
(10674, 1, 1766, 1, 1),
(10675, 1, 1766, 1, 1),
(8743, 1, 1766, 1, 1),
(8524, 2, 1766, 1, 1),
(10671, 1, 1766, 1, 1),
(10676, 1, 1766, 1, 1),
(8495, 2, 1766, 1, 1),
(10677, 1, 1766, 1, 1),
(10678, 1, 1766, 1, 1),
(10642, 1, 1766, 1, 1),
(8433, 1, 1766, 1, 1),
(9541, 1, 1766, 1, 1),
(8395, 1, 1766, 1, 1),
(8582, 2, 1766, 1, 1),
(10679, 1, 1766, 1, 1),
(10680, 1, 1766, 1, 1),
(10681, 1, 1766, 1, 1),
(9177, 1, 1766, 1, 1),
(9966, 1, 1766, 1, 1),
(8805, 1, 1766, 1, 1),
(8432, 4, 1766, 1, 1),
(10682, 1, 1766, 1, 1),
(10683, 1, 1766, 1, 1),
(10684, 1, 1766, 1, 1),
(10685, 1, 1766, 1, 1),
(10639, 1, 1766, 1, 1),
(10686, 1, 1766, 1, 1),
(10077, 1, 1766, 1, 1),
(10687, 1, 1766, 1, 1),
(8989, 1, 1766, 1, 1),
(10688, 1, 1766, 1, 1),
(10574, 1, 1766, 1, 1),
(8420, 1, 1766, 1, 1),
(8605, 1, 1766, 1, 1),
(10689, 1, 1766, 1, 1),
(9588, 2, 1766, 1, 1),
(10690, 1, 1766, 1, 1),
(10691, 1, 1766, 1, 1),
(8682, 3, 1766, 1, 1),
(8442, 2, 1766, 1, 1),
(10692, 1, 1766, 1, 1),
(9195, 1, 1766, 1, 1),
(8906, 2, 1766, 1, 1),
(10693, 1, 1766, 1, 1),
(10694, 1, 1766, 1, 1),
(10695, 1, 1766, 1, 1),
(9943, 1, 1766, 1, 1),
(8519, 1, 1766, 1, 1),
(8576, 2, 1766, 1, 1),
(10696, 1, 1766, 1, 1),
(8625, 1, 1766, 1, 1),
(10216, 1, 1766, 1, 1),
(10697, 1, 1766, 1, 1),
(10698, 1, 1766, 1, 1),
(10699, 1, 1766, 1, 1),
(10700, 1, 1766, 1, 1),
(10701, 1, 1766, 1, 1),
(10702, 1, 1766, 1, 1),
(9925, 1, 1766, 1, 1),
(8633, 1, 1766, 1, 1),
(9111, 1, 1766, 1, 1),
(8404, 1, 1766, 1, 1),
(8400, 1, 1766, 1, 1),
(9767, 1, 1766, 1, 1),
(10703, 1, 1766, 1, 1),
(9877, 1, 1766, 1, 1),
(9584, 1, 1766, 1, 1),
(10704, 1, 1766, 1, 1),
(9576, 1, 1766, 1, 1),
(10705, 1, 1766, 1, 1),
(10706, 1, 1766, 1, 1),
(8862, 1, 1766, 1, 1),
(10707, 1, 1766, 1, 1),
(10708, 1, 1766, 1, 1),
(10709, 1, 1766, 1, 1),
(9541, 1, 1766, 1, 1),
(8471, 1, 1766, 1, 1),
(9576, 1, 1766, 1, 1),
(10378, 2, 1766, 1, 1),
(10710, 1, 1766, 1, 1),
(8502, 1, 1766, 1, 1),
(9674, 1, 1766, 1, 1),
(10711, 1, 1766, 1, 1),
(9655, 1, 1766, 1, 1),
(9902, 1, 1766, 1, 1),
(10032, 1, 1766, 1, 1),
(9319, 1, 1766, 1, 1),
(8560, 1, 1766, 1, 1),
(10712, 1, 1766, 1, 1),
(10713, 1, 1766, 1, 1),
(8547, 1, 1766, 1, 1),
(8390, 1, 1766, 1, 1),
(10714, 2, 1766, 1, 1),
(9325, 1, 1766, 1, 1),
(10715, 1, 1766, 1, 1),
(9626, 1, 1766, 1, 1),
(9877, 1, 1766, 1, 1),
(8541, 1, 1766, 1, 1),
(8676, 1, 1766, 1, 1),
(9283, 1, 1766, 1, 1),
(8418, 1, 1766, 1, 1),
(9521, 1, 1766, 1, 1),
(8428, 2, 1766, 1, 1),
(10075, 2, 1766, 1, 1),
(10716, 1, 1766, 1, 1),
(9660, 1, 1766, 1, 1),
(8405, 1, 1766, 1, 1),
(10717, 1, 1766, 1, 1),
(8489, 1, 1766, 1, 1),
(10718, 1, 1766, 1, 1),
(8430, 1, 1766, 1, 1),
(10714, 1, 1766, 1, 1),
(10719, 1, 1766, 1, 1),
(8465, 2, 1766, 1, 1),
(10242, 1, 1766, 1, 1),
(8788, 1, 1766, 1, 1),
(10720, 1, 1766, 1, 1),
(8440, 2, 1766, 1, 1),
(10721, 1, 1766, 1, 1),
(10722, 1, 1766, 1, 1),
(9943, 1, 1766, 1, 1),
(8598, 1, 1766, 1, 1),
(10723, 1, 1766, 1, 1),
(8418, 1, 1766, 1, 1),
(10724, 1, 1766, 1, 1),
(10725, 1, 1766, 1, 1),
(10113, 1, 1766, 1, 1),
(10726, 1, 1766, 1, 1),
(8612, 2, 1766, 1, 1),
(10727, 1, 1766, 1, 1),
(10728, 1, 1766, 1, 1),
(8570, 2, 1766, 1, 1),
(8452, 1, 1766, 1, 1),
(8443, 1, 1766, 1, 1),
(8472, 1, 1766, 1, 1),
(8672, 1, 1766, 1, 1),
(8811, 1, 1766, 1, 1),
(10729, 1, 1766, 1, 1),
(8406, 1, 1766, 1, 1),
(8672, 1, 1766, 1, 1),
(9276, 1, 1766, 1, 1),
(8772, 1, 1766, 1, 1),
(9420, 1, 1766, 1, 1),
(10730, 2, 1766, 1, 1),
(10731, 1, 1766, 1, 1),
(10732, 1, 1766, 1, 1),
(9432, 1, 1766, 1, 1),
(9458, 1, 1766, 1, 1),
(9848, 2, 1766, 1, 1),
(10733, 1, 1766, 1, 1),
(10734, 1, 1766, 1, 1),
(10735, 1, 1766, 1, 1),
(8612, 2, 1766, 1, 1),
(10736, 1, 1766, 1, 1),
(8717, 1, 1766, 1, 1),
(9667, 1, 1766, 1, 1),
(8893, 1, 1766, 1, 1),
(8415, 1, 1766, 1, 1),
(8895, 1, 1766, 1, 1),
(8429, 2, 1766, 1, 1),
(10737, 1, 1766, 1, 1),
(9700, 1, 1766, 1, 1),
(10738, 1, 1766, 1, 1),
(8988, 1, 1766, 1, 1),
(10739, 1, 1766, 1, 1),
(10738, 1, 1766, 1, 1),
(8974, 1, 1766, 1, 1),
(10740, 1, 1766, 1, 1),
(8459, 2, 1766, 1, 1),
(10741, 1, 1766, 1, 1),
(8641, 1, 1766, 1, 1),
(10742, 1, 1766, 1, 1),
(10743, 1, 1766, 1, 1),
(10744, 1, 1766, 1, 1),
(10745, 1, 1766, 1, 1),
(8402, 1, 1766, 1, 1),
(10746, 1, 1766, 1, 1),
(10747, 1, 1766, 1, 1),
(10748, 1, 1766, 1, 1),
(10749, 1, 1766, 1, 1),
(9880, 1, 1766, 1, 1),
(8425, 1, 1766, 1, 1),
(10750, 1, 1766, 1, 1),
(8552, 2, 1766, 1, 1),
(8430, 1, 1766, 1, 1),
(10751, 1, 1766, 1, 1),
(10752, 1, 1766, 1, 1),
(9259, 2, 1766, 1, 1),
(10600, 1, 1766, 1, 1),
(10753, 1, 1766, 1, 1),
(10754, 1, 1766, 1, 1),
(10755, 1, 1766, 1, 1),
(9588, 1, 1766, 1, 1),
(9629, 1, 1766, 1, 1),
(10756, 1, 1766, 1, 1),
(10757, 1, 1766, 1, 1),
(8778, 1, 1766, 1, 1),
(10758, 1, 1766, 1, 1),
(9296, 1, 1766, 1, 1),
(10447, 1, 1766, 1, 1),
(8405, 2, 1766, 1, 1),
(10759, 1, 1766, 1, 1),
(10760, 1, 1766, 1, 1),
(8623, 1, 1766, 1, 1),
(8424, 2, 1766, 1, 1),
(10761, 1, 1766, 1, 1),
(10762, 1, 1766, 1, 1),
(10763, 1, 1766, 1, 1),
(10764, 1, 1766, 1, 1),
(8596, 1, 1766, 1, 1),
(9353, 1, 1766, 1, 1),
(10200, 1, 1766, 1, 1),
(9588, 1, 1766, 1, 1),
(10765, 1, 1766, 1, 1),
(10766, 1, 1766, 1, 1),
(8913, 1, 1766, 1, 1),
(10767, 1, 1766, 1, 1),
(10768, 1, 1766, 1, 1),
(10769, 1, 1766, 1, 1),
(10770, 1, 1766, 1, 1),
(10771, 1, 1766, 1, 1),
(8882, 1, 1766, 1, 1),
(10772, 1, 1766, 1, 1),
(10773, 1, 1766, 1, 1),
(8568, 1, 1766, 1, 1),
(10774, 1, 1766, 1, 1),
(9252, 1, 1766, 1, 1),
(9420, 1, 1766, 1, 1),
(10775, 1, 1766, 1, 1),
(10776, 1, 1766, 1, 1),
(9213, 1, 1766, 1, 1),
(10671, 1, 1766, 1, 1),
(10777, 1, 1766, 1, 1),
(10778, 1, 1766, 1, 1),
(10779, 1, 1766, 1, 1),
(10780, 1, 1766, 1, 1),
(10781, 1, 1766, 1, 1),
(10782, 1, 1766, 1, 1),
(10783, 1, 1766, 1, 1),
(8811, 1, 1766, 1, 1),
(10018, 1, 1766, 1, 1),
(10784, 1, 1766, 1, 1),
(10785, 1, 1766, 1, 1),
(10786, 1, 1766, 1, 1),
(9549, 1, 1766, 1, 1),
(10787, 1, 1766, 1, 1),
(8883, 1, 1766, 1, 1),
(9547, 1, 1766, 1, 1),
(10788, 1, 1766, 1, 1),
(10789, 1, 1766, 1, 1),
(10790, 1, 1766, 1, 1),
(8861, 2, 1766, 1, 1),
(10791, 1, 1766, 1, 1),
(10792, 1, 1766, 1, 1),
(10793, 1, 1766, 1, 1),
(9157, 1, 1766, 1, 1),
(10794, 1, 1766, 1, 1),
(10795, 1, 1766, 1, 1),
(8602, 1, 1766, 1, 1),
(8419, 2, 1766, 1, 1),
(10796, 1, 1766, 1, 1),
(9420, 3, 1766, 1, 1),
(10797, 1, 1766, 1, 1),
(10798, 1, 1766, 1, 1),
(8442, 1, 1766, 1, 1),
(10799, 1, 1766, 1, 1),
(10800, 1, 1766, 1, 1),
(10801, 1, 1766, 1, 1),
(10802, 1, 1766, 1, 1),
(10557, 1, 1766, 1, 1),
(10803, 1, 1766, 1, 1),
(10804, 2, 1766, 1, 1),
(8467, 1, 1766, 1, 1),
(10805, 1, 1766, 1, 1),
(10806, 1, 1766, 1, 1),
(10807, 1, 1766, 1, 1),
(10808, 1, 1766, 1, 1),
(10809, 1, 1766, 1, 1),
(10810, 1, 1766, 1, 1),
(10811, 1, 1766, 1, 1),
(8430, 1, 1766, 1, 1),
(10801, 1, 1766, 1, 1),
(10812, 1, 1766, 1, 1),
(9141, 1, 1766, 1, 1),
(10813, 1, 1766, 1, 1),
(9667, 1, 1766, 1, 1),
(10814, 1, 1766, 1, 1),
(8961, 1, 1766, 1, 1),
(10815, 1, 1766, 1, 1),
(10816, 1, 1766, 1, 1),
(10817, 1, 1766, 1, 1),
(8687, 1, 1766, 1, 1),
(8430, 1, 1766, 1, 1),
(10818, 1, 1766, 1, 1),
(10819, 1, 1766, 1, 1),
(10820, 1, 1766, 1, 1),
(10821, 1, 1766, 1, 1),
(10822, 1, 1766, 1, 1),
(10823, 1, 1766, 1, 1),
(10824, 1, 1766, 1, 1),
(8602, 1, 1766, 1, 1),
(10575, 1, 1766, 1, 1),
(10825, 1, 1766, 1, 1),
(10826, 1, 1766, 1, 1),
(10827, 1, 1766, 1, 1),
(10828, 1, 1766, 1, 1),
(9166, 1, 1766, 1, 1),
(10150, 1, 1766, 1, 1),
(10829, 1, 1766, 1, 1),
(10830, 1, 1766, 1, 1),
(8420, 1, 1766, 1, 1),
(9960, 1, 1766, 1, 1),
(8564, 1, 1766, 1, 1),
(8491, 1, 1766, 1, 1),
(9722, 1, 1766, 1, 1),
(9393, 1, 1766, 1, 1),
(10831, 1, 1766, 1, 1),
(10832, 1, 1766, 1, 1),
(8645, 1, 1766, 1, 1),
(10833, 1, 1766, 1, 1),
(10834, 1, 1766, 1, 1),
(10835, 1, 1766, 1, 1),
(10836, 1, 1766, 1, 1),
(10137, 1, 1766, 1, 1),
(10837, 1, 1766, 1, 1),
(10838, 1, 1766, 1, 1),
(10839, 1, 1766, 1, 1),
(10840, 2, 1766, 1, 1),
(8503, 1, 1766, 1, 1),
(10841, 1, 1766, 1, 1),
(10842, 1, 1766, 1, 1),
(10278, 1, 1766, 1, 1),
(10843, 1, 1766, 1, 1),
(8595, 1, 1766, 1, 1),
(10844, 1, 1766, 1, 1),
(10845, 1, 1766, 1, 1),
(10846, 1, 1766, 1, 1),
(9421, 1, 1766, 1, 1),
(10494, 22, 1597, 1, 1),
(10494, 22, 1598, 1, 1),
(10494, 22, 1600, 1, 1),
(9495, 22, 1600, 1, 1),
(10494, 22, 1602, 1, 1),
(10494, 22, 1603, 1, 1),
(10494, 22, 1639, 1, 1),
(10494, 22, 1640, 1, 1),
(10494, 22, 1641, 1, 1),
(10494, 22, 1642, 1, 1),
(10494, 22, 1643, 1, 1),
(10494, 22, 1644, 1, 1),
(10494, 22, 1645, 1, 1),
(10494, 22, 1647, 1, 1),
(10847, 22, 1612, 1, 1),
(10848, 22, 1612, 1, 1),
(10849, 1, 1612, 1, 1),
(9518, 1, 1612, 1, 1),
(10850, 1, 1612, 1, 1),
(8394, 1, 1612, 1, 1),
(8846, 1, 1612, 1, 1),
(8847, 1, 1612, 1, 1),
(10851, 1, 1612, 1, 1),
(8983, 1, 1612, 1, 1),
(8413, 1, 1612, 1, 1),
(8601, 2, 1612, 1, 1),
(10852, 1, 1612, 1, 1),
(10024, 1, 1612, 1, 1),
(9361, 1, 1612, 1, 1),
(10853, 1, 1612, 1, 1),
(9963, 1, 1612, 1, 1),
(10854, 1, 1612, 1, 1),
(8674, 1, 1612, 1, 1),
(10855, 1, 1612, 1, 1),
(8471, 1, 1612, 1, 1),
(8507, 1, 1612, 1, 1),
(8932, 1, 1612, 1, 1),
(8425, 1, 1612, 1, 1),
(10856, 1, 1612, 1, 1),
(10857, 1, 1612, 1, 1),
(10858, 1, 1612, 1, 1),
(10859, 1, 1612, 1, 1),
(10860, 1, 1612, 1, 1),
(10861, 1, 1612, 1, 1),
(10862, 1, 1612, 1, 1),
(10863, 1, 1612, 1, 1),
(10864, 1, 1612, 1, 1),
(10865, 1, 1612, 1, 1),
(10463, 1, 1612, 1, 1),
(10866, 2, 1612, 1, 1),
(10867, 1, 1612, 1, 1),
(9488, 1, 1612, 1, 1),
(10868, 1, 1612, 1, 1),
(10869, 1, 1612, 1, 1),
(10870, 1, 1612, 1, 1),
(10871, 1, 1612, 1, 1),
(10872, 1, 1612, 1, 1),
(10714, 1, 1612, 1, 1),
(10873, 1, 1612, 1, 1),
(10874, 1, 1612, 1, 1),
(8645, 1, 1612, 1, 1),
(10346, 1, 1612, 1, 1),
(10875, 1, 1612, 1, 1),
(10876, 1, 1612, 1, 1),
(10877, 1, 1612, 1, 1),
(10878, 1, 1612, 1, 1),
(8602, 1, 1612, 1, 1),
(10043, 12, 1757, 1, 1),
(10043, 22, 1757, 1, 1),
(10879, 10, 1757, 1, 1),
(8519, 1, 1757, 1, 1),
(10880, 1, 1757, 1, 1),
(8602, 1, 1757, 1, 1),
(8565, 1, 1757, 1, 1),
(10442, 2, 1757, 1, 1),
(8617, 2, 1757, 1, 1),
(10881, 1, 1757, 1, 1),
(10882, 1, 1757, 1, 1),
(8893, 2, 1757, 1, 1),
(8766, 2, 1757, 1, 1),
(8537, 2, 1757, 1, 1),
(10220, 2, 1757, 1, 1),
(10883, 2, 1757, 1, 1),
(8608, 3, 1757, 1, 1),
(10882, 1, 1757, 1, 1),
(10884, 1, 1757, 1, 1),
(8420, 2, 1757, 1, 1),
(10885, 1, 1757, 1, 1),
(10886, 1, 1757, 1, 1),
(9375, 1, 1757, 1, 1),
(10887, 1, 1757, 1, 1),
(10886, 1, 1757, 1, 1),
(10888, 1, 1757, 1, 1),
(10889, 1, 1757, 1, 1),
(10890, 1, 1757, 1, 1),
(8405, 2, 1757, 1, 1),
(9325, 1, 1757, 1, 1),
(8519, 1, 1757, 1, 1),
(9404, 1, 1757, 1, 1),
(8920, 1, 1757, 1, 1),
(8619, 1, 1757, 1, 1),
(9896, 1, 1757, 1, 1),
(8651, 1, 1757, 1, 1),
(10891, 1, 1757, 1, 1),
(10892, 1, 1757, 1, 1),
(10893, 1, 1757, 1, 1),
(10894, 1, 1757, 1, 1),
(8571, 1, 1757, 1, 1),
(10895, 1, 1757, 1, 1),
(10896, 1, 1757, 1, 1),
(10897, 1, 1757, 1, 1),
(10898, 1, 1757, 1, 1),
(10899, 1, 1757, 1, 1),
(10900, 1, 1757, 1, 1),
(10901, 1, 1757, 1, 1),
(10902, 1, 1757, 1, 1),
(8612, 1, 1757, 1, 1),
(10903, 1, 1757, 1, 1),
(8428, 1, 1757, 1, 1),
(10904, 1, 1757, 1, 1),
(8425, 1, 1757, 1, 1),
(10905, 1, 1757, 1, 1),
(10906, 22, 1760, 1, 1),
(10907, 22, 1760, 1, 1),
(10645, 1, 1760, 1, 1),
(9776, 1, 1760, 1, 1),
(10908, 1, 1760, 1, 1),
(8428, 1, 1760, 1, 1),
(8489, 1, 1760, 1, 1),
(8814, 2, 1760, 1, 1),
(10909, 1, 1760, 1, 1),
(9207, 2, 1760, 1, 1),
(10910, 1, 1760, 1, 1),
(8814, 2, 1760, 1, 1),
(9540, 2, 1760, 1, 1),
(9159, 1, 1760, 1, 1),
(9220, 1, 1760, 1, 1),
(8440, 1, 1760, 1, 1),
(8405, 1, 1760, 1, 1),
(9926, 1, 1760, 1, 1),
(10911, 3, 1760, 1, 1),
(8492, 3, 1760, 1, 1),
(10909, 2, 1760, 1, 1),
(8440, 1, 1760, 1, 1),
(8986, 2, 1760, 1, 1),
(8449, 2, 1760, 1, 1),
(8472, 1, 1760, 1, 1),
(10912, 1, 1760, 1, 1),
(8561, 1, 1760, 1, 1),
(8405, 1, 1760, 1, 1),
(10913, 1, 1760, 1, 1),
(10914, 1, 1760, 1, 1),
(8814, 1, 1760, 1, 1),
(10915, 1, 1760, 1, 1),
(10916, 1, 1760, 1, 1),
(10917, 1, 1760, 1, 1),
(10918, 2, 1760, 1, 1),
(10919, 2, 1760, 1, 1),
(8814, 1, 1760, 1, 1),
(10920, 1, 1760, 1, 1),
(8625, 1, 1760, 1, 1),
(8429, 1, 1760, 1, 1),
(8425, 2, 1760, 1, 1),
(8641, 1, 1760, 1, 1),
(9925, 2, 1760, 1, 1),
(10909, 3, 1760, 1, 1),
(10921, 1, 1760, 1, 1),
(10922, 2, 1760, 1, 1),
(10923, 3, 1760, 1, 1),
(10911, 2, 1760, 1, 1),
(8406, 1, 1760, 1, 1),
(10924, 1, 1760, 1, 1),
(10925, 1, 1760, 1, 1),
(10851, 1, 1760, 1, 1),
(10926, 1, 1760, 1, 1),
(8608, 1, 1760, 1, 1),
(10927, 1, 1760, 1, 1),
(9848, 1, 1760, 1, 1),
(9562, 1, 1760, 1, 1),
(10928, 1, 1760, 1, 1),
(10265, 1, 1760, 1, 1),
(9549, 1, 1760, 1, 1),
(10929, 1, 1760, 1, 1),
(10930, 1, 1760, 1, 1),
(9547, 1, 1760, 1, 1),
(10931, 1, 1760, 1, 1),
(8435, 1, 1760, 1, 1),
(9300, 1, 1760, 1, 1),
(9490, 1, 1760, 1, 1),
(9060, 1, 1760, 1, 1),
(8402, 1, 1760, 1, 1),
(8519, 1, 1760, 1, 1),
(10932, 1, 1760, 1, 1),
(10918, 1, 1760, 1, 1),
(10933, 1, 1760, 1, 1),
(10845, 1, 1760, 1, 1),
(10934, 1, 1760, 1, 1),
(8413, 1, 1760, 1, 1),
(10935, 1, 1760, 1, 1),
(10917, 1, 1760, 1, 1),
(10936, 1, 1760, 1, 1),
(8650, 1, 1760, 1, 1),
(10937, 22, 1761, 1, 1),
(10938, 22, 1761, 1, 1),
(9901, 1, 1761, 1, 1),
(8552, 1, 1761, 1, 1),
(9366, 2, 1761, 1, 1),
(8674, 2, 1761, 1, 1),
(10494, 1, 1761, 1, 1),
(8878, 1, 1761, 1, 1),
(9910, 1, 1761, 1, 1),
(10939, 1, 1761, 1, 1),
(8815, 2, 1761, 1, 1),
(10940, 1, 1761, 1, 1),
(8967, 1, 1761, 1, 1),
(10941, 1, 1761, 1, 1),
(9554, 1, 1761, 1, 1),
(10942, 1, 1761, 1, 1),
(10943, 1, 1761, 1, 1),
(10245, 1, 1761, 1, 1),
(10944, 1, 1761, 1, 1),
(10494, 1, 1761, 1, 1),
(8562, 1, 1761, 1, 1),
(8605, 1, 1761, 1, 1),
(8524, 1, 1761, 1, 1),
(8518, 1, 1761, 1, 1),
(8430, 1, 1761, 1, 1),
(8428, 3, 1761, 1, 1),
(10945, 1, 1761, 1, 1),
(8449, 1, 1761, 1, 1),
(10946, 1, 1761, 1, 1),
(9138, 1, 1761, 1, 1),
(8602, 1, 1761, 1, 1),
(10947, 1, 1761, 1, 1),
(10948, 1, 1761, 1, 1),
(10949, 1, 1761, 1, 1),
(10950, 1, 1761, 1, 1),
(10951, 1, 1761, 1, 1),
(9042, 1, 1761, 1, 1),
(8406, 1, 1761, 1, 1),
(8561, 1, 1761, 1, 1),
(10952, 1, 1761, 1, 1),
(10953, 1, 1761, 1, 1),
(8603, 1, 1761, 1, 1),
(8547, 1, 1761, 1, 1),
(8425, 1, 1761, 1, 1),
(8891, 1, 1761, 1, 1),
(8429, 1, 1761, 1, 1),
(8682, 1, 1761, 1, 1),
(10043, 22, 1762, 1, 1),
(10954, 22, 1762, 1, 1),
(8399, 1, 1762, 1, 1),
(8552, 1, 1762, 1, 1),
(10310, 1, 1762, 1, 1),
(9296, 1, 1762, 1, 1),
(8625, 1, 1762, 1, 1),
(8743, 1, 1762, 1, 1),
(10955, 1, 1762, 1, 1),
(10956, 1, 1762, 1, 1),
(9066, 1, 1762, 1, 1),
(8429, 2, 1762, 1, 1),
(10957, 2, 1762, 1, 1),
(8440, 2, 1762, 1, 1),
(10165, 1, 1762, 1, 1),
(8637, 1, 1762, 1, 1),
(10958, 1, 1762, 1, 1),
(9360, 1, 1762, 1, 1),
(9325, 1, 1762, 1, 1),
(10959, 1, 1762, 1, 1),
(8518, 1, 1762, 1, 1),
(10960, 1, 1762, 1, 1),
(8650, 1, 1762, 1, 1),
(10961, 2, 1762, 1, 1),
(9066, 1, 1762, 1, 1),
(8624, 1, 1762, 1, 1),
(10962, 1, 1762, 1, 1),
(10963, 1, 1762, 1, 1),
(8561, 2, 1762, 1, 1),
(10964, 1, 1762, 1, 1),
(10965, 1, 1762, 1, 1),
(10966, 1, 1762, 1, 1),
(10073, 1, 1762, 1, 1),
(10967, 1, 1762, 1, 1),
(8430, 1, 1762, 1, 1),
(8428, 1, 1762, 1, 1),
(10963, 1, 1762, 1, 1),
(8673, 1, 1762, 1, 1),
(10968, 1, 1762, 1, 1),
(9014, 1, 1762, 1, 1),
(10441, 1, 1762, 1, 1),
(10043, 12, 1749, 1, 1),
(10043, 22, 1749, 1, 1),
(10879, 10, 1749, 1, 1),
(9302, 1, 1749, 1, 1),
(9303, 1, 1749, 1, 1),
(9304, 1, 1749, 1, 1),
(9305, 1, 1749, 1, 1),
(9306, 1, 1749, 1, 1),
(9307, 1, 1749, 1, 1),
(9308, 1, 1749, 1, 1),
(9309, 1, 1749, 1, 1),
(9310, 1, 1749, 1, 1),
(8429, 1, 1749, 1, 1),
(9311, 1, 1749, 1, 1),
(9312, 1, 1749, 1, 1),
(9313, 1, 1749, 1, 1),
(8565, 1, 1749, 1, 1),
(9314, 1, 1749, 1, 1),
(9315, 1, 1749, 1, 1),
(9316, 1, 1749, 1, 1),
(9317, 1, 1749, 1, 1),
(9318, 1, 1749, 1, 1),
(9319, 1, 1749, 1, 1),
(9320, 1, 1749, 1, 1),
(9321, 1, 1749, 1, 1),
(9322, 1, 1749, 1, 1),
(8405, 1, 1749, 1, 1),
(8929, 1, 1749, 1, 1),
(9323, 1, 1749, 1, 1),
(9324, 1, 1749, 1, 1),
(8442, 1, 1749, 1, 1),
(9325, 1, 1749, 1, 1),
(8983, 1, 1749, 1, 1),
(8459, 1, 1749, 1, 1),
(8895, 1, 1749, 1, 1),
(8502, 1, 1749, 1, 1),
(10969, 12, 1752, 1, 1),
(10970, 12, 1752, 1, 1),
(10879, 10, 1752, 1, 1),
(10043, 10, 1752, 1, 1),
(8571, 1, 1752, 1, 1),
(10819, 1, 1752, 1, 1),
(9626, 1, 1752, 1, 1),
(10971, 1, 1752, 1, 1),
(10851, 23, 1572, 1, 1),
(8522, 46, 1572, 1, 1),
(8570, 23, 1572, 1, 1),
(10973, 23, 1572, 1, 1),
(8413, 23, 1572, 1, 1),
(10132, 23, 1572, 1, 1),
(10974, 23, 1572, 1, 1),
(10975, 22, 340, 1, 1),
(9900, 22, 1568, 1, 1),
(10976, 22, 1570, 1, 1),
(10729, 22, 1590, 1, 1),
(10243, 22, 1601, 1, 1),
(10977, 22, 1601, 1, 1),
(10978, 22, 350, 1, 1),
(8412, 22, 350, 1, 1),
(10374, 22, 1628, 1, 1),
(10979, 22, 1628, 1, 1),
(10980, 22, 1628, 1, 1),
(10981, 22, 1628, 1, 1),
(10982, 22, 1628, 1, 1),
(10983, 22, 1628, 1, 1),
(10984, 22, 1629, 1, 1),
(10985, 22, 1629, 1, 1),
(10986, 22, 1629, 1, 1),
(10987, 22, 1630, 1, 1),
(10988, 22, 1630, 1, 1),
(10989, 22, 1630, 1, 1),
(10990, 22, 1630, 1, 1),
(10862, 22, 1631, 1, 1),
(10991, 22, 1631, 1, 1),
(10992, 22, 1631, 1, 1),
(10993, 22, 1632, 1, 1),
(10994, 22, 1632, 1, 1),
(10995, 22, 1632, 1, 1),
(10996, 22, 1632, 1, 1),
(10997, 22, 1633, 1, 1),
(10998, 22, 1633, 1, 1),
(10999, 22, 1633, 1, 1),
(11000, 22, 1633, 1, 1),
(11001, 22, 1633, 1, 1),
(11002, 22, 1633, 1, 1),
(11003, 22, 1633, 1, 1),
(9305, 22, 1634, 1, 1),
(11004, 22, 1634, 1, 1),
(11005, 22, 1635, 1, 1),
(11006, 22, 1635, 1, 1),
(11007, 22, 1635, 1, 1),
(11008, 22, 1636, 1, 1),
(11009, 22, 1636, 1, 1),
(11010, 22, 1636, 1, 1),
(11011, 22, 1636, 1, 1),
(9863, 22, 1636, 1, 1),
(11012, 22, 1637, 1, 1),
(11013, 22, 1638, 1, 1),
(11014, 22, 1638, 1, 1),
(10997, 22, 1646, 1, 1),
(10998, 22, 1646, 1, 1),
(10999, 22, 1646, 1, 1),
(11000, 22, 1646, 1, 1),
(11001, 22, 1646, 1, 1),
(11002, 22, 1646, 1, 1),
(11003, 22, 1646, 1, 1),
(9305, 22, 1648, 1, 1),
(11004, 22, 1648, 1, 1),
(11005, 22, 1649, 1, 1),
(11006, 22, 1649, 1, 1),
(11007, 22, 1649, 1, 1);

-- --------------------------------------------------------

--
-- Table structure for table `bagira_search_words`
--

CREATE TABLE IF NOT EXISTS `bagira_search_words` (
  `w_id` int(11) NOT NULL AUTO_INCREMENT,
  `w_name` varchar(50) NOT NULL,
  PRIMARY KEY (`w_id`)
) ENGINE=InnoDB  DEFAULT CHARSET=cp1251 AUTO_INCREMENT=11015 ;

--
-- Dumping data for table `bagira_search_words`
--

INSERT INTO `bagira_search_words` (`w_id`, `w_name`) VALUES
(8390, 'Главн'),
(8391, 'страниц'),
(8392, 'Адрес'),
(8393, 'контакт'),
(8394, 'магазин'),
(8395, 'Во'),
(8396, 'всякой'),
(8397, 'книг'),
(8398, 'предисл'),
(8399, 'ес'),
(8400, 'перв'),
(8401, 'вмест'),
(8402, 'тем'),
(8403, 'последня'),
(8404, 'вещ'),
(8405, 'он'),
(8406, 'ил'),
(8407, 'служит'),
(8408, 'объяснением'),
(8409, 'цел'),
(8410, 'сочинен'),
(8411, 'оправданием'),
(8412, 'ответ'),
(8413, 'на'),
(8414, 'крит'),
(8415, 'Но'),
(8416, 'обыкновен'),
(8417, 'читател'),
(8418, 'дел'),
(8419, 'нет'),
(8420, 'до'),
(8421, 'нравственной'),
(8422, 'журнальных'),
(8423, 'напад'),
(8424, 'потом'),
(8425, 'не'),
(8426, 'читают'),
(8427, 'жал'),
(8428, 'чт'),
(8429, 'эт'),
(8430, 'так'),
(8431, 'особен'),
(8432, 'нас'),
(8433, 'Наш'),
(8434, 'публ'),
(8435, 'ещ'),
(8436, 'молод'),
(8437, 'простодушн'),
(8438, 'понимает'),
(8439, 'басн'),
(8440, 'есл'),
(8441, 'конц'),
(8442, 'ее'),
(8443, 'находит'),
(8444, 'нравоучен'),
(8445, 'угадывает'),
(8446, 'шут'),
(8447, 'чувствует'),
(8448, 'ирон'),
(8449, 'прост'),
(8450, 'дур'),
(8451, 'воспитан'),
(8452, 'знает'),
(8453, 'порядочн'),
(8454, 'обществ'),
(8455, 'порядочной'),
(8456, 'явн'),
(8457, 'бран'),
(8458, 'может'),
(8459, 'им'),
(8460, 'мес'),
(8461, 'современн'),
(8462, 'образованнос'),
(8463, 'изобрел'),
(8464, 'оруд'),
(8465, 'боле'),
(8466, 'остр'),
(8467, 'почт'),
(8468, 'невидим'),
(8469, 'мене'),
(8470, 'смертельн'),
(8471, 'котор'),
(8472, 'под'),
(8473, 'одеждо'),
(8474, 'лест'),
(8475, 'наносит'),
(8476, 'неотразим'),
(8477, 'вер'),
(8478, 'удар'),
(8479, 'похож'),
(8480, 'провинциал'),
(8481, 'подслушав'),
(8482, 'разговор'),
(8483, 'двух'),
(8484, 'дипломат'),
(8485, 'принадлежащих'),
(8486, 'враждебным'),
(8487, 'двор'),
(8488, 'остал'),
(8489, 'бы'),
(8490, 'уверен'),
(8491, 'кажд'),
(8492, 'из'),
(8493, 'них'),
(8494, 'обманывает'),
(8495, 'св'),
(8496, 'правительств'),
(8497, 'польз'),
(8498, 'взаимной'),
(8499, 'нежнейш'),
(8500, 'дружб'),
(8501, 'испытал'),
(8502, 'себ'),
(8503, 'недав'),
(8504, 'несчастну'),
(8505, 'доверчивос'),
(8506, 'некоторых'),
(8507, 'даж'),
(8508, 'журнал'),
(8509, 'буквальном'),
(8510, 'значен'),
(8511, 'сл'),
(8512, 'Ин'),
(8513, 'ужас'),
(8514, 'обиделис'),
(8515, 'ставят'),
(8516, 'пример'),
(8517, 'безнравственн'),
(8518, 'чел'),
(8519, 'как'),
(8520, 'Герой'),
(8521, 'Нашег'),
(8522, 'Времен'),
(8523, 'друг'),
(8524, 'же'),
(8525, 'очен'),
(8526, 'тонк'),
(8527, 'замечал'),
(8528, 'сочинител'),
(8529, 'нарисовал'),
(8530, 'свой'),
(8531, 'портрет'),
(8532, 'своих'),
(8533, 'знакомых…'),
(8534, 'Стар'),
(8535, 'жалк'),
(8536, 'шутка!'),
(8537, 'вид'),
(8538, 'Рус'),
(8539, 'уж'),
(8540, 'сотворен'),
(8541, 'вс'),
(8542, 'ней'),
(8543, 'обновляет'),
(8544, 'кром'),
(8545, 'подобных'),
(8546, 'нелепост'),
(8547, 'Сам'),
(8548, 'волшебн'),
(8549, 'волшебных'),
(8550, 'сказ'),
(8551, 'едв'),
(8552, 'ли'),
(8553, 'избегнет'),
(8554, 'упр'),
(8555, 'покушен'),
(8556, 'оскорблен'),
(8557, 'личности!'),
(8558, 'милостив'),
(8559, 'государ'),
(8560, 'мо'),
(8561, 'то'),
(8562, 'одн'),
(8563, 'составл'),
(8564, 'пор'),
(8565, 'всег'),
(8566, 'поколен'),
(8567, 'полн'),
(8568, 'их'),
(8569, 'развит'),
(8570, 'Вы'),
(8571, 'мн'),
(8572, 'оп'),
(8573, 'скажет'),
(8574, 'человек'),
(8575, 'дурен'),
(8576, 'вам'),
(8577, 'скаж'),
(8578, 'ежел'),
(8579, 'верил'),
(8580, 'возможност'),
(8581, 'существован'),
(8582, 'всех'),
(8583, 'трагических'),
(8584, 'романтических'),
(8585, 'злоде'),
(8586, 'отчег'),
(8587, 'верует'),
(8588, 'действительнос'),
(8589, 'Печорин'),
(8590, 'любовалис'),
(8591, 'вымысл'),
(8592, 'горазд'),
(8593, 'ужасн'),
(8594, 'уродлив'),
(8595, 'этот'),
(8596, 'характер'),
(8597, 'вымысел'),
(8598, 'вас'),
(8599, 'пощад'),
(8600, 'отт'),
(8601, 'нем'),
(8602, 'больш'),
(8603, 'правд'),
(8604, 'нежел'),
(8605, 'тог'),
(8606, 'желал'),
(8607, 'нравственнос'),
(8608, 'от'),
(8609, 'выигрывает'),
(8610, 'Извинит'),
(8611, 'Довол'),
(8612, 'люд'),
(8613, 'кормил'),
(8614, 'сласт'),
(8615, 'испортил'),
(8616, 'желуд'),
(8617, 'нужн'),
(8618, 'горьк'),
(8619, 'лекарств'),
(8620, 'едк'),
(8621, 'истин'),
(8622, 'думайт'),
(8623, 'однак'),
(8624, 'посл'),
(8625, 'чтоб'),
(8626, 'автор'),
(8627, 'этой'),
(8628, 'имел'),
(8629, 'когд'),
(8630, 'нибуд'),
(8631, 'горду'),
(8632, 'мечт'),
(8633, 'сдел'),
(8634, 'исправителем'),
(8635, 'людских'),
(8636, 'Бож'),
(8637, 'ег'),
(8638, 'избав'),
(8639, 'невежества!'),
(8640, 'Ем'),
(8641, 'был'),
(8642, 'весел'),
(8643, 'рис'),
(8644, 'каким'),
(8645, 'ваш'),
(8646, 'несчасть'),
(8647, 'слишк'),
(8648, 'част'),
(8649, 'встречал'),
(8650, 'Будет'),
(8651, 'болезн'),
(8652, 'указан'),
(8653, 'изле'),
(8654, '—'),
(8655, 'бог'),
(8656, 'знает!'),
(8657, 'Опл'),
(8658, 'достав'),
(8659, 'ехал'),
(8660, 'перекладных'),
(8661, 'Тифлис'),
(8662, 'поклаж'),
(8663, 'тележ'),
(8664, 'состоял'),
(8665, 'небольш'),
(8666, 'чемодан'),
(8667, 'половин'),
(8668, 'набит'),
(8669, 'пут'),
(8670, 'запис'),
(8671, 'Груз'),
(8672, 'час'),
(8673, 'счаст'),
(8674, 'дл'),
(8675, 'потерян'),
(8676, 'остальн'),
(8677, 'счасть'),
(8678, 'мен'),
(8679, 'солнц'),
(8680, 'начинал'),
(8681, 'прят'),
(8682, 'за'),
(8683, 'снеговой'),
(8684, 'хребет'),
(8685, 'въехал'),
(8686, 'Койшаурску'),
(8687, 'долин'),
(8688, 'Осетин'),
(8689, 'извоз'),
(8690, 'неутомим'),
(8691, 'погонял'),
(8692, 'лошад'),
(8693, 'усп'),
(8694, 'взобр'),
(8695, 'гор'),
(8696, 'горл'),
(8697, 'распевал'),
(8698, 'песн'),
(8699, 'Славн'),
(8700, 'мест'),
(8701, 'долина!'),
(8702, 'Со'),
(8703, 'сторон'),
(8704, 'неприступн'),
(8705, 'красноват'),
(8706, 'скал'),
(8707, 'обвешанн'),
(8708, 'зеленым'),
(8709, 'плющ'),
(8710, 'увенчанн'),
(8711, 'куп'),
(8712, 'чинар'),
(8713, 'желт'),
(8714, 'обрыв'),
(8715, 'исчерченн'),
(8716, 'промоин'),
(8717, 'там'),
(8718, 'высок'),
(8719, 'золот'),
(8720, 'бахром'),
(8721, 'снег'),
(8722, 'вниз'),
(8723, 'Арагв'),
(8724, 'обнявшис'),
(8725, 'другой'),
(8726, 'безыменной'),
(8727, 'речкой'),
(8728, 'шум'),
(8729, 'вырывающей'),
(8730, 'черн'),
(8731, 'мгло'),
(8732, 'ущел'),
(8733, 'тянет'),
(8734, 'серебряно'),
(8735, 'нить'),
(8736, 'сверкает'),
(8737, 'зме'),
(8738, 'свое'),
(8739, 'чешуе'),
(8740, ' Подъехав'),
(8741, 'подошв'),
(8742, 'Койшаурской'),
(8743, 'мы'),
(8744, 'остановилис'),
(8745, 'возл'),
(8746, 'духан'),
(8747, 'Тут'),
(8748, 'толпилос'),
(8749, 'десят'),
(8750, 'дв'),
(8751, 'грузин'),
(8752, 'горц'),
(8753, 'поблизост'),
(8754, 'караван'),
(8755, 'верблюд'),
(8756, 'остановил'),
(8757, 'ночлег'),
(8758, 'должен'),
(8759, 'нан'),
(8760, 'бык'),
(8761, 'втащ'),
(8762, 'тележк'),
(8763, 'прокляту'),
(8764, 'осен'),
(8765, 'гололедиц'),
(8766, 'имеет'),
(8767, 'окол'),
(8768, 'верст'),
(8769, 'длин'),
(8770, 'Нечег'),
(8771, 'нанял'),
(8772, 'шес'),
(8773, 'нескольких'),
(8774, 'Один'),
(8775, 'взвалил'),
(8776, 'пле'),
(8777, 'мой'),
(8778, 'стал'),
(8779, 'помог'),
(8780, 'одним'),
(8781, 'кр'),
(8782, 'мое'),
(8783, 'тележко'),
(8784, 'четвер'),
(8785, 'тащил'),
(8786, 'другу'),
(8787, 'ни'),
(8788, 'чем'),
(8789, 'бывал'),
(8790, 'несмотр'),
(8791, 'доверх'),
(8792, 'накладен'),
(8793, 'обстоятельств'),
(8794, 'удивил'),
(8795, 'шел'),
(8796, 'хозяин'),
(8797, 'покурив'),
(8798, 'маленькой'),
(8799, 'кабардинской'),
(8800, 'трубо'),
(8801, 'обделанной'),
(8802, 'серебр'),
(8803, 'офицерск'),
(8804, 'сюртук'),
(8805, 'без'),
(8806, 'эполет'),
(8807, 'черкесск'),
(8808, 'мохнат'),
(8809, 'шап'),
(8810, 'казал'),
(8811, 'лет'),
(8812, 'пятидесят'),
(8813, 'смугл'),
(8814, 'цвет'),
(8815, 'лиц'),
(8816, 'показывал'),
(8817, 'дав'),
(8818, 'знаком'),
(8819, 'закавказским'),
(8820, 'солнцем'),
(8821, 'преждевремен'),
(8822, 'поседевш'),
(8823, 'ус'),
(8824, 'соответствовал'),
(8825, 'твердой'),
(8826, 'походк'),
(8827, 'бодром'),
(8828, 'подошел'),
(8829, 'поклонил'),
(8830, 'мол'),
(8831, 'отвечал'),
(8832, 'поклон'),
(8833, 'пустил'),
(8834, 'огр'),
(8835, 'клуб'),
(8836, 'дым'),
(8837, ' —'),
(8838, 'ва'),
(8839, 'попут'),
(8840, 'кажет'),
(8841, ' Он'),
(8842, 'едет'),
(8843, 'Ставропол'),
(8844, 'точно…'),
(8845, 'казенн'),
(8846, 'Скажит'),
(8847, 'пожалуйс'),
(8848, 'тяжелу'),
(8849, 'четыр'),
(8850, 'тащат'),
(8851, 'пусту'),
(8852, 'скот'),
(8853, 'подвигают'),
(8854, 'помощь'),
(8855, 'этих'),
(8856, 'лукав'),
(8857, 'улыбнул'),
(8858, 'значител'),
(8859, 'взглянул'),
(8860, 'Кавказ'),
(8861, 'год'),
(8862, 'втор'),
(8863, 'Да'),
(8864, 'с!'),
(8865, 'бест'),
(8866, 'азиаты!'),
(8867, 'думает'),
(8868, 'помогают'),
(8869, 'кричат'),
(8870, 'черт'),
(8871, 'разберет'),
(8872, 'понимают'),
(8873, 'запрягит'),
(8874, 'хо'),
(8875, 'двадц'),
(8876, 'кол'),
(8877, 'крикнут'),
(8878, 'по'),
(8879, 'места…'),
(8880, 'плуты!'),
(8881, 'возьмеш'),
(8882, 'Любят'),
(8883, 'деньг'),
(8884, 'др'),
(8885, 'проезжающих…'),
(8886, 'Избаловал'),
(8887, 'мошенников!'),
(8888, 'Увидит'),
(8889, 'возьмут'),
(8890, 'водк'),
(8891, 'зна'),
(8892, 'проведут!'),
(8893, 'здес'),
(8894, 'служил'),
(8895, 'пр'),
(8896, 'Алексе'),
(8897, 'Петров'),
(8898, 'приосанившис'),
(8899, 'приехал'),
(8900, 'Лин'),
(8901, 'подпору'),
(8902, 'прибавил'),
(8903, 'получил'),
(8904, 'чин'),
(8905, 'против'),
(8906, 'тепер'),
(8907, 'считаюс'),
(8908, 'третьем'),
(8909, 'линейн'),
(8910, 'батальон'),
(8911, 'сме'),
(8912, 'спрос'),
(8913, 'сказал'),
(8914, 'этим'),
(8915, 'кончил'),
(8916, 'продолжал'),
(8917, 'идт'),
(8918, 'подл'),
(8919, 'вершин'),
(8920, 'нашл'),
(8921, 'закатилос'),
(8922, 'последовал'),
(8923, 'днем'),
(8924, 'промежут'),
(8925, 'бывает'),
(8926, 'юг'),
(8927, 'благодар'),
(8928, 'отлив'),
(8929, 'легк'),
(8930, 'могл'),
(8931, 'разл'),
(8932, 'дорог'),
(8933, 'шл'),
(8934, 'хот'),
(8935, 'крут'),
(8936, 'велел'),
(8937, 'полож'),
(8938, 'замен'),
(8939, 'последн'),
(8940, 'раз'),
(8941, 'оглянул'),
(8942, 'густой'),
(8943, 'туман'),
(8944, 'нахлынувш'),
(8945, 'волн'),
(8946, 'покрывал'),
(8947, 'совершен'),
(8948, 'ед'),
(8949, 'звук'),
(8950, 'долетал'),
(8951, 'оттуд'),
(8952, 'слух'),
(8953, 'обступил'),
(8954, 'требовал'),
(8955, 'штабс'),
(8956, 'капитан'),
(8957, 'гроз'),
(8958, 'прикрикнул'),
(8959, 'вмиг'),
(8960, 'разбежалис'),
(8961, 'Вед'),
(8962, 'этак'),
(8963, 'народ!'),
(8964, 'хлеб'),
(8965, 'русс'),
(8966, 'назв'),
(8967, 'умеет'),
(8968, 'выучил'),
(8969, 'Офицер'),
(8970, 'дай'),
(8971, 'водку!'),
(8972, 'татар'),
(8973, 'лучш'),
(8974, 'те'),
(8975, 'непьющ'),
(8976, ' Д'),
(8977, 'станц'),
(8978, 'оставалос'),
(8979, 'Круг'),
(8980, 'тих'),
(8981, 'жужжан'),
(8982, 'комар'),
(8983, 'мож'),
(8984, 'след'),
(8985, 'полет'),
(8986, 'Нал'),
(8987, 'чернел'),
(8988, 'глубок'),
(8989, 'ним'),
(8990, 'вперед'),
(8991, 'син'),
(8992, 'изрыт'),
(8993, 'морщин'),
(8994, 'покрыт'),
(8995, 'рисовалис'),
(8996, 'бледн'),
(8997, 'небосклон'),
(8998, 'сохранявшем'),
(8999, 'отблеск'),
(9000, 'зар'),
(9001, 'темн'),
(9002, 'неб'),
(9003, 'мельк'),
(9004, 'звезд'),
(9005, 'стран'),
(9006, 'показалос'),
(9007, 'выш'),
(9008, 'север'),
(9009, 'обеим'),
(9010, 'торчал'),
(9011, 'гол'),
(9012, 'камн'),
(9013, 'кой'),
(9014, 'гд'),
(9015, 'выглядывал'),
(9016, 'кустарн'),
(9017, 'сухой'),
(9018, 'лист'),
(9019, 'шевелил'),
(9020, 'слыш'),
(9021, 'сред'),
(9022, 'мертв'),
(9023, 'сн'),
(9024, 'природ'),
(9025, 'фыркан'),
(9026, 'усталой'),
(9027, 'почтовой'),
(9028, 'трой'),
(9029, 'неровн'),
(9030, 'побрякиван'),
(9031, 'русск'),
(9032, 'колоколь'),
(9033, 'Завтр'),
(9034, 'погода!'),
(9035, 'указал'),
(9036, 'пальцем'),
(9037, 'высоку'),
(9038, 'поднимавшу'),
(9039, 'прям'),
(9040, 'спросил'),
(9041, 'Гуд'),
(9042, 'Ну'),
(9043, 'Посмотрит'),
(9044, 'курит'),
(9045, 'курилас'),
(9046, 'бок'),
(9047, 'ползал'),
(9048, 'струй'),
(9049, 'облак'),
(9050, 'лежал'),
(9051, 'ту'),
(9052, 'казалас'),
(9053, 'пятн'),
(9054, ' Уж'),
(9055, 'различал'),
(9056, 'почтову'),
(9057, 'кровл'),
(9058, 'окружающих'),
(9059, 'сакл'),
(9060, 'перед'),
(9061, 'мелькал'),
(9062, 'приветн'),
(9063, 'огон'),
(9064, 'пахнул'),
(9065, 'сырой'),
(9066, 'холод'),
(9067, 'ветер'),
(9068, 'загудел'),
(9069, 'пошел'),
(9070, 'мелк'),
(9071, 'дожд'),
(9072, 'успел'),
(9073, 'накин'),
(9074, 'бурк'),
(9075, 'повалил'),
(9076, 'благоговением'),
(9077, 'посмотрел'),
(9078, 'Нам'),
(9079, 'придет'),
(9080, 'ноч'),
(9081, 'досадо'),
(9082, 'таку'),
(9083, 'метел'),
(9084, 'через'),
(9085, 'переедеш'),
(9086, 'ль'),
(9087, 'обвал'),
(9088, 'Крестовой'),
(9089, 'господин'),
(9090, 'висит'),
(9091, 'неимением'),
(9092, 'комнат'),
(9093, 'проезжающих'),
(9094, 'отвел'),
(9095, 'дымной'),
(9096, 'пригласил'),
(9097, 'своег'),
(9098, 'спутн'),
(9099, 'вып'),
(9100, 'стакан'),
(9101, 'ча'),
(9102, 'иб'),
(9103, 'мной'),
(9104, 'чугун'),
(9105, 'чайн'),
(9106, 'единственн'),
(9107, 'отрад'),
(9108, 'путешеств'),
(9109, ' Сакл'),
(9110, 'прилеплен'),
(9111, 'тр'),
(9112, 'скользк'),
(9113, 'мокр'),
(9114, 'ступен'),
(9115, 'вел'),
(9116, 'двер'),
(9117, 'Ощупь'),
(9118, 'вошел'),
(9119, 'наткнул'),
(9120, 'кор'),
(9121, 'хл'),
(9122, 'заменяет'),
(9123, 'лакейску'),
(9124, 'знал'),
(9125, 'куд'),
(9126, 'дев'),
(9127, 'блеют'),
(9128, 'овц'),
(9129, 'ворчит'),
(9130, 'соб'),
(9131, 'блеснул'),
(9132, 'тускл'),
(9133, 'свет'),
(9134, 'найт'),
(9135, 'отверст'),
(9136, 'наподоб'),
(9137, 'открылас'),
(9138, 'картин'),
(9139, 'занимательн'),
(9140, 'широк'),
(9141, 'которой'),
(9142, 'крыш'),
(9143, 'опиралас'),
(9144, 'закопченн'),
(9145, 'столб'),
(9146, 'народ'),
(9147, 'Посередин'),
(9148, 'трещал'),
(9149, 'огонек'),
(9150, 'разлож'),
(9151, 'земл'),
(9152, 'выталкиваем'),
(9153, 'обрат'),
(9154, 'ветр'),
(9155, 'расстилал'),
(9156, 'вокруг'),
(9157, 'такой'),
(9158, 'пелено'),
(9159, 'долг'),
(9160, 'мог'),
(9161, 'осмотр'),
(9162, 'огн'),
(9163, 'сидел'),
(9164, 'старух'),
(9165, 'множеств'),
(9166, 'дет'),
(9167, 'худощав'),
(9168, 'лохм'),
(9169, 'приютилис'),
(9170, 'закурил'),
(9171, 'труб'),
(9172, 'скор'),
(9173, 'зашипел'),
(9174, 'приветлив'),
(9175, 'люди!'),
(9176, 'указыв'),
(9177, 'наших'),
(9178, 'грязных'),
(9179, 'хозя'),
(9180, 'смотрел'),
(9181, 'остолбенен'),
(9182, 'Преглуп'),
(9183, 'Поверит'),
(9184, 'ничег'),
(9185, 'умеют'),
(9186, 'способн'),
(9187, 'каком'),
(9188, 'образованию!'),
(9189, 'крайн'),
(9190, 'мер'),
(9191, 'кабардинц'),
(9192, 'чеченц'),
(9193, 'разбойн'),
(9194, 'голыш'),
(9195, 'зат'),
(9196, 'отчаянн'),
(9197, 'баш'),
(9198, 'оруж'),
(9199, 'никакой'),
(9200, 'охот'),
(9201, 'кинжал'),
(9202, 'увидиш'),
(9203, 'подлин'),
(9204, 'осетины!—'),
(9205, 'Чечн'),
(9206, 'дес'),
(9207, 'стоял'),
(9208, 'крепост'),
(9209, 'рото'),
(9210, 'Каменн'),
(9211, 'Брод'),
(9212, 'Слыхал'),
(9213, 'Вот'),
(9214, 'батюш'),
(9215, 'надоел'),
(9216, 'головорез'),
(9217, 'нын'),
(9218, 'слав'),
(9219, 'смирне'),
(9220, 'ст'),
(9221, 'шаг'),
(9222, 'отойдеш'),
(9223, 'вал'),
(9224, 'космат'),
(9225, 'дьявол'),
(9226, 'сидит'),
(9227, 'караулит'),
(9228, 'чу'),
(9229, 'зазевал'),
(9230, 'гляд'),
(9231, 'либ'),
(9232, 'аркан'),
(9233, 'ше'),
(9234, 'пул'),
(9235, 'затылк'),
(9236, 'молодцы!'),
(9237, 'чай'),
(9238, 'приключен'),
(9239, 'подстрекаем'),
(9240, 'любопытств'),
(9241, 'бывать!'),
(9242, 'бывало…'),
(9243, 'начал'),
(9244, 'щип'),
(9245, 'лев'),
(9246, 'повесил'),
(9247, 'призадумал'),
(9248, 'стр'),
(9249, 'хотелос'),
(9250, 'вытян'),
(9251, 'нег'),
(9252, 'каку'),
(9253, 'историйк'),
(9254, 'желан'),
(9255, 'свойственн'),
(9256, 'всем'),
(9257, 'путешествующим'),
(9258, 'записывающим'),
(9259, 'Межд'),
(9260, 'поспел'),
(9261, 'вытащил'),
(9262, 'походных'),
(9263, 'налил'),
(9264, 'поставил'),
(9265, 'отхлебнул'),
(9266, 'будт'),
(9267, 'бывало!'),
(9268, 'восклицан'),
(9269, 'подал'),
(9270, 'надежд'),
(9271, 'кавказц'),
(9272, 'поговор'),
(9273, 'порассказ'),
(9274, 'редк'),
(9275, 'удает'),
(9276, 'пя'),
(9277, 'стоит'),
(9278, 'захолуст'),
(9279, 'ротой'),
(9280, 'никт'),
(9281, 'здравствуйт'),
(9282, 'фельдфебел'),
(9283, 'говорит'),
(9284, 'здрав'),
(9285, 'жела'),
(9286, 'поболт'),
(9287, 'дик'),
(9288, 'любопыт'),
(9289, 'ден'),
(9290, 'опаснос'),
(9291, 'слу'),
(9292, 'бывают'),
(9293, 'чудн'),
(9294, 'поневол'),
(9295, 'пожалееш'),
(9296, 'том'),
(9297, 'мал'),
(9298, 'записывают'),
(9299, 'Опрос'),
(9300, 'Важ'),
(9301, 'текст'),
(9302, 'новейш'),
(9303, 'цифровой'),
(9304, 'фотокамер'),
(9305, 'Samsung'),
(9306, 'ST60'),
(9307, 'гармон'),
(9308, 'сочетают'),
(9309, 'компактнос'),
(9310, 'высокойфункциональность'),
(9311, 'стильн'),
(9312, 'камер'),
(9313, 'толщиной'),
(9314, '16'),
(9315, '5мм'),
(9316, 'являет'),
(9317, 'самой'),
(9318, 'тонкой'),
(9319, 'мир'),
(9320, 'камерой'),
(9321, 'своем'),
(9322, 'класс'),
(9323, 'умещает'),
(9324, 'карман'),
(9325, 'всегд'),
(9326, 'Фотогаллере'),
(9327, 'Схем'),
(9328, 'проезд'),
(9329, 'находим'),
(9330, 'Омск'),
(9331, 'улиц'),
(9332, 'Фрунз'),
(9333, 'дом'),
(9334, '52'),
(9335, 'Услов'),
(9336, 'регистрац'),
(9337, 'пользовател'),
(9338, 'Общ'),
(9339, 'положен'),
(9340, 'Настояще'),
(9341, 'Лицензионн'),
(9342, 'соглашен'),
(9343, 'дале'),
(9344, 'офертой'),
(9345, 'заключает'),
(9346, 'пользователем'),
(9347, 'программн'),
(9348, 'продук'),
(9349, 'Bagira'),
(9350, 'CMS'),
(9351, 'ООО'),
(9352, 'Махоган'),
(9353, 'групп'),
(9354, 'использованием'),
(9355, 'внимател'),
(9356, 'ознакомьтес'),
(9357, 'усл'),
(9358, 'данн'),
(9359, 'согласн'),
(9360, 'использ'),
(9361, 'дан'),
(9362, 'Продукт'),
(9363, 'Основн'),
(9364, 'термин'),
(9365, 'настоящег'),
(9366, 'программ'),
(9367, 'ЭВМ'),
(9368, 'предназначенн'),
(9369, 'управлен'),
(9370, 'сай'),
(9371, 'Экземпляр'),
(9372, 'коп'),
(9373, 'включающ'),
(9374, 'код'),
(9375, 'такж'),
(9376, 'документац'),
(9377, 'использован'),
(9378, 'Модул'),
(9379, 'независим'),
(9380, 'созданн'),
(9381, 'Группой'),
(9382, 'отвечающ'),
(9383, 'выполнен'),
(9384, 'определенных'),
(9385, 'функц'),
(9386, 'Сайт'),
(9387, 'совокупнос'),
(9388, 'баз'),
(9389, 'данных'),
(9390, 'любой'),
(9391, 'информац'),
(9392, 'Предмет'),
(9393, 'прав'),
(9394, 'предоставляем'),
(9395, 'порядк'),
(9396, 'установленных'),
(9397, 'настоящим'),
(9398, 'Соглашением'),
(9399, 'распространяют'),
(9400, 'вес'),
(9401, 'отдельн'),
(9402, 'предоставляет'),
(9403, 'собственност'),
(9404, 'тольк'),
(9405, 'соответств'),
(9406, 'Авторск'),
(9407, 'интеллектуальной'),
(9408, 'собственность'),
(9409, 'авторс'),
(9410, 'вклю'),
(9411, 'исход'),
(9412, 'обладает'),
(9413, 'защищен'),
(9414, 'закон'),
(9415, 'РФ'),
(9416, 'правовой'),
(9417, 'охран'),
(9418, 'электронных'),
(9419, 'вычислительных'),
(9420, 'машин'),
(9421, 'Об'),
(9422, 'смежных'),
(9423, 'международн'),
(9424, 'договор'),
(9425, 'нарушен'),
(9426, 'авторских'),
(9427, 'предусматривает'),
(9428, 'ответственнос'),
(9429, 'действующим'),
(9430, 'законодательств'),
(9431, 'ограничен'),
(9432, 'устан'),
(9433, 'передав'),
(9434, 'третьим'),
(9435, 'распростран'),
(9436, 'цель'),
(9437, 'получен'),
(9438, 'выгод'),
(9439, 'разрешен'),
(9440, 'измен'),
(9441, 'добавл'),
(9442, 'удал'),
(9443, 'люб'),
(9444, 'файл'),
(9445, 'приобретенн'),
(9446, 'Российским'),
(9447, 'Запрещает'),
(9448, 'любу'),
(9449, 'противоречаще'),
(9450, 'действующ'),
(9451, 'наступает'),
(9452, 'предусмотренн'),
(9453, 'поставщ'),
(9454, 'каких'),
(9455, 'несут'),
(9456, 'ответственност'),
(9457, 'последств'),
(9458, 'связанн'),
(9459, 'невозможность'),
(9460, 'прямой'),
(9461, 'косв'),
(9462, 'ущерб'),
(9463, 'потер'),
(9464, 'прибыл'),
(9465, 'сбережен'),
(9466, 'штрафн'),
(9467, 'санкц'),
(9468, 'разглашен'),
(9469, 'распространен'),
(9470, 'закрытой'),
(9471, 'неприкосновенност'),
(9472, 'частной'),
(9473, 'жизн'),
(9474, 'про'),
(9475, 'убыт'),
(9476, 'имущественн'),
(9477, 'предварительн'),
(9478, 'уведомлен'),
(9479, 'любом'),
(9480, 'иск'),
(9481, 'соглашает'),
(9482, 'использует'),
(9483, 'риск'),
(9484, 'гарант'),
(9485, 'Изменен'),
(9486, 'расторжен'),
(9487, 'оставляет'),
(9488, 'собой'),
(9489, 'внест'),
(9490, 'момент'),
(9491, 'опубликовав'),
(9492, 'соответствующ'),
(9493, 'интернет'),
(9494, 'www'),
(9495, '10'),
(9496, 'календарных'),
(9497, 'дн'),
(9498, 'вступлен'),
(9499, 'сил'),
(9500, 'невыполнен'),
(9501, 'вышеуказанных'),
(9502, 'одностороннем'),
(9503, 'расторгн'),
(9504, 'уведомив'),
(9505, 'обязан'),
(9506, 'прекрат'),
(9507, 'полность'),
(9508, 'уничтож'),
(9509, 'составляющих'),
(9510, 'врем'),
(9511, 'удалив'),
(9512, 'компонент'),
(9513, 'распространяет'),
(9514, 'нов'),
(9515, 'верс'),
(9516, 'Каталог'),
(9517, 'товар'),
(9518, 'Телевизор'),
(9519, 'Стиральн'),
(9520, 'Кухон'),
(9521, 'техн'),
(9522, 'Суперпредложен'),
(9523, 'Новин'),
(9524, 'Лидер'),
(9525, 'продаж'),
(9526, 'Меган'),
(9527, 'Фокс'),
(9528, 'присматривает'),
(9529, 'фильм'),
(9530, 'Джудд'),
(9531, 'Апат'),
(9532, 'Очередн'),
(9533, 'комед'),
(9534, 'расскажет'),
(9535, 'знакомых'),
(9536, 'персонаж'),
(9537, '&laquo'),
(9538, 'Немножк'),
(9539, 'беременна&raquo'),
(9540, 'будут'),
(9541, 'гер'),
(9542, 'Се'),
(9543, 'Роген'),
(9544, 'Кэтрин'),
(9545, 'Хайгл'),
(9546, 'семейн'),
(9547, 'пар'),
(9548, 'исполнен'),
(9549, 'Пол'),
(9550, 'Радд'),
(9551, 'Лесл'),
(9552, 'Манн'),
(9553, 'Ког'),
(9554, 'имен'),
(9555, 'сыгр'),
(9556, 'разглашает'),
(9557, 'актрис'),
(9558, 'ведет'),
(9559, 'переговор'),
(9560, 'участ'),
(9561, 'проект'),
(9562, 'сво'),
(9563, 'комедийну'),
(9564, 'сущнос'),
(9565, 'ознаменует'),
(9566, 'возвращен'),
(9567, 'серьезн'),
(9568, 'ки'),
(9569, 'постигл'),
(9570, 'плачевн'),
(9571, 'учас'),
(9572, 'Джон'),
(9573, 'Хекс&raquo'),
(9574, 'понравил'),
(9575, 'большинств'),
(9576, 'зрител'),
(9577, 'лен'),
(9578, 'Игр'),
(9579, 'страсти&raquo'),
(9580, 'снялас'),
(9581, 'Мик'),
(9582, 'Рурк'),
(9583, 'вовс'),
(9584, 'должн'),
(9585, 'мин'),
(9586, 'большой'),
(9587, 'экран'),
(9588, 'студ'),
(9589, 'решил'),
(9590, 'выпуст'),
(9591, 'США'),
(9592, 'ма'),
(9593, 'ограниченным'),
(9594, 'релиз'),
(9595, 'показан'),
(9596, 'кинофестивал'),
(9597, 'Торонт'),
(9598, 'прошл'),
(9599, 'сентябр'),
(9600, 'удостоилис'),
(9601, 'негативной'),
(9602, 'реакц'),
(9603, 'помн'),
(9604, 'вылетел'),
(9605, 'успешной'),
(9606, 'франшиз'),
(9607, 'Майкл'),
(9608, 'Бэ'),
(9609, 'Трансформеры&raquo'),
(9610, 'подруг'),
(9611, 'Шай'),
(9612, 'ЛаБаф'),
(9613, 'занял'),
(9614, 'английск'),
(9615, 'супермодел'),
(9616, 'Роуз'),
(9617, 'Хантингтон'),
(9618, 'Уайтл'),
(9619, 'Поэтом'),
(9620, 'удерж'),
(9621, 'плав'),
(9622, 'Голливуд'),
(9623, 'молодой'),
(9624, 'отчаян'),
(9625, 'нужен'),
(9626, 'хорош'),
(9627, 'материал'),
(9628, 'Вполн'),
(9629, 'возмож'),
(9630, 'придаст'),
(9631, 'карьер'),
(9632, 'тол'),
(9633, 'вообщ'),
(9634, 'направит'),
(9635, 'русл'),
(9636, 'закончил'),
(9637, 'съем'),
(9638, 'Друз'),
(9639, 'детьми&raquo'),
(9640, 'коллег'),
(9641, 'Хэмм'),
(9642, 'Кристен'),
(9643, 'Уиг'),
(9644, 'Спин'),
(9645, 'офф'),
(9646, 'беременной&raquo'),
(9647, 'сегодняшн'),
(9648, 'назван'),
(9649, 'Супруг'),
(9650, 'режиссер'),
(9651, 'актер'),
(9652, 'играют'),
(9653, 'Дебб'),
(9654, 'Пи'),
(9655, 'действ'),
(9656, 'развернет'),
(9657, 'спуст'),
(9658, 'событ'),
(9659, 'показанных'),
(9660, 'оригинальн'),
(9661, 'начнут'),
(9662, 'намечен'),
(9663, 'июн'),
(9664, '2012'),
(9665, 'Завершает'),
(9666, 'отбор'),
(9667, 'работ'),
(9668, 'фестивал'),
(9669, 'Art'),
(9670, 'Remake'),
(9671, 'Подходит'),
(9672, 'завершен'),
(9673, 'проходящег'),
(9674, 'трет'),
(9675, 'объявлен'),
(9676, 'победител'),
(9677, 'состоит'),
(9678, '30'),
(9679, 'мар'),
(9680, 'участн'),
(9681, 'смотр'),
(9682, 'предлагают'),
(9683, 'пересн'),
(9684, 'сцен'),
(9685, 'легендарных'),
(9686, 'таких'),
(9687, 'Криминальн'),
(9688, 'чтив'),
(9689, 'Матриц'),
(9690, 'Звездн'),
(9691, 'войн'),
(9692, 'организатор'),
(9693, 'фильммейкер'),
(9694, 'любител'),
(9695, 'лент'),
(9696, 'Пят'),
(9697, 'элемент'),
(9698, 'Лю'),
(9699, 'Бессон'),
(9700, 'Брат'),
(9701, 'Балабан'),
(9702, 'Пил'),
(9703, 'Джеймс'),
(9704, 'Ван'),
(9705, 'разделен'),
(9706, 'нескольким'),
(9707, 'категор'),
(9708, 'номинац'),
(9709, 'ремейк'),
(9710, 'наград'),
(9711, 'составляет'),
(9712, '50'),
(9713, '000'),
(9714, 'рубл'),
(9715, 'призер'),
(9716, 'выберет'),
(9717, 'жюр'),
(9718, 'продакт'),
(9719, 'плейсмент'),
(9720, 'Efes'),
(9721, 'Pilsener'),
(9722, 'получит'),
(9723, 'Незабываем'),
(9724, 'впечатлен'),
(9725, 'приз'),
(9726, 'равняет'),
(9727, '45'),
(9728, 'отберет'),
(9729, 'бренд'),
(9730, 'команд'),
(9731, 'Обладател'),
(9732, 'зрительских'),
(9733, 'симпат'),
(9734, 'определит'),
(9735, 'помощ'),
(9736, 'зрительск'),
(9737, 'голосован'),
(9738, 'http'),
(9739, 'главной'),
(9740, 'жертвой'),
(9741, 'кинолюбител'),
(9742, 'Обзор'),
(9743, 'мобильной'),
(9744, 'ОС'),
(9745, 'Windows'),
(9746, 'Phone'),
(9747, 'Реб'),
(9748, 'Microsoft'),
(9749, 'кон'),
(9750, 'молодц'),
(9751, 'затиш'),
(9752, 'компан'),
(9753, 'ожидан'),
(9754, 'та'),
(9755, 'выдал'),
(9756, 'детищ'),
(9757, '&mdash'),
(9758, 'операционну'),
(9759, 'сист'),
(9760, 'смартфон'),
(9761, 'Постараем'),
(9762, 'разобр'),
(9763, 'максимал'),
(9764, 'детал'),
(9765, 'Прежд'),
(9766, 'касател'),
(9767, 'рассказ'),
(9768, 'мед'),
(9769, 'составляющу'),
(9770, 'скриншот'),
(9771, 'WP7'),
(9772, 'предполагает'),
(9773, 'понадобит'),
(9774, 'сним'),
(9775, 'наилучшим'),
(9776, 'способ'),
(9777, 'iPhone'),
(9778, 'фотоаппарат'),
(9779, 'Виктор'),
(9780, 'Гинзбург'),
(9781, 'выстрадал'),
(9782, 'кажду'),
(9783, 'букв'),
(9784, 'сценар'),
(9785, 'Generation'),
(9786, 'П&raquo'),
(9787, '&ndash'),
(9788, 'экранизац'),
(9789, 'проз'),
(9790, 'Пелевин'),
(9791, 'адаптированн'),
(9792, 'москв'),
(9793, 'рожден'),
(9794, 'живущим'),
(9795, 'снят'),
(9796, 'известном'),
(9797, 'роман'),
(9798, 'загадочн'),
(9799, 'российск'),
(9800, 'писател'),
(9801, 'включен'),
(9802, 'официальну'),
(9803, 'Карловых'),
(9804, 'Вар'),
(9805, 'пройдет'),
(9806, 'июл'),
(9807, 'встретил'),
(9808, 'корреспондент'),
(9809, 'Русской'),
(9810, 'служб'),
(9811, 'Голос'),
(9812, 'Америки&raquo'),
(9813, 'Олег'),
(9814, 'Сулькин'),
(9815, 'вышл'),
(9816, '99'),
(9817, 'вызвал'),
(9818, 'ажиотаж'),
(9819, 'ум'),
(9820, 'мгновен'),
(9821, 'культовой'),
(9822, 'Считалос'),
(9823, 'орешек'),
(9824, 'невозмож'),
(9825, 'разгрыз'),
(9826, 'решилис'),
(9827, 'искал'),
(9828, 'подходящ'),
(9829, 'Написал'),
(9830, 'нескольк'),
(9831, 'покупал'),
(9832, 'опцион'),
(9833, 'числ'),
(9834, 'повес'),
(9835, 'Жук'),
(9836, 'муравейнике&raquo'),
(9837, 'брать'),
(9838, 'Стругацких'),
(9839, 'тянул'),
(9840, 'сложным'),
(9841, 'философским'),
(9842, 'экспериментальным'),
(9843, 'отказывал'),
(9844, 'гигантск'),
(9845, 'количеств'),
(9846, 'жанровых'),
(9847, 'неинтерес'),
(9848, 'например'),
(9849, 'слож'),
(9850, 'убед'),
(9851, 'хэпп'),
(9852, 'энд'),
(9853, 'снял'),
(9854, 'лиш'),
(9855, 'документальну'),
(9856, 'Неску'),
(9857, 'сад&raquo'),
(9858, 'Тож'),
(9859, 'достат'),
(9860, 'экспериментальн'),
(9861, 'сексуальной'),
(9862, 'революции&raquo'),
(9863, 'Росс'),
(9864, 'сделан'),
(9865, '1991'),
(9866, '93'),
(9867, '94'),
(9868, 'обошл'),
(9869, 'мировой'),
(9870, 'прочел'),
(9871, 'обнаружил'),
(9872, 'интересовал'),
(9873, 'понима'),
(9874, 'захотелос'),
(9875, 'туд'),
(9876, 'залез'),
(9877, 'истор'),
(9878, 'пропуст'),
(9879, 'собств'),
(9880, 'опыт'),
(9881, 'знаменит'),
(9882, 'скрытность'),
(9883, 'непубличность'),
(9884, 'близкой'),
(9885, 'мистификаторств'),
(9886, 'отчаст'),
(9887, 'напоминает'),
(9888, 'Сэлинджер'),
(9889, 'пробилис'),
(9890, 'далек'),
(9891, 'мра'),
(9892, 'отшельн'),
(9893, 'прячущий'),
(9894, 'ценит'),
(9895, 'прайвеси&raquo'),
(9896, 'одной'),
(9897, 'московских'),
(9898, 'газет'),
(9899, 'появилас'),
(9900, 'стат'),
(9901, 'существует'),
(9902, 'Реал'),
(9903, 'Журналист'),
(9904, 'поехал'),
(9905, 'Чертан'),
(9906, 'живет'),
(9907, 'опросил'),
(9908, 'сосед'),
(9909, 'Какой'),
(9910, 'тип'),
(9911, 'рассказал'),
(9912, 'садил'),
(9913, 'лифт'),
(9914, 'Пелевиным'),
(9915, 'попросил'),
(9916, 'подпис'),
(9917, 'Олегов'),
(9918, 'послал'),
(9919, 'чушь!'),
(9920, 'нелепиц'),
(9921, 'пишут!'),
(9922, 'путешествует'),
(9923, 'тяжел'),
(9924, 'свободен'),
(9925, 'нуж'),
(9926, 'полу'),
(9927, 'убедил'),
(9928, 'внушительн'),
(9929, 'резюм'),
(9930, 'Сокур'),
(9931, 'Звягинц'),
(9932, 'постфактум'),
(9933, 'удивляет'),
(9934, 'виж'),
(9935, 'книжк'),
(9936, 'заметил'),
(9937, 'неэкранизируем'),
(9938, 'возразил'),
(9939, 'убежд'),
(9940, 'покорил'),
(9941, 'собственной'),
(9942, 'верой'),
(9943, 'успех'),
(9944, 'понял'),
(9945, 'настроен'),
(9946, 'серьез'),
(9947, 'творческ'),
(9948, 'подход'),
(9949, 'профессионализм'),
(9950, 'участвовал'),
(9951, 'над'),
(9952, 'сценарием'),
(9953, 'писал'),
(9954, 'Джиной'),
(9955, 'женой'),
(9956, 'посылал'),
(9957, 'развернут'),
(9958, 'описан'),
(9959, 'Скажем'),
(9960, 'тех'),
(9961, 'развил'),
(9962, 'заявленных'),
(9963, 'создан'),
(9964, 'виртуальн'),
(9965, 'президен'),
(9966, 'Геро'),
(9967, 'Вавилен'),
(9968, 'Татарском'),
(9969, 'хватал'),
(9970, 'героизм'),
(9971, 'изменил'),
(9972, 'формул'),
(9973, 'перышк'),
(9974, 'дуновен'),
(9975, 'приземлялос'),
(9976, 'ног'),
(9977, 'богин'),
(9978, 'Иштар'),
(9979, 'драматургичес'),
(9980, 'Татарск'),
(9981, 'побеждающ'),
(9982, 'становил'),
(9983, 'властелин'),
(9984, 'Понравилос'),
(9985, 'невежественн'),
(9986, 'обвинил'),
(9987, 'противоположных'),
(9988, 'грех'),
(9989, 'пахнет'),
(9990, 'Второй'),
(9991, 'буквал'),
(9992, 'подстрочн'),
(9993, 'сложн'),
(9994, 'структур'),
(9995, 'массой'),
(9996, 'боковых'),
(9997, 'пришлос'),
(9998, 'отсек'),
(9999, 'руководствовалис'),
(10000, 'составляющ'),
(10001, 'вавилонск'),
(10002, 'тема&raquo'),
(10003, 'абстрактн'),
(10004, 'сумбурн'),
(10005, 'Вавилон'),
(10006, 'зол'),
(10007, 'переосмыслил'),
(10008, 'своим'),
(10009, 'язык'),
(10010, 'нюанс'),
(10011, 'нереал'),
(10012, 'охват'),
(10013, 'сохран'),
(10014, 'кристаллиз'),
(10015, 'су'),
(10016, 'воссоздает'),
(10017, '90'),
(10018, 'жил'),
(10019, 'постоян'),
(10020, 'приезжал'),
(10021, 'надолг'),
(10022, 'Снимал'),
(10023, 'ко'),
(10024, 'канал'),
(10025, 'HBO'),
(10026, 'удачен'),
(10027, 'взгляд'),
(10028, 'Владим'),
(10029, 'Епифанц'),
(10030, 'рол'),
(10031, 'знак'),
(10032, 'узнаваем'),
(10033, 'Михаил'),
(10034, 'Ефрем'),
(10035, 'Рен'),
(10036, 'Литвин'),
(10037, 'Меньш'),
(10038, 'Тактар'),
(10039, 'Андр'),
(10040, 'Панин'),
(10041, 'Серг'),
(10042, 'Шнур'),
(10043, 'Иван'),
(10044, 'Охлобыстин'),
(10045, 'выстраивал'),
(10046, 'роскош'),
(10047, 'кастинг'),
(10048, 'рад'),
(10049, 'пафос'),
(10050, 'осмыслен'),
(10051, 'раскладывал'),
(10052, 'актерск'),
(10053, 'пасьянс'),
(10054, 'банальн'),
(10055, 'убедительных'),
(10056, 'Ник'),
(10057, 'брал'),
(10058, 'проб'),
(10059, 'монстр'),
(10060, 'площадк'),
(10061, 'муча'),
(10062, 'муторн'),
(10063, 'Ханин'),
(10064, 'рассматривал'),
(10065, '40'),
(10066, 'выбрал'),
(10067, 'телеведущег'),
(10068, 'Александр'),
(10069, 'Гордон'),
(10070, 'оказал'),
(10071, 'великолепен'),
(10072, 'од'),
(10073, 'удовольств'),
(10074, 'работать!'),
(10075, 'касает'),
(10076, 'ужасной'),
(10077, 'директор'),
(10078, 'отговаривал'),
(10079, 'бр'),
(10080, 'качок&raquo'),
(10081, 'бо'),
(10082, 'других'),
(10083, 'дум'),
(10084, 'прислал'),
(10085, 'оказалас'),
(10086, 'идеальной!'),
(10087, 'прошел'),
(10088, 'прокат'),
(10089, 'довольн'),
(10090, 'собрал'),
(10091, 'миллион'),
(10092, 'доллар'),
(10093, 'СНГ'),
(10094, 'говорят'),
(10095, 'неслыханн'),
(10096, 'достижен'),
(10097, 'счита'),
(10098, 'посмотр'),
(10099, 'осторожничал'),
(10100, 'потратил'),
(10101, 'лишн'),
(10102, 'реклам'),
(10103, 'регион'),
(10104, 'Параллел'),
(10105, 'выпустил'),
(10106, '4&raquo'),
(10107, 'широкой'),
(10108, 'порадовал'),
(10109, 'врубает'),
(10110, 'вруб'),
(10111, 'стеб'),
(10112, 'стил'),
(10113, 'труд'),
(10114, 'понятным'),
(10115, 'иностранц'),
(10116, 'рабочих'),
(10117, 'просмотр'),
(10118, 'Лос'),
(10119, 'Анджелес'),
(10120, 'Восторг'),
(10121, 'хохот'),
(10122, 'восприним'),
(10123, 'Европ'),
(10124, 'узнаем'),
(10125, 'вписывает'),
(10126, 'стереотипн'),
(10127, 'поверхност'),
(10128, 'дух'),
(10129, 'лжеценност'),
(10130, 'нравственных'),
(10131, 'ориент'),
(10132, 'поиск'),
(10133, 'следующ'),
(10134, 'Занимаюс'),
(10135, 'монтаж'),
(10136, 'телевизионной'),
(10137, 'планирует'),
(10138, 'сер'),
(10139, 'повод'),
(10140, 'показ'),
(10141, 'ведем'),
(10142, 'нескол'),
(10143, 'телеканал'),
(10144, 'Затем'),
(10145, 'собираюс'),
(10146, 'экраниз'),
(10147, 'вампирский&raquo'),
(10148, 'Empire'),
(10149, 'V&raquo'),
(10150, 'Школ'),
(10151, 'Мистер'),
(10152, 'расставан'),
(10153, 'Америк'),
(10154, 'проходит'),
(10155, 'сезон'),
(10156, 'выпускных'),
(10157, 'церемон'),
(10158, 'бал'),
(10159, 'торжеств'),
(10160, 'отличают'),
(10161, 'особенн'),
(10162, 'уклад'),
(10163, 'многолетн'),
(10164, 'традиц'),
(10165, 'правил'),
(10166, 'выпус'),
(10167, 'неповторим'),
(10168, 'порой'),
(10169, 'старейше'),
(10170, 'учебн'),
(10171, 'заведен'),
(10172, 'девочек'),
(10173, 'штат'),
(10174, 'Мэриленд'),
(10175, 'Oldfields'),
(10176, 'School'),
(10177, 'основан'),
(10178, '150'),
(10179, 'назад'),
(10180, 'корпус'),
(10181, 'затаились&raquo'),
(10182, 'лес'),
(10183, 'предгор'),
(10184, 'Аппала'),
(10185, 'Дево'),
(10186, 'живут'),
(10187, 'замкнут'),
(10188, 'пансион'),
(10189, 'институт'),
(10190, 'благородных'),
(10191, 'девиц&raquo'),
(10192, 'американским'),
(10193, 'мерк'),
(10194, 'обучен'),
(10195, 'влетает'),
(10196, 'родител'),
(10197, 'копеечку&raquo'),
(10198, 'тыся'),
(10199, 'выпускниц'),
(10200, 'разных'),
(10201, 'встрет'),
(10202, 'известн'),
(10203, 'фамил'),
(10204, 'Дюпон'),
(10205, 'Рокфеллер'),
(10206, 'Уоллис'),
(10207, 'Симпсон'),
(10208, 'барышн'),
(10209, 'британск'),
(10210, 'монарх'),
(10211, 'Эдуард'),
(10212, 'Восьмой'),
(10213, 'отрек'),
(10214, 'престол'),
(10215, 'век'),
(10216, 'Сегодн'),
(10217, 'учениц'),
(10218, 'американ'),
(10219, 'Географ'),
(10220, 'обширн'),
(10221, 'Аз'),
(10222, 'Афр'),
(10223, 'Латинск'),
(10224, 'Амер'),
(10225, 'ником'),
(10226, 'пока&hellip'),
(10227, 'Церемониал'),
(10228, 'прощан'),
(10229, 'школой'),
(10230, 'поверк'),
(10231, 'сюжет&raquo'),
(10232, 'показал'),
(10233, 'древним'),
(10234, 'античн'),
(10235, 'белых'),
(10236, 'тун'),
(10237, 'бос'),
(10238, 'бук'),
(10239, 'сходил'),
(10240, 'попар'),
(10241, 'склон'),
(10242, 'выс'),
(10243, 'зелен'),
(10244, 'холм'),
(10245, 'пот'),
(10246, 'расходилис'),
(10247, 'V&ndash'),
(10248, 'образ'),
(10249, 'выстраиваяс'),
(10250, 'шеренг'),
(10251, 'лужайк'),
(10252, 'следовал'),
(10253, 'честв'),
(10254, 'королевы&raquo'),
(10255, 'восседал'),
(10256, 'трон'),
(10257, 'сень'),
(10258, 'вековых'),
(10259, 'сосен'),
(10260, 'корон'),
(10261, 'вен'),
(10262, 'полевых'),
(10263, 'торжествен'),
(10264, 'подходил'),
(10265, 'клал'),
(10266, 'букет'),
(10267, 'корол'),
(10268, 'менял'),
(10269, 'конфигурац'),
(10270, 'выстраивалис'),
(10271, 'полукруг'),
(10272, 'младших'),
(10273, 'оставалис'),
(10274, 'сзад'),
(10275, 'зачитывал'),
(10276, 'вручал'),
(10277, 'диплом'),
(10278, 'Никаких'),
(10279, 'длинных'),
(10280, 'ре'),
(10281, 'объят'),
(10282, 'родственн'),
(10283, 'Слез'),
(10284, 'девуш'),
(10285, 'холл'),
(10286, 'веранд'),
(10287, 'прихорашивалис'),
(10288, 'фотографировалис'),
(10289, 'пам'),
(10290, 'готовяс'),
(10291, 'волнующ'),
(10292, 'торжественном'),
(10293, 'воскликн'),
(10294, 'Прощай'),
(10295, 'здравствуй'),
(10296, 'жизнь!&raquo'),
(10297, 'стоят'),
(10298, 'особняк'),
(10299, 'первых'),
(10300, 'уровен'),
(10301, 'образования&hellip'),
(10302, 'вторых'),
(10303, 'прививает'),
(10304, 'уважен'),
(10305, 'воспитанниц'),
(10306, 'остает'),
(10307, 'чувств'),
(10308, 'локт'),
(10309, 'прожит'),
(10310, 'плюс'),
(10311, 'ложной'),
(10312, 'скромност'),
(10313, 'будущем'),
(10314, 'эл'),
(10315, 'Обходит'),
(10316, 'дор'),
(10317, 'согласитес'),
(10318, 'Библиот'),
(10319, 'Конгресс'),
(10320, 'открыл'),
(10321, 'Музыкал'),
(10322, 'автомат'),
(10323, 'ранн'),
(10324, 'джаз'),
(10325, 'поэз'),
(10326, 'юмор'),
(10327, 'опер'),
(10328, 'танцевальн'),
(10329, 'муз'),
(10330, 'звукозапис'),
(10331, 'сопровождает'),
(10332, 'сделана&raquo'),
(10333, 'Биллингтон'),
(10334, 'глав'),
(10335, 'Вашингтон'),
(10336, 'лауре'),
(10337, 'прем'),
(10338, 'Грэмми&raquo'),
(10339, 'музыкан'),
(10340, 'Гарр'),
(10341, 'Конн'),
(10342, 'младшег'),
(10343, 'открыт'),
(10344, 'вебсай'),
(10345, 'вперв'),
(10346, 'представлен'),
(10347, 'цифр'),
(10348, 'формат'),
(10349, 'редких'),
(10350, 'исторических'),
(10351, 'собран'),
(10352, 'произведен'),
(10353, 'популярной'),
(10354, 'раннег'),
(10355, 'политическ'),
(10356, 'Композиц'),
(10357, 'Артур'),
(10358, 'Тосканин'),
(10359, 'Энрик'),
(10360, 'Каруз'),
(10361, 'Джордж'),
(10362, 'Гершвин'),
(10363, 'великих'),
(10364, 'музыкант'),
(10365, 'доступн'),
(10366, 'бесплатн'),
(10367, 'прослушиван'),
(10368, 'изучен'),
(10369, 'Национал'),
(10370, 'автомат&raquo'),
(10371, 'National'),
(10372, 'Jukebox'),
(10373, 'совмест'),
(10374, 'Sony'),
(10375, 'Music'),
(10376, 'Entertainment'),
(10377, 'Интерн'),
(10378, 'могут'),
(10379, 'доступ'),
(10380, 'огромном'),
(10381, 'записанных'),
(10382, '1901'),
(10383, '1925'),
(10384, 'представил'),
(10385, 'пресс'),
(10386, 'конференц'),
(10387, 'крупнейш'),
(10388, 'коллекц'),
(10389, 'хранят'),
(10390, 'оцифровывают'),
(10391, 'отделен'),
(10392, 'Вирджин'),
(10393, 'поступают'),
(10394, 'Ричард'),
(10395, 'Стор'),
(10396, 'президент'),
(10397, 'коммерческой'),
(10398, 'замечательн'),
(10399, 'музыкальных'),
(10400, 'сокровищ'),
(10401, 'которым'),
(10402, 'отслед'),
(10403, 'американской'),
(10404, 'корн'),
(10405, 'самых'),
(10406, 'влиятельных'),
(10407, 'артист'),
(10408, 'времен&raquo'),
(10409, 'Юб'),
(10410, 'Блейк'),
(10411, 'видеоклип'),
(10412, 'размещенн'),
(10413, 'Музыкальн'),
(10414, 'автомата&raquo'),
(10415, 'исполняет'),
(10416, 'Гарри&raquo'),
(10417, 'I&rsquo'),
(10418, 'Just'),
(10419, 'Wild'),
(10420, 'About'),
(10421, 'Harry'),
(10422, 'написанну'),
(10423, '1921'),
(10424, 'виде'),
(10425, 'младш'),
(10426, 'пиан'),
(10427, 'играет'),
(10428, 'котором'),
(10429, '43'),
(10430, 'приглашен'),
(10431, 'сыграл'),
(10432, 'саму'),
(10433, 'поделил'),
(10434, 'воспоминан'),
(10435, 'встре'),
(10436, 'Тогд'),
(10437, '95'),
(10438, '96'),
(10439, 'никогд'),
(10440, 'забуд'),
(10441, 'ряд'),
(10442, 'Сейчас'),
(10443, 'оглядываюс'),
(10444, 'потрясающу'),
(10445, 'музык'),
(10446, 'Причем'),
(10447, 'смысл'),
(10448, 'фактичес'),
(10449, 'таб'),
(10450, 'любв'),
(10451, 'чернокож'),
(10452, 'ру'),
(10453, 'думал'),
(10454, 'видел'),
(10455, 'больших'),
(10456, 'рук'),
(10457, 'длинн'),
(10458, 'пальц'),
(10459, 'представ'),
(10460, 'повезл'),
(10461, 'вооч'),
(10462, 'новым'),
(10463, 'технолог'),
(10464, 'услыш'),
(10465, 'замечател'),
(10466, 'аплодиру'),
(10467, 'это!&raquo'),
(10468, 'автомате&raquo'),
(10469, 'перву'),
(10470, 'джазову'),
(10471, 'Original'),
(10472, 'Dixieland'),
(10473, 'Jazz'),
(10474, 'Band'),
(10475, 'Блюз'),
(10476, 'конюшни&raquo'),
(10477, 'Livery'),
(10478, 'Stable'),
(10479, 'Blues'),
(10480, 'Джин'),
(10481, 'Деанн'),
(10482, 'выложен'),
(10483, 'появят'),
(10484, 'динам'),
(10485, 'развивающий'),
(10486, 'архив'),
(10487, 'ближайш'),
(10488, 'файлов&raquo'),
(10489, 'вирджинск'),
(10490, '100'),
(10491, 'звуковых'),
(10492, 'посетител'),
(10493, 'прослуш'),
(10494, 'фотограф'),
(10495, 'конверт'),
(10496, 'этикет'),
(10497, 'пластин'),
(10498, 'биограф'),
(10499, 'исполнител'),
(10500, 'Disney'),
(10501, '–'),
(10502, 'Pixar'),
(10503, '23'),
(10504, 'выходит'),
(10505, 'полнометраж'),
(10506, 'анимацион'),
(10507, '2&raquo'),
(10508, 'сиквел'),
(10509, 'мультфильм'),
(10510, 'Тачки&raquo'),
(10511, '2006'),
(10512, 'Лассеттер'),
(10513, 'основател'),
(10514, 'ведущим'),
(10515, 'креативным'),
(10516, 'Walt'),
(10517, 'Animation'),
(10518, 'принимал'),
(10519, 'Тачек'),
(10520, 'послужн'),
(10521, 'списк'),
(10522, 'режиссур'),
(10523, 'Рататуй&raquo'),
(10524, 'ВАЛЛ'),
(10525, 'И&raquo'),
(10526, 'игрушек'),
(10527, 'побег&raquo'),
(10528, 'Галин'),
(10529, 'Галкин'),
(10530, 'встретилас'),
(10531, 'Эмеривилл'),
(10532, 'неподалек'),
(10533, 'Сан'),
(10534, 'Франциск'),
(10535, 'Расскажит'),
(10536, 'детств'),
(10537, 'вырос'),
(10538, 'работал'),
(10539, 'менеджер'),
(10540, 'отдел'),
(10541, 'запчаст'),
(10542, 'дилерск'),
(10543, 'центр'),
(10544, 'Chevrolet'),
(10545, 'помогал'),
(10546, 'выходным'),
(10547, 'летних'),
(10548, 'каникул'),
(10549, 'немудр'),
(10550, 'важну'),
(10551, 'Период'),
(10552, 'моег'),
(10553, 'взрослен'),
(10554, 'совпал'),
(10555, 'расцв'),
(10556, 'американских'),
(10557, 'автомобил'),
(10558, 'мощным'),
(10559, 'двигателем'),
(10560, 'Corvette'),
(10561, 'Camaro'),
(10562, 'Chevelle'),
(10563, 'считалис'),
(10564, 'абсолют'),
(10565, 'тачками&raquo'),
(10566, 'страст'),
(10567, 'увлечен'),
(10568, 'мам'),
(10569, 'учителем'),
(10570, 'рисован'),
(10571, 'перенял'),
(10572, 'творчеств'),
(10573, 'счит'),
(10574, 'слиян'),
(10575, 'сем'),
(10576, 'любил'),
(10577, 'Гран'),
(10578, 'при&raquo'),
(10579, 'старшеклассн'),
(10580, 'Исчезающ'),
(10581, 'точка&raquo'),
(10582, 'потрясающ'),
(10583, 'замечат'),
(10584, 'классных'),
(10585, 'любимых'),
(10586, 'автомобильных'),
(10587, 'Американск'),
(10588, 'граффити&raquo'),
(10589, 'кем'),
(10590, 'училис'),
(10591, 'реализ'),
(10592, 'аниматор'),
(10593, 'поступил');
INSERT INTO `bagira_search_words` (`w_id`, `w_name`) VALUES
(10594, 'открывший'),
(10595, 'факультет'),
(10596, 'мультипликац'),
(10597, 'калифорнийск'),
(10598, 'искусств'),
(10599, 'преподавал'),
(10600, 'мультипликатор'),
(10601, 'однокурсн'),
(10602, 'Брэд'),
(10603, 'Берд'),
(10604, 'Тим'),
(10605, 'Бартон'),
(10606, 'учеб'),
(10607, 'дважд'),
(10608, 'выигрывал'),
(10609, 'престижну'),
(10610, 'студенческу'),
(10611, 'Student'),
(10612, 'Academy'),
(10613, 'Award'),
(10614, 'рекорд'),
(10615, 'побил'),
(10616, 'расст'),
(10617, 'Креативн'),
(10618, 'второсортн'),
(10619, 'казалос'),
(10620, 'жажд'),
(10621, 'власт'),
(10622, 'влас'),
(10623, 'совсем'),
(10624, 'привлекал'),
(10625, 'Однажд'),
(10626, 'попытал'),
(10627, 'обойт'),
(10628, 'перспектив'),
(10629, 'сделал'),
(10630, 'уволил'),
(10631, 'шок'),
(10632, 'боял'),
(10633, 'призн'),
(10634, 'говорил'),
(10635, 'ушел'),
(10636, '2004'),
(10637, '05'),
(10638, 'управлял'),
(10639, 'Эйснер'),
(10640, 'многим'),
(10641, 'разорвут'),
(10642, 'отношен'),
(10643, 'отразилос'),
(10644, 'Давайт'),
(10645, 'ка'),
(10646, 'начн'),
(10647, 'сначал'),
(10648, 'договорилис'),
(10649, 'производств'),
(10650, 'игрушек&raquo'),
(10651, 'заинтересован'),
(10652, 'легендарной'),
(10653, 'владел'),
(10654, 'Диснейлендами&raquo'),
(10655, 'тематичес'),
(10656, 'лучшим'),
(10657, 'маркетолог'),
(10658, 'Изначал'),
(10659, 'общественной'),
(10660, 'пересмотр'),
(10661, 'делил'),
(10662, 'попол'),
(10663, 'расход'),
(10664, 'доход'),
(10665, 'нашим'),
(10666, 'терпелос'),
(10667, 'сотрудничеств'),
(10668, 'органичным'),
(10669, 'заход'),
(10670, 'туп'),
(10671, 'хотел'),
(10672, 'предоставлял'),
(10673, 'ей'),
(10674, 'занималис'),
(10675, 'остальным'),
(10676, 'развив'),
(10677, 'са'),
(10678, 'разрыв'),
(10679, 'диснеевских'),
(10680, 'парк'),
(10681, 'развивал'),
(10682, 'Боб'),
(10683, 'Игер'),
(10684, 'ценил'),
(10685, 'заменил'),
(10686, 'совет'),
(10687, 'подружилис'),
(10688, 'вскор'),
(10689, 'приобрел'),
(10690, 'мног'),
(10691, 'волновалис'),
(10692, 'будуще'),
(10693, 'обеих'),
(10694, 'возникл'),
(10695, 'уверенность'),
(10696, 'удалос'),
(10697, 'произвест'),
(10698, 'коммерчес'),
(10699, 'успеш'),
(10700, 'одновремен'),
(10701, 'развлекат'),
(10702, 'киностуд'),
(10703, 'интересну'),
(10704, 'прик'),
(10705, 'кресл'),
(10706, 'сеанс'),
(10707, 'наполн'),
(10708, 'привлекательн'),
(10709, 'запоминающим'),
(10710, 'отождествл'),
(10711, 'перенест'),
(10712, 'философ'),
(10713, 'прос'),
(10714, 'качеств'),
(10715, 'начинает'),
(10716, 'продолжен'),
(10717, 'долж'),
(10718, 'минимум'),
(10719, 'зачасту'),
(10720, 'оригинал'),
(10721, 'хотит'),
(10722, 'повтор'),
(10723, 'обстоят'),
(10724, 'текучесть'),
(10725, 'кадр'),
(10726, 'удержив'),
(10727, 'переход'),
(10728, 'наоборот'),
(10729, 'самолет'),
(10730, 'Существуют'),
(10731, 'всяческ'),
(10732, 'законодательн'),
(10733, 'принадлежность'),
(10734, 'разным'),
(10735, 'профсоюз'),
(10736, 'работают'),
(10737, 'двоюродн'),
(10738, 'Художн'),
(10739, 'уважают'),
(10740, 'отвечают'),
(10741, 'взаимность'),
(10742, 'прият'),
(10743, 'привезт'),
(10744, 'Рапунцель&raquo'),
(10745, 'наблюд'),
(10746, 'восхищалис'),
(10747, 'практикуем'),
(10748, 'подоб'),
(10749, 'обмен'),
(10750, 'приводит'),
(10751, 'тесн'),
(10752, 'общен'),
(10753, 'нивелирован'),
(10754, 'разниц'),
(10755, 'вверенн'),
(10756, 'происходит'),
(10757, 'самом'),
(10758, 'похожим'),
(10759, 'ведомой'),
(10760, 'кинематографис'),
(10761, 'культур'),
(10762, 'привносят'),
(10763, 'делают'),
(10764, 'различн'),
(10765, 'случай'),
(10766, 'Диснеевц'),
(10767, 'привержен'),
(10768, 'наслед'),
(10769, 'Уол'),
(10770, 'Дисне'),
(10771, 'пиксаровц'),
(10772, 'создавалас'),
(10773, 'практичес'),
(10774, 'глаз'),
(10775, 'водит'),
(10776, 'коллекционирует'),
(10777, 'женат'),
(10778, 'красавиц'),
(10779, 'жен'),
(10780, 'Нэнс'),
(10781, 'протяжен'),
(10782, 'двадцат'),
(10783, 'трех'),
(10784, 'однокомнатной'),
(10785, 'кварт'),
(10786, 'склад'),
(10787, 'тратил'),
(10788, 'коллекционных'),
(10789, 'Jaguar'),
(10790, '1952'),
(10791, 'XK120'),
(10792, 'необыкновен'),
(10793, 'изысканн'),
(10794, 'прекрас'),
(10795, 'сконструированной'),
(10796, 'забавн'),
(10797, 'Messersmith'),
(10798, '1964'),
(10799, 'называют'),
(10800, 'пузыр'),
(10801, 'маленьк'),
(10802, 'трехколес'),
(10803, 'таким'),
(10804, 'верх'),
(10805, 'аэроплан'),
(10806, 'котору'),
(10807, 'вож'),
(10808, 'Merсedes'),
(10809, 'Benz'),
(10810, 'SL55'),
(10811, 'AMG'),
(10812, 'спортивн'),
(10813, 'езж'),
(10814, 'кабриолет'),
(10815, 'живем'),
(10816, 'Калифорн'),
(10817, 'виноградной'),
(10818, 'красив'),
(10819, 'нравит'),
(10820, 'езд'),
(10821, 'открытым'),
(10822, 'ездим'),
(10823, 'микроавтобус'),
(10824, 'Chrysler'),
(10825, 'пятер'),
(10826, 'маль'),
(10827, 'развож'),
(10828, 'моих'),
(10829, 'кружк'),
(10830, 'буд'),
(10831, 'сядет'),
(10832, 'рул'),
(10833, 'открывает'),
(10834, 'автомобильной'),
(10835, 'гонкой'),
(10836, 'Ток'),
(10837, 'провест'),
(10838, 'благотворительну'),
(10839, 'премьер'),
(10840, 'Япон'),
(10841, 'произошл'),
(10842, 'трагед'),
(10843, 'план'),
(10844, 'счет'),
(10845, 'обязател'),
(10846, 'подумаем'),
(10847, 'Станислав'),
(10848, 'Загорск'),
(10849, 'купил'),
(10850, 'вашем'),
(10851, 'скольк'),
(10852, 'настр'),
(10853, 'ноутбук'),
(10854, 'специал'),
(10855, 'аудиофил'),
(10856, 'хотят'),
(10857, 'расстав'),
(10858, 'музыкой'),
(10859, 'реализован'),
(10860, 'разработанн'),
(10861, 'специалис'),
(10862, 'ASUS'),
(10863, 'Bang'),
(10864, 'Olufsen'),
(10865, 'ICEpower'),
(10866, 'SonicMaster'),
(10867, 'представляющ'),
(10868, 'комплекс'),
(10869, 'аппаратных'),
(10870, 'программных'),
(10871, 'средств'),
(10872, 'улучшен'),
(10873, 'зв'),
(10874, 'изменит'),
(10875, 'звучан'),
(10876, 'мобильных'),
(10877, 'компьютеров!'),
(10878, 'Узн'),
(10879, 'Иванов2'),
(10880, 'професс'),
(10881, 'человечеств'),
(10882, 'инженер'),
(10883, 'понят'),
(10884, 'энергет'),
(10885, 'робототехн'),
(10886, 'программист'),
(10887, 'прикладных'),
(10888, 'зd'),
(10889, 'дизайнер'),
(10890, 'вра'),
(10891, 'появляют'),
(10892, 'новых'),
(10893, 'заболеван'),
(10894, 'эколог'),
(10895, 'ваканс'),
(10896, 'ООН'),
(10897, 'Грин'),
(10898, 'Пис'),
(10899, 'альтернативн'),
(10900, 'источн'),
(10901, 'энерг'),
(10902, 'након'),
(10903, 'вспомнил'),
(10904, 'млекопитающ'),
(10905, 'паразит'),
(10906, 'Лил'),
(10907, 'Ивановн'),
(10908, 'доб'),
(10909, 'ваз'),
(10910, 'дольш'),
(10911, 'вод'),
(10912, 'кран'),
(10913, 'быстр'),
(10914, 'высосет'),
(10915, 'содержим'),
(10916, 'осмос'),
(10917, 'Клет'),
(10918, 'черен'),
(10919, 'разрушат'),
(10920, 'завянет'),
(10921, 'физиологическ'),
(10922, 'раствор'),
(10923, 'сол'),
(10924, 'брос'),
(10925, 'поваренной'),
(10926, 'зависит'),
(10927, 'объем'),
(10928, 'большу'),
(10929, 'чайной'),
(10930, 'лож'),
(10931, 'месяц'),
(10932, 'став'),
(10933, 'подрез'),
(10934, 'Ина'),
(10935, 'воздух'),
(10936, 'питан'),
(10937, 'Даш'),
(10938, 'Звер'),
(10939, 'распознаван'),
(10940, 'Picasa'),
(10941, 'пытает'),
(10942, 'распознав'),
(10943, 'показыв'),
(10944, 'разн'),
(10945, 'поис'),
(10946, 'одинаковых'),
(10947, 'подойдет'),
(10948, 'ACDSee'),
(10949, 'опц'),
(10950, 'Find'),
(10951, 'Duplicates'),
(10952, 'предложил'),
(10953, 'Railgun'),
(10954, 'Маерск'),
(10955, 'холодной'),
(10956, 'водой'),
(10957, 'стресс'),
(10958, 'создав'),
(10959, 'делает'),
(10960, 'сильне'),
(10961, 'контраст'),
(10962, 'горячег'),
(10963, 'душ'),
(10964, 'усиливает'),
(10965, 'выработ'),
(10966, 'гормон'),
(10967, 'эндорфин'),
(10968, 'ходят'),
(10969, 'Кирилл'),
(10970, 'Наум'),
(10971, 'мыльница!'),
(10972, 'dfgdfgdfgfgfg'),
(10973, 'тратит'),
(10974, 'свободн'),
(10975, 'Новост'),
(10976, 'Фотогалере'),
(10977, 'луг'),
(10978, 'Вопрос'),
(10979, 'SLT'),
(10980, 'A33L'),
(10981, 'объектив'),
(10982, '18'),
(10983, '55'),
(10984, 'Nokia'),
(10985, 'dark'),
(10986, 'grey'),
(10987, 'Acer'),
(10988, 'Aspire'),
(10989, '1830TZ'),
(10990, 'U542G25iss'),
(10991, 'Eee'),
(10992, '1015PЕM'),
(10993, 'Thomas'),
(10994, '788535'),
(10995, 'Twin'),
(10996, 'Aquafilter'),
(10997, 'Комплект'),
(10998, 'Wharfedale'),
(10999, 'Obsidian'),
(11000, '600'),
(11001, 'Cinema'),
(11002, 'Pack'),
(11003, 'wenge'),
(11004, 'C9950W'),
(11005, 'Canon'),
(11006, 'PowerShot'),
(11007, 'S95'),
(11008, 'Connect'),
(11009, 'AutoNavigator'),
(11010, '2100'),
(11011, 'Wide'),
(11012, 'B207FVQA'),
(11013, 'Gorenje'),
(11014, '20');

-- --------------------------------------------------------

--
-- Table structure for table `bagira_tags`
--

CREATE TABLE IF NOT EXISTS `bagira_tags` (
  `t_id` int(11) NOT NULL AUTO_INCREMENT,
  `t_name` varchar(100) NOT NULL,
  `t_count` int(11) NOT NULL,
  PRIMARY KEY (`t_id`)
) ENGINE=InnoDB  DEFAULT CHARSET=cp1251 AUTO_INCREMENT=26 ;

--
-- Dumping data for table `bagira_tags`
--

INSERT INTO `bagira_tags` (`t_id`, `t_name`, `t_count`) VALUES
(1, 'Джудда Апатоу', 2),
(2, 'Пола Радда', 2),
(3, 'Немножко беременна', 3),
(4, 'блинчики', 5),
(5, 'Москва', 3),
(6, '35 ММ', 3),
(7, 'Pixar', 1),
(8, 'Disney', 1),
(9, 'Джон Лассеттер', 1),
(10, 'Виктор Гинзбург', 1),
(11, 'Generation П', 1),
(12, 'школа', 2),
(13, 'США', 4),
(14, 'выпускной', 2),
(15, 'Музыкальный автомат', 2),
(16, 'Библиотека Конгресса', 2),
(17, 'Windows Phone', 1),
(18, 'iPhone', 1),
(19, 'WP7', 1),
(20, 'выа', 1),
(21, 'ываыва', 1),
(22, 'фы', 1),
(23, 'авппп', 1),
(24, 'ыва', 1),
(25, 'апва', 1);

-- --------------------------------------------------------

--
-- Table structure for table `bagira_tags_rels`
--

CREATE TABLE IF NOT EXISTS `bagira_tags_rels` (
  `tr_tag_id` int(11) NOT NULL,
  `tr_obj_id` int(11) NOT NULL,
  KEY `tr_obj_id` (`tr_obj_id`),
  KEY `tr_tag_id` (`tr_tag_id`)
) ENGINE=InnoDB DEFAULT CHARSET=cp1251;

--
-- Dumping data for table `bagira_tags_rels`
--

INSERT INTO `bagira_tags_rels` (`tr_tag_id`, `tr_obj_id`) VALUES
(4, 1581),
(5, 1581),
(6, 1581),
(1, 1579),
(2, 1579),
(3, 1579),
(4, 1579),
(7, 1766),
(8, 1766),
(9, 1766),
(10, 1763),
(11, 1763),
(12, 1764),
(13, 1764),
(14, 1764),
(17, 1611),
(18, 1611),
(19, 1611),
(13, 1765),
(15, 1765),
(16, 1765);

-- --------------------------------------------------------

--
-- Table structure for table `bagira_template`
--

CREATE TABLE IF NOT EXISTS `bagira_template` (
  `t_id` int(11) NOT NULL AUTO_INCREMENT,
  `t_name` varchar(50) NOT NULL,
  `t_file` varchar(255) DEFAULT NULL,
  `t_type` tinyint(1) DEFAULT '0',
  `t_lang_id` int(11) NOT NULL,
  `t_domain_id` int(11) NOT NULL,
  PRIMARY KEY (`t_id`),
  KEY `t_domain_id` (`t_domain_id`),
  KEY `t_lang_id` (`t_lang_id`)
) ENGINE=InnoDB  DEFAULT CHARSET=cp1251 AUTO_INCREMENT=47 ;

--
-- Dumping data for table `bagira_template`
--

INSERT INTO `bagira_template` (`t_id`, `t_name`, `t_file`, `t_type`, `t_lang_id`, `t_domain_id`) VALUES
(1, 'Стандартный', 'default', 0, 1, 1),
(20, 'Основной шаблон', 'default', 1, 1, 1),
(21, 'Домашняя', 'home', 0, 1, 1),
(22, 'Новости', 'news', 1, 1, 1),
(34, 'Вопрос - Ответ', 'faq', 1, 1, 1),
(36, 'Каталог товаров', 'catalog', 1, 1, 1),
(39, 'Контакты', 'contacts', 0, 1, 1),
(40, 'Фотогалерея', 'photogallery', 0, 1, 1),
(41, 'Фотогалерея', 'photogallery', 1, 1, 1),
(42, 'Фотоальбом', 'photoalbum', 1, 1, 1),
(43, 'Фотоальбом', 'photoalbum', 0, 1, 1),
(44, 'Пользователи', 'users', 0, 1, 1),
(45, 'Каталог', 'catalog', 0, 1, 1),
(46, 'Аналитика', 'analitic', 1, 1, 1);

-- --------------------------------------------------------

--
-- Table structure for table `bagira_template_def`
--

CREATE TABLE IF NOT EXISTS `bagira_template_def` (
  `td_class_id` int(11) NOT NULL,
  `td_template_id` int(11) NOT NULL,
  KEY `td_class_id` (`td_class_id`),
  KEY `td_template_id` (`td_template_id`)
) ENGINE=InnoDB DEFAULT CHARSET=utf8;

--
-- Dumping data for table `bagira_template_def`
--


-- --------------------------------------------------------

--
-- Table structure for table `bagira___answer`
--

CREATE TABLE IF NOT EXISTS `bagira___answer` (
  `obj_id` int(11) NOT NULL,
  `count` int(11) NOT NULL,
  KEY `bagira___answer_fk_obj_id` (`obj_id`)
) ENGINE=InnoDB DEFAULT CHARSET=cp1251;

--
-- Dumping data for table `bagira___answer`
--

INSERT INTO `bagira___answer` (`obj_id`, `count`) VALUES
(393, 0),
(394, 0),
(1573, 4),
(1574, 20),
(1575, 36),
(1576, 6),
(1577, 16);

-- --------------------------------------------------------

--
-- Table structure for table `bagira___category`
--

CREATE TABLE IF NOT EXISTS `bagira___category` (
  `obj_id` int(11) NOT NULL,
  `image` varchar(255) NOT NULL,
  `addto` tinyint(1) NOT NULL,
  KEY `bagira___category_fk_obj_id` (`obj_id`)
) ENGINE=InnoDB DEFAULT CHARSET=cp1251;

--
-- Dumping data for table `bagira___category`
--

INSERT INTO `bagira___category` (`obj_id`, `image`, `addto`) VALUES
(345, '', 0),
(346, '/upload/image/1128797_resized250.jpg', 1),
(347, '/upload/image/1126736_4_resized800.jpg', 1),
(348, '/upload/image/1128842_resized250.jpg', 1),
(1624, '', 0),
(1625, '', 1),
(1626, '', 1),
(1627, '', 1);

-- --------------------------------------------------------

--
-- Table structure for table `bagira___category_faq`
--

CREATE TABLE IF NOT EXISTS `bagira___category_faq` (
  `obj_id` int(11) NOT NULL,
  `image` varchar(255) NOT NULL,
  `addto` tinyint(1) NOT NULL,
  KEY `bagira___category_faq_fk_obj_id` (`obj_id`)
) ENGINE=InnoDB DEFAULT CHARSET=cp1251;

--
-- Dumping data for table `bagira___category_faq`
--

INSERT INTO `bagira___category_faq` (`obj_id`, `image`, `addto`) VALUES
(350, '', 1);

-- --------------------------------------------------------

--
-- Table structure for table `bagira___category_review`
--

CREATE TABLE IF NOT EXISTS `bagira___category_review` (
  `obj_id` int(11) NOT NULL,
  `image` varchar(255) NOT NULL,
  `addto` tinyint(1) NOT NULL,
  KEY `bagira___category_review_fk_obj_id` (`obj_id`)
) ENGINE=InnoDB DEFAULT CHARSET=cp1251;

--
-- Dumping data for table `bagira___category_review`
--


-- --------------------------------------------------------

--
-- Table structure for table `bagira___eshop_delivery_method`
--

CREATE TABLE IF NOT EXISTS `bagira___eshop_delivery_method` (
  `obj_id` int(11) NOT NULL,
  `notice` text NOT NULL,
  `price` float(11,2) NOT NULL,
  KEY `bagira___delivery_method_fk_obj_id` (`obj_id`)
) ENGINE=InnoDB DEFAULT CHARSET=cp1251;

--
-- Dumping data for table `bagira___eshop_delivery_method`
--

INSERT INTO `bagira___eshop_delivery_method` (`obj_id`, `notice`, `price`) VALUES
(1670, '', 0.00),
(1671, '', 800.00);

-- --------------------------------------------------------

--
-- Table structure for table `bagira___eshop_goods`
--

CREATE TABLE IF NOT EXISTS `bagira___eshop_goods` (
  `obj_id` int(11) NOT NULL,
  `count` int(11) NOT NULL,
  `cost` float(11,2) NOT NULL,
  `goods_id` int(11) NOT NULL,
  KEY `bagira___eshop_goods_fk_obj_id` (`obj_id`)
) ENGINE=InnoDB DEFAULT CHARSET=cp1251;

--
-- Dumping data for table `bagira___eshop_goods`
--

INSERT INTO `bagira___eshop_goods` (`obj_id`, `count`, `cost`, `goods_id`) VALUES
(1686, 1, 32100.00, 1629),
(1687, 2, 5430.00, 1628),
(1694, 1, 32120.00, 1630),
(1695, 1, 5430.00, 1628),
(1697, 1, 32120.00, 1630),
(1698, 1, 5430.00, 1628),
(1700, 1, 32120.00, 1630),
(1704, 3, 340.00, 1635),
(1705, 4, 5430.00, 1628),
(1707, 34, 3200.00, 1638),
(1708, 1, 7800.00, 1648),
(1709, 5, 4300.00, 1637),
(1759, 1, 5430.30, 1628);

-- --------------------------------------------------------

--
-- Table structure for table `bagira___eshop_order`
--

CREATE TABLE IF NOT EXISTS `bagira___eshop_order` (
  `obj_id` int(11) NOT NULL,
  `date` datetime NOT NULL,
  `email` varchar(255) NOT NULL,
  `notice` text NOT NULL,
  `payment_date` datetime NOT NULL,
  `delivery_name` varchar(255) NOT NULL,
  `delivery_surname` varchar(255) NOT NULL,
  `delivery_phone` varchar(255) NOT NULL,
  `delivery_address` text NOT NULL,
  `delivery_notice` text NOT NULL,
  `payment_cost` float(11,2) NOT NULL,
  `is_payment` tinyint(1) NOT NULL,
  KEY `bagira___order_fk_obj_id` (`obj_id`)
) ENGINE=InnoDB DEFAULT CHARSET=cp1251;

--
-- Dumping data for table `bagira___eshop_order`
--

INSERT INTO `bagira___eshop_order` (`obj_id`, `date`, `email`, `notice`, `payment_date`, `delivery_name`, `delivery_surname`, `delivery_phone`, `delivery_address`, `delivery_notice`, `payment_cost`, `is_payment`) VALUES
(1685, '2011-05-04 03:10:48', 'test@test.ru', '', '0000-00-00 00:00:00', 'Иван', 'Иванов', '3234567', '345678', '5654654b 5yhrh tr ebtbgv4t5f5gv', 0.00, 0),
(1693, '2011-05-05 07:24:06', 'test@test.ru', '', '0000-00-00 00:00:00', 'Иван', 'Иванов', 'adfadsf', 'sdafds', 'adsfdsafdsf', 0.00, 0),
(1696, '2011-05-05 07:24:42', 'test@test.ru', '', '0000-00-00 00:00:00', 'Иван', 'Иванов', 'adfadsf', 'sdafds', 'adsfdsafdsf', 0.00, 0),
(1699, '2011-05-05 07:26:38', 'test@test.ru', '', '0000-00-00 00:00:00', 'Иван', 'Иванов', 'fdgdf', 'dfgfdg', 'dfgdfgsdfg', 0.00, 0),
(1703, '2011-05-05 07:39:37', 'test@test.ru', '', '0000-00-00 00:00:00', 'Иван', 'Иванов', 'ewrew', 'rewrew', 'rewrewr', 0.00, 1),
(1706, '2011-05-05 07:43:34', 'test@test.ru', 'ывффафывав', '0000-00-00 00:00:00', 'Иван5', 'Иванов5', 'ergret5', 'reter352 4мпмпа4', 'erterter5', 0.00, 1),
(1758, '2011-06-21 16:20:57', 'test@test.ru', '', '0000-00-00 00:00:00', 'Иван', 'Иванов', 'ываыв', 'ыавыа', 'выаыв', 0.00, 0);

-- --------------------------------------------------------

--
-- Table structure for table `bagira___eshop_payment_method`
--

CREATE TABLE IF NOT EXISTS `bagira___eshop_payment_method` (
  `obj_id` int(11) NOT NULL,
  `notice` text NOT NULL,
  KEY `bagira___eshop_payment_method_fk_obj_id` (`obj_id`)
) ENGINE=InnoDB DEFAULT CHARSET=cp1251;

--
-- Dumping data for table `bagira___eshop_payment_method`
--

INSERT INTO `bagira___eshop_payment_method` (`obj_id`, `notice`) VALUES
(1678, ''),
(1679, ''),
(1680, ''),
(1681, '');

-- --------------------------------------------------------

--
-- Table structure for table `bagira___eshop_status`
--

CREATE TABLE IF NOT EXISTS `bagira___eshop_status` (
  `obj_id` int(11) NOT NULL,
  `email_title` varchar(255) NOT NULL,
  `email_msg` longtext NOT NULL,
  `info` tinyint(1) NOT NULL,
  `notice` text NOT NULL,
  `number` int(11) NOT NULL,
  `is_delete` tinyint(1) NOT NULL,
  KEY `bagira___eshop_status_fk_obj_id` (`obj_id`)
) ENGINE=InnoDB DEFAULT CHARSET=cp1251;

--
-- Dumping data for table `bagira___eshop_status`
--

INSERT INTO `bagira___eshop_status` (`obj_id`, `email_title`, `email_msg`, `info`, `notice`, `number`, `is_delete`) VALUES
(1664, 'Информация о заказе', '<p>\r\n	Добрый день, {username}!</p>\r\n<p>\r\n	Вы сделали заказ на нашем сайте следующих товаров:</p>\r\n<p>\r\n	{goods_list}</p>\r\n<p>\r\n	Вашему заказу присвоен номер <a href="/eshop/order-list/{order.id}" target="_blank">{order.number}</a>, общая стоимость заказа {order.cost} рублей.</p>\r\n<p>\r\n	&nbsp;</p>\r\n<p>\r\n	<strong>Информация о доставке:</strong></p>\r\n<p>\r\n	Получатель: {order.surname} {order.name} &nbsp;<br />\r\n	Телефон: {order.phone}&nbsp;<br />\r\n	Адрес: {order.address}<br />\r\n	Способ доставки: {order.delivery}<br />\r\n	Стоимость доставки: {order.delivery_price}&nbsp;</p>\r\n<p>\r\n	--<br />\r\n	Спасибо!</p>\r\n', 1, 'Статус сразу после заказа.', 1, 1),
(1666, 'Информаци о заказе', '<p>\r\n	Добрый день, {username}!</p>\r\n<p>\r\n	Сообщаем вам что вашему заказу под номером <a href="/eshop/order-list/{order.id}" target="_blank">{order.number}</a>, присвоен статус &quot;Проверка&quot;.</p>\r\n<p>\r\n	&nbsp;</p>\r\n<p>\r\n	Вы сделали заказ на нашем сайте следующих товаров:</p>\r\n<p>\r\n	{goods_list}</p>\r\n<p>\r\n	Общая стоимость заказа {order.cost} рублей.</p>\r\n<p>\r\n	--<br />\r\n	Спасибо!</p>\r\n<br />\r\n', 1, '2', 2, 0),
(1667, 'Информация о заказе', '<p>\r\n	Добрый день, {username}!</p>\r\n<p>\r\n	Сообщаем вам что вашему заказу под номером <a href="/eshop/order-list/{order.id}" target="_blank">{order.number}</a>, присвоен статус &quot;Отправка&quot;.</p>\r\n<p>\r\n	&nbsp;</p>\r\n<p>\r\n	Вы сделали заказ на нашем сайте следующих товаров:</p>\r\n<p>\r\n	{goods_list}</p>\r\n<p>\r\n	Общая стоимость заказа {order.cost} рублей.</p>\r\n<p>\r\n	--<br />\r\n	Спасибо!</p>\r\n<br />\r\n', 1, 'ывавыаыва', 3, 0);

-- --------------------------------------------------------

--
-- Table structure for table `bagira___faq`
--

CREATE TABLE IF NOT EXISTS `bagira___faq` (
  `obj_id` int(11) NOT NULL,
  `email` varchar(255) NOT NULL,
  `content` text NOT NULL,
  `answer` longtext NOT NULL,
  `form_id` int(11) NOT NULL,
  `send_answer_to_user` tinyint(1) NOT NULL,
  `addto` tinyint(1) NOT NULL,
  KEY `bagira___faq_fk_obj_id` (`obj_id`)
) ENGINE=InnoDB DEFAULT CHARSET=cp1251;

--
-- Dumping data for table `bagira___faq`
--

INSERT INTO `bagira___faq` (`obj_id`, `email`, `content`, `answer`, `form_id`, `send_answer_to_user`, `addto`) VALUES
(1612, 'mail@mail.ru', 'Я купил телевизор в вашем магазине, скажите пожалуйста сколько можно на нем настроить каналов?', '<p>\r\n	Данный ноутбук создан специально для аудиофилов, которые даже в дороге не хотят расставаться с музыкой. В нем реализована разработанная специалистами ASUS и Bang Olufsen ICEpower технология SonicMaster, представляющая собой комплекс аппаратных и программных средств улучшения качества звука. SonicMaster изменит ваши представления о звучании мобильных компьютеров! Узнать больше...</p>\r\n', 0, 0, 0),
(1757, 'test@test.ru', 'Какие профессии больше всего сейчас нужны человечеству? ', '<p>\r\n	инженеры(здесь имеется в виду обширное понятие-от инженеров-энергетиков до робототехников),программисты(здесь также имеется в виду обширное понятие-от прикладных программистов до зd-дизайнеров),врачи(они всегда нужны-как только нашли лекарство от одной болезни появляются 3 новых заболевания),экологи( сейчас много вакансий:ООН,Грин Пис,альтернативные источники энергии и т.д-наконец люди вспомнили что они млекопитающие ,а не паразиты).</p>\r\n', 1613, 0, 0),
(1760, '', 'Какими способами добиться, что бы цветы в вазе стояли дольше?', '<p>\r\n	Цветы будут долго стоять, если они будут получать воду из вазы.<br />\r\n	Если налить просто воду из под крана, то она быстро высосет из цветка содержимое (осмос).<br />\r\n	Клетки черенка разрушатся, и цветок завянет.<br />\r\n	<br />\r\n	Чтобы этого не было, нужно в вазу налить физиологический раствор (0.2% раствор соли в воде).<br />\r\n	Или просто в воду бросить поваренной соли, сколько, зависит от объема вазы.<br />\r\n	Например я в свою большую вазу клал пол чайной ложки соли.<br />\r\n	Цветы стояли пару месяцев.<br />\r\n	<br />\r\n	Еще важный момент.<br />\r\n	Перед тем как ставить цветы в вазу, черенки нужно подрезать, обязательно в воде.<br />\r\n	Иначе на воздухе клетки черенка разрушатся и питания не будет.</p>\r\n', 0, 0, 0),
(1761, '', 'Существует ли программа для фотографий по типу распознавание лица?', '<p>\r\n	Picasa умеет (пытается) именно распознавать лица, и показывать потом разные фотографии одного и того же человека. так что для поиска просто одинаковых картинок больше подойдет ACDSee, опция Find Duplicates. ну или то что предложил Railgun, правда я сам не знаю что это за программа.</p>\r\n', 0, 0, 0),
(1762, '', 'Есть ли плюсы в том,чтобы мыться холодной водой?', '<p>\r\n	Холод - это стресс. А стресс, если правильно его создавать и использовать, всегда делает Человека сильнее...<br />\r\n	А если это будет контрастный холод после горячего душа, то усиливается выработка гормонов удовольствия - эндорфинов.<br />\r\n	Так что контрастный душ и счастье ходят где-то рядом))</p>\r\n', 0, 0, 0);

-- --------------------------------------------------------

--
-- Table structure for table `bagira___feedback`
--

CREATE TABLE IF NOT EXISTS `bagira___feedback` (
  `obj_id` int(11) NOT NULL,
  `email` varchar(255) NOT NULL,
  `content` text NOT NULL,
  `answer` longtext NOT NULL,
  `form_id` int(11) NOT NULL,
  `send_answer_to_user` tinyint(1) NOT NULL,
  `addto` tinyint(1) NOT NULL,
  KEY `bagira___feedback_fk_obj_id` (`obj_id`)
) ENGINE=InnoDB DEFAULT CHARSET=cp1251;

--
-- Dumping data for table `bagira___feedback`
--


-- --------------------------------------------------------

--
-- Table structure for table `bagira___feedback_form`
--

CREATE TABLE IF NOT EXISTS `bagira___feedback_form` (
  `obj_id` int(11) NOT NULL,
  `form_class` int(11) NOT NULL,
  `captcha` tinyint(1) NOT NULL,
  `msg` longtext NOT NULL,
  `mailing_list` varchar(255) NOT NULL,
  `admin_sender_address` varchar(255) NOT NULL,
  `admin_sender_name` varchar(255) NOT NULL,
  `admin_subject` varchar(255) NOT NULL,
  `admin_template` longtext NOT NULL,
  `send_notice` tinyint(1) NOT NULL,
  `notice_sender_address` varchar(255) NOT NULL,
  `notice_sender_name` varchar(255) NOT NULL,
  `notice_subject` varchar(255) NOT NULL,
  `notice_template` longtext NOT NULL,
  `send_answer` tinyint(1) NOT NULL,
  `answer_sender_address` varchar(255) NOT NULL,
  `answer_sender_name` varchar(255) NOT NULL,
  `answer_subject` varchar(255) NOT NULL,
  `answer_template` longtext NOT NULL,
  `any_sections` tinyint(1) NOT NULL,
  KEY `bagira___feedback_form_fk_obj_id` (`obj_id`)
) ENGINE=InnoDB DEFAULT CHARSET=cp1251;

--
-- Dumping data for table `bagira___feedback_form`
--

INSERT INTO `bagira___feedback_form` (`obj_id`, `form_class`, `captcha`, `msg`, `mailing_list`, `admin_sender_address`, `admin_sender_name`, `admin_subject`, `admin_template`, `send_notice`, `notice_sender_address`, `notice_sender_name`, `notice_subject`, `notice_template`, `send_answer`, `answer_sender_address`, `answer_sender_name`, `answer_subject`, `answer_template`, `any_sections`) VALUES
(1613, 51, 1, '<p>Спасибо за ваш вопрос! В ближайшее время мы вам ответим!</p>', '', '{email}', '{name}', 'Сообщение с сайта {site_name}', '<p>Посетитель сайта {site_name}, воспользовавшись формой обратной связи, отправил следующее сообщение:</p><p><i>{content}</i></p><p>ФИО посетителя: {name}<br/>\r\nE-mail для связи: {email}</p><p>С уважением, Bagira.CMS</p>', 0, '{base_email}', '{site_name}', 'Уведомление с сайта {site_name}', '<p>Добрый день, {name}.</p><p>Это письмо — автоматическое уведомление о том, что отправленное вами сообщение принято к рассмотрению. Мы постараемся ответить вам в кратчайшие сроки.</p><p>Благодарим за обращение,<br/>\r\nАдминистрация сайта {sitename}.</p>', 0, '{base_email}', '{site_name}', 'Ответ на ваше сообщение с сайта {site_name}', '<p>Добрый день, {name}.</p><p>Не так давно, воспользовавшись формой обратной связи, вы отправили нам следующее сообщение:</p><p><i>{content}</i></p><p>Наш ответ:</p><p>{answer}</p><p>С уважением,<br/>\r\nАдминистрация сайта {sitename}.</p>', 0),
(1745, 52, 1, '<p>После проверки администратором ваш отзыв будет опубликован.</p>', '', '{email}', '{name}', 'Сообщение с сайта {site_name}', '<p>Посетитель сайта {site_name}, воспользовавшись формой обратной связи, отправил следующее сообщение:</p><p><i>{content}</i></p><p>ФИО посетителя: {name}<br/>\r\nE-mail для связи: {email}</p><p>С уважением, Bagira.CMS</p>', 0, '{base_email}', '{site_name}', 'Уведомление с сайта {site_name}', '<p>Добрый день, {name}.</p><p>Это письмо — автоматическое уведомление о том, что отправленное вами сообщение принято к рассмотрению. Мы постараемся ответить вам в кратчайшие сроки.</p><p>Благодарим за обращение,<br/>\r\nАдминистрация сайта {site_name}.</p>', 1, '{base_email}', '{site_name}', 'Ответ на ваше сообщение с сайта {site_name}', '<p>Добрый день, {name}.</p><p>Не так давно, воспользовавшись формой обратной связи, вы отправили нам следующее сообщение:</p><p><i>{content}</i></p><p>Наш ответ:</p><p>{answer}</p><p>С уважением,<br/>\r\nАдминистрация сайта {site_name}.</p>', 1);

-- --------------------------------------------------------

--
-- Table structure for table `bagira___file`
--

CREATE TABLE IF NOT EXISTS `bagira___file` (
  `obj_id` int(11) NOT NULL,
  `file` varchar(255) NOT NULL,
  `addto` tinyint(1) NOT NULL,
  KEY `bagira___file_fk_obj_id` (`obj_id`)
) ENGINE=InnoDB DEFAULT CHARSET=cp1251;

--
-- Dumping data for table `bagira___file`
--


-- --------------------------------------------------------

--
-- Table structure for table `bagira___gallery`
--

CREATE TABLE IF NOT EXISTS `bagira___gallery` (
  `obj_id` int(11) NOT NULL,
  `image` varchar(255) NOT NULL,
  `addto` tinyint(1) NOT NULL,
  KEY `bagira___gallery_fk_obj_id` (`obj_id`)
) ENGINE=InnoDB DEFAULT CHARSET=cp1251;

--
-- Dumping data for table `bagira___gallery`
--

INSERT INTO `bagira___gallery` (`obj_id`, `image`, `addto`) VALUES
(1570, '', 0),
(1590, '/upload/image/55.jpg', 1),
(1601, '/upload/image/turley_060604_9099_layout.jpg', 1);

-- --------------------------------------------------------

--
-- Table structure for table `bagira___goods`
--

CREATE TABLE IF NOT EXISTS `bagira___goods` (
  `obj_id` int(11) NOT NULL,
  `image` varchar(255) NOT NULL,
  `price` float(11,2) NOT NULL,
  `content` longtext NOT NULL,
  `count` int(11) NOT NULL,
  `rate` float(11,2) NOT NULL,
  `ves_netto` varchar(255) NOT NULL,
  `ves_brutto` varchar(255) NOT NULL,
  `height` varchar(255) NOT NULL,
  `width` varchar(255) NOT NULL,
  `length` varchar(255) NOT NULL,
  `moshchnost` varchar(255) NOT NULL,
  `addto` tinyint(1) NOT NULL,
  KEY `bagira___goods_fk_obj_id` (`obj_id`)
) ENGINE=InnoDB DEFAULT CHARSET=cp1251;

--
-- Dumping data for table `bagira___goods`
--

INSERT INTO `bagira___goods` (`obj_id`, `image`, `price`, `content`, `count`, `rate`, `ves_netto`, `ves_brutto`, `height`, `width`, `length`, `moshchnost`, `addto`) VALUES
(1628, '/upload/image/1125255_resized250.jpg', 5430.30, '<p>Благодаря плазменным телевизорам Samsung серии 7000 с поддержкой 3D изображения, вы полностью измените свое отношение к телевидению, поскольку вы получаете доступ в Интернет без компьютера, возможность общаться с друзьями по Skype, узнавать последние новости, прогнозы погоды и получать другую информацию в реальном времени. Плазменные телевизоры Samsung созданы для того, чтобы расширить возможности для развлечений. Виджеты Internet@TV, обмен контентом с помощью AllShare и взаимосвязь устройств с помощью функции USB 2.0 Movie делают плазменный телевизор Samsung настоящим медиацентром для организации развлечений.</p><p>Благодаря плазменным телевизорам Samsung серии 7000 с поддержкой 3D изображения, вы полностью измените свое отношение к телевидению, поскольку вы получаете доступ в Интернет без компьютера, возможность общаться с друзьями по Skype, узнавать последние новости, прогнозы погоды и получать другую информацию в реальном времени. Плазменные телевизоры Samsung созданы для того, чтобы расширить возможности для развлечений. Виджеты Internet@TV, обмен контентом с помощью AllShare и взаимосвязь устройств с помощью функции USB 2.0 Movie делают плазменный телевизор Samsung настоящим медиацентром для организации развлечений.</p>', 0, 3.86, '543', '544', '344', '666', '540', '544', 0),
(1629, '/upload/image/1128336_resized250.jpg', 32100.00, '<p>\r\n	Благодаря плазменным телевизорам Samsung серии 7000 с поддержкой 3D изображения, вы полностью измените свое отношение к телевидению, поскольку вы получаете доступ в Интернет без компьютера, возможность общаться с друзьями по Skype, узнавать последние новости, прогнозы погоды и получать другую информацию в реальном времени. Плазменные телевизоры Samsung созданы для того, чтобы расширить возможности для развлечений. Виджеты Internet@TV, обмен контентом с помощью AllShare и взаимосвязь устройств с помощью функции USB 2.0 Movie делают плазменный телевизор Samsung настоящим медиацентром для организации развлечений.</p>\r\n<p>\r\n	Благодаря плазменным телевизорам Samsung серии 7000 с поддержкой 3D изображения, вы полностью измените свое отношение к телевидению, поскольку вы получаете доступ в Интернет без компьютера, возможность общаться с друзьями по Skype, узнавать последние новости, прогнозы погоды и получать другую информацию в реальном времени. Плазменные телевизоры Samsung созданы для того, чтобы расширить возможности для развлечений. Виджеты Internet@TV, обмен контентом с помощью AllShare и взаимосвязь устройств с помощью функции USB 2.0 Movie делают плазменный телевизор Samsung настоящим медиацентром для организации развлечений.</p>\r\n', 0, 0.00, '324', '234', '56', '56756', '6565', '343', 0),
(1630, '/upload/image/1126518_resized250.jpg', 32120.00, 'Благодаря плазменным телевизорам Samsung серии 7000 с поддержкой 3D изображения, вы полностью измените свое отношение к телевидению, поскольку вы получаете доступ в Интернет без компьютера, возможность общаться с друзьями по Skype, узнавать последние новости, прогнозы погоды и получать другую информацию в реальном времени. Плазменные телевизоры Samsung созданы для того, чтобы расширить возможности для развлечений. Виджеты Internet@TV, обмен контентом с помощью AllShare и взаимосвязь устройств с помощью функции USB 2.0 Movie делают плазменный телевизор Samsung настоящим медиацентром для организации развлечений.Благодаря плазменным телевизорам Samsung серии 7000 с поддержкой 3D изображения, вы полностью измените свое отношение к телевидению, поскольку вы получаете доступ в Интернет без компьютера, возможность общаться с друзьями по Skype, узнавать последние новости, прогнозы погоды и получать другую информацию в реальном времени. Плазменные телевизоры Samsung созданы для того, чтобы расширить возможности для развлечений. Виджеты Internet@TV, обмен контентом с помощью AllShare и взаимосвязь устройств с помощью функции USB 2.0 Movie делают плазменный телевизор Samsung настоящим медиацентром для организации развлечений.', 0, 4.19, '23432', '765', '2342', '234', '34', '3434', 0),
(1631, '/upload/image/1127377_resized250.jpg', 5400.00, '<p>\r\n	Благодаря плазменным телевизорам Samsung серии 7000 с поддержкой 3D изображения, вы полностью измените свое отношение к телевидению, поскольку вы получаете доступ в Интернет без компьютера, возможность общаться с друзьями по Skype, узнавать последние новости, прогнозы погоды и получать другую информацию в реальном времени. Плазменные телевизоры Samsung созданы для того, чтобы расширить возможности для развлечений. Виджеты Internet@TV, обмен контентом с помощью AllShare и взаимосвязь устройств с помощью функции USB 2.0 Movie делают плазменный телевизор Samsung настоящим медиацентром для организации развлечений.</p>\r\n<p>\r\n	Благодаря плазменным телевизорам Samsung серии 7000 с поддержкой 3D изображения, вы полностью измените свое отношение к телевидению, поскольку вы получаете доступ в Интернет без компьютера, возможность общаться с друзьями по Skype, узнавать последние новости, прогнозы погоды и получать другую информацию в реальном времени. Плазменные телевизоры Samsung созданы для того, чтобы расширить возможности для развлечений. Виджеты Internet@TV, обмен контентом с помощью AllShare и взаимосвязь устройств с помощью функции USB 2.0 Movie делают плазменный телевизор Samsung настоящим медиацентром для организации развлечений.</p>\r\n', 0, 3.50, '324', '523', '34', '234', '876', '43543', 0),
(1632, '/upload/image/1039789_resized250.jpg', 55500.00, '<p>\r\n	Благодаря плазменным телевизорам Samsung серии 7000 с поддержкой 3D изображения, вы полностью измените свое отношение к телевидению, поскольку вы получаете доступ в Интернет без компьютера, возможность общаться с друзьями по Skype, узнавать последние новости, прогнозы погоды и получать другую информацию в реальном времени. Плазменные телевизоры Samsung созданы для того, чтобы расширить возможности для развлечений. Виджеты Internet@TV, обмен контентом с помощью AllShare и взаимосвязь устройств с помощью функции USB 2.0 Movie делают плазменный телевизор Samsung настоящим медиацентром для организации развлечений.</p>\r\n<p>\r\n	Благодаря плазменным телевизорам Samsung серии 7000 с поддержкой 3D изображения, вы полностью измените свое отношение к телевидению, поскольку вы получаете доступ в Интернет без компьютера, возможность общаться с друзьями по Skype, узнавать последние новости, прогнозы погоды и получать другую информацию в реальном времени. Плазменные телевизоры Samsung созданы для того, чтобы расширить возможности для развлечений. Виджеты Internet@TV, обмен контентом с помощью AllShare и взаимосвязь устройств с помощью функции USB 2.0 Movie делают плазменный телевизор Samsung настоящим медиацентром для организации развлечений.</p>\r\n', 0, 3.50, '54', '564', '23', '2145', '43', '454', 0),
(1633, '/upload/image/1128797_resized250.jpg', 420.00, '<p>\r\n	Благодаря плазменным телевизорам Samsung серии 7000 с поддержкой 3D изображения, вы полностью измените свое отношение к телевидению, поскольку вы получаете доступ в Интернет без компьютера, возможность общаться с друзьями по Skype, узнавать последние новости, прогнозы погоды и получать другую информацию в реальном времени. Плазменные телевизоры Samsung созданы для того, чтобы расширить возможности для развлечений. Виджеты Internet@TV, обмен контентом с помощью AllShare и взаимосвязь устройств с помощью функции USB 2.0 Movie делают плазменный телевизор Samsung настоящим медиацентром для организации развлечений.</p>\r\n<p>\r\n	Благодаря плазменным телевизорам Samsung серии 7000 с поддержкой 3D изображения, вы полностью измените свое отношение к телевидению, поскольку вы получаете доступ в Интернет без компьютера, возможность общаться с друзьями по Skype, узнавать последние новости, прогнозы погоды и получать другую информацию в реальном времени. Плазменные телевизоры Samsung созданы для того, чтобы расширить возможности для развлечений. Виджеты Internet@TV, обмен контентом с помощью AllShare и взаимосвязь устройств с помощью функции USB 2.0 Movie делают плазменный телевизор Samsung настоящим медиацентром для организации развлечений.</p>\r\n', 0, 3.00, '454', '543', '6544', '234', '45', '5656', 0),
(1634, '/upload/image/1039789_resized250.jpg', 4230.00, '<p>\r\n	Благодаря плазменным телевизорам Samsung серии 7000 с поддержкой 3D изображения, вы полностью измените свое отношение к телевидению, поскольку вы получаете доступ в Интернет без компьютера, возможность общаться с друзьями по Skype, узнавать последние новости, прогнозы погоды и получать другую информацию в реальном времени. Плазменные телевизоры Samsung созданы для того, чтобы расширить возможности для развлечений. Виджеты Internet@TV, обмен контентом с помощью AllShare и взаимосвязь устройств с помощью функции USB 2.0 Movie делают плазменный телевизор Samsung настоящим медиацентром для организации развлечений.</p>\r\n<p>\r\n	Благодаря плазменным телевизорам Samsung серии 7000 с поддержкой 3D изображения, вы полностью измените свое отношение к телевидению, поскольку вы получаете доступ в Интернет без компьютера, возможность общаться с друзьями по Skype, узнавать последние новости, прогнозы погоды и получать другую информацию в реальном времени. Плазменные телевизоры Samsung созданы для того, чтобы расширить возможности для развлечений. Виджеты Internet@TV, обмен контентом с помощью AllShare и взаимосвязь устройств с помощью функции USB 2.0 Movie делают плазменный телевизор Samsung настоящим медиацентром для организации развлечений.</p>\r\n', 0, 4.38, '4535', '45', '765', '765', '654', '54', 0),
(1635, '/upload/image/1128776_resized250.jpg', 340.00, '<p>\r\n	Благодаря плазменным телевизорам Samsung серии 7000 с поддержкой 3D изображения, вы полностью измените свое отношение к телевидению, поскольку вы получаете доступ в Интернет без компьютера, возможность общаться с друзьями по Skype, узнавать последние новости, прогнозы погоды и получать другую информацию в реальном времени. Плазменные телевизоры Samsung созданы для того, чтобы расширить возможности для развлечений. Виджеты Internet@TV, обмен контентом с помощью AllShare и взаимосвязь устройств с помощью функции USB 2.0 Movie делают плазменный телевизор Samsung настоящим медиацентром для организации развлечений.</p>\r\n<p>\r\n	Благодаря плазменным телевизорам Samsung серии 7000 с поддержкой 3D изображения, вы полностью измените свое отношение к телевидению, поскольку вы получаете доступ в Интернет без компьютера, возможность общаться с друзьями по Skype, узнавать последние новости, прогнозы погоды и получать другую информацию в реальном времени. Плазменные телевизоры Samsung созданы для того, чтобы расширить возможности для развлечений. Виджеты Internet@TV, обмен контентом с помощью AllShare и взаимосвязь устройств с помощью функции USB 2.0 Movie делают плазменный телевизор Samsung настоящим медиацентром для организации развлечений.</p>\r\n', 0, 0.00, '435', '4534', '345', '456', '345', '456', 0),
(1636, '/upload/image/1129505_resized250.jpg', 3210.00, '<p>\r\n	Благодаря плазменным телевизорам Samsung серии 7000 с поддержкой 3D изображения, вы полностью измените свое отношение к телевидению, поскольку вы получаете доступ в Интернет без компьютера, возможность общаться с друзьями по Skype, узнавать последние новости, прогнозы погоды и получать другую информацию в реальном времени. Плазменные телевизоры Samsung созданы для того, чтобы расширить возможности для развлечений. Виджеты Internet@TV, обмен контентом с помощью AllShare и взаимосвязь устройств с помощью функции USB 2.0 Movie делают плазменный телевизор Samsung настоящим медиацентром для организации развлечений.</p>\r\n<p>\r\n	Благодаря плазменным телевизорам Samsung серии 7000 с поддержкой 3D изображения, вы полностью измените свое отношение к телевидению, поскольку вы получаете доступ в Интернет без компьютера, возможность общаться с друзьями по Skype, узнавать последние новости, прогнозы погоды и получать другую информацию в реальном времени. Плазменные телевизоры Samsung созданы для того, чтобы расширить возможности для развлечений. Виджеты Internet@TV, обмен контентом с помощью AllShare и взаимосвязь устройств с помощью функции USB 2.0 Movie делают плазменный телевизор Samsung настоящим медиацентром для организации развлечений.</p>\r\n', 0, 0.00, '546', '465', '456', '456', '564', '564', 0),
(1637, '/upload/image/1129177_resized250.jpg', 4300.00, '<p>\r\n	Благодаря плазменным телевизорам Samsung серии 7000 с поддержкой 3D изображения, вы полностью измените свое отношение к телевидению, поскольку вы получаете доступ в Интернет без компьютера, возможность общаться с друзьями по Skype, узнавать последние новости, прогнозы погоды и получать другую информацию в реальном времени. Плазменные телевизоры Samsung созданы для того, чтобы расширить возможности для развлечений. Виджеты Internet@TV, обмен контентом с помощью AllShare и взаимосвязь устройств с помощью функции USB 2.0 Movie делают плазменный телевизор Samsung настоящим медиацентром для организации развлечений.</p>\r\n<p>\r\n	Благодаря плазменным телевизорам Samsung серии 7000 с поддержкой 3D изображения, вы полностью измените свое отношение к телевидению, поскольку вы получаете доступ в Интернет без компьютера, возможность общаться с друзьями по Skype, узнавать последние новости, прогнозы погоды и получать другую информацию в реальном времени. Плазменные телевизоры Samsung созданы для того, чтобы расширить возможности для развлечений. Виджеты Internet@TV, обмен контентом с помощью AllShare и взаимосвязь устройств с помощью функции USB 2.0 Movie делают плазменный телевизор Samsung настоящим медиацентром для организации развлечений.</p>\r\n', 0, 0.00, '654', '664', '456', '745', '65', '546', 0),
(1638, '/upload/image/1128842_resized250.jpg', 3200.00, '<p>\r\n	Благодаря плазменным телевизорам Samsung серии 7000 с поддержкой 3D изображения, вы полностью измените свое отношение к телевидению, поскольку вы получаете доступ в Интернет без компьютера, возможность общаться с друзьями по Skype, узнавать последние новости, прогнозы погоды и получать другую информацию в реальном времени. Плазменные телевизоры Samsung созданы для того, чтобы расширить возможности для развлечений. Виджеты Internet@TV, обмен контентом с помощью AllShare и взаимосвязь устройств с помощью функции USB 2.0 Movie делают плазменный телевизор Samsung настоящим медиацентром для организации развлечений.</p>\r\n<p>\r\n	Благодаря плазменным телевизорам Samsung серии 7000 с поддержкой 3D изображения, вы полностью измените свое отношение к телевидению, поскольку вы получаете доступ в Интернет без компьютера, возможность общаться с друзьями по Skype, узнавать последние новости, прогнозы погоды и получать другую информацию в реальном времени. Плазменные телевизоры Samsung созданы для того, чтобы расширить возможности для развлечений. Виджеты Internet@TV, обмен контентом с помощью AllShare и взаимосвязь устройств с помощью функции USB 2.0 Movie делают плазменный телевизор Samsung настоящим медиацентром для организации развлечений.</p>\r\n', 0, 0.00, '56456', '54654', '456', '546', '546', '64565', 0),
(1646, '/upload/image/55.jpg', 32110.00, '<p><object><param/><param/></object>Благодаря плазменным телевизорам Samsung серии 7000 с поддержкой 3D изображения, вы полностью измените свое отношение к телевидению, поскольку вы получаете доступ в Интернет без компьютера, возможность общаться с друзьями по Skype, узнавать последние новости, прогнозы погоды и получать другую информацию в реальном времени. Плазменные телевизоры Samsung созданы для того, чтобы расширить возможности для развлечений. Виджеты Internet@TV, обмен контентом с помощью AllShare и взаимосвязь устройств с помощью функции USB 2.0 Movie делают плазменный телевизор Samsung настоящим медиацентром для организации развлечений.</p><p>Благодаря плазменным телевизорам Samsung серии 7000 с поддержкой 3D изображения, вы полностью измените свое отношение к телевидению, поскольку вы получаете доступ в Интернет без компьютера, возможность общаться с друзьями по Skype, узнавать последние новости, прогнозы погоды и получать другую информацию в реальном времени. Плазменные телевизоры Samsung созданы для того, чтобы расширить возможности для развлечений. Виджеты Internet@TV, обмен контентом с помощью AllShare и взаимосвязь устройств с помощью функции USB 2.0 Movie делают плазменный телевизор Samsung настоящим медиацентром для организации развлечений.</p>', 0, 0.00, '45344', '345', '435', '35', '345', '45', 0),
(1648, '/upload/image/1129505_resized250.jpg', 7800.00, '<p>\r\n	Благодаря плазменным телевизорам Samsung серии 7000 с поддержкой 3D изображения, вы полностью измените свое отношение к телевидению, поскольку вы получаете доступ в Интернет без компьютера, возможность общаться с друзьями по Skype, узнавать последние новости, прогнозы погоды и получать другую информацию в реальном времени. Плазменные телевизоры Samsung созданы для того, чтобы расширить возможности для развлечений. Виджеты Internet@TV, обмен контентом с помощью AllShare и взаимосвязь устройств с помощью функции USB 2.0 Movie делают плазменный телевизор Samsung настоящим медиацентром для организации развлечений.</p>\r\n<p>\r\n	Благодаря плазменным телевизорам Samsung серии 7000 с поддержкой 3D изображения, вы полностью измените свое отношение к телевидению, поскольку вы получаете доступ в Интернет без компьютера, возможность общаться с друзьями по Skype, узнавать последние новости, прогнозы погоды и получать другую информацию в реальном времени. Плазменные телевизоры Samsung созданы для того, чтобы расширить возможности для развлечений. Виджеты Internet@TV, обмен контентом с помощью AllShare и взаимосвязь устройств с помощью функции USB 2.0 Movie делают плазменный телевизор Samsung настоящим медиацентром для организации развлечений.</p>\r\n', 0, 4.00, '567', '675', '765', '345', '756', '345', 0),
(1649, '/upload/image/1128776_resized250.jpg', 7600.00, '<p>\r\n	Благодаря плазменным телевизорам Samsung серии 7000 с поддержкой 3D изображения, вы полностью измените свое отношение к телевидению, поскольку вы получаете доступ в Интернет без компьютера, возможность общаться с друзьями по Skype, узнавать последние новости, прогнозы погоды и получать другую информацию в реальном времени. Плазменные телевизоры Samsung созданы для того, чтобы расширить возможности для развлечений. Виджеты Internet@TV, обмен контентом с помощью AllShare и взаимосвязь устройств с помощью функции USB 2.0 Movie делают плазменный телевизор Samsung настоящим медиацентром для организации развлечений.</p>\r\n<p>\r\n	Благодаря плазменным телевизорам Samsung серии 7000 с поддержкой 3D изображения, вы полностью измените свое отношение к телевидению, поскольку вы получаете доступ в Интернет без компьютера, возможность общаться с друзьями по Skype, узнавать последние новости, прогнозы погоды и получать другую информацию в реальном времени. Плазменные телевизоры Samsung созданы для того, чтобы расширить возможности для развлечений. Виджеты Internet@TV, обмен контентом с помощью AllShare и взаимосвязь устройств с помощью функции USB 2.0 Movie делают плазменный телевизор Samsung настоящим медиацентром для организации развлечений.</p>\r\n', 0, 4.38, '765', '67', '657', '657', '743', '76', 0);

-- --------------------------------------------------------

--
-- Table structure for table `bagira___handbook`
--

CREATE TABLE IF NOT EXISTS `bagira___handbook` (
  `obj_id` int(11) NOT NULL,
  KEY `bagira___handbook_fk_obj_id` (`obj_id`)
) ENGINE=InnoDB DEFAULT CHARSET=cp1251;

--
-- Dumping data for table `bagira___handbook`
--


-- --------------------------------------------------------

--
-- Table structure for table `bagira___list_color`
--

CREATE TABLE IF NOT EXISTS `bagira___list_color` (
  `obj_id` int(11) NOT NULL,
  KEY `bagira___list_color_fk_obj_id` (`obj_id`)
) ENGINE=InnoDB DEFAULT CHARSET=cp1251;

--
-- Dumping data for table `bagira___list_color`
--

INSERT INTO `bagira___list_color` (`obj_id`) VALUES
(1738),
(1739),
(1740),
(1741),
(1742),
(1743),
(1744),
(1774);

-- --------------------------------------------------------

--
-- Table structure for table `bagira___list_garantiya`
--

CREATE TABLE IF NOT EXISTS `bagira___list_garantiya` (
  `obj_id` int(11) NOT NULL,
  KEY `bagira___list_garantiya_fk_obj_id` (`obj_id`)
) ENGINE=InnoDB DEFAULT CHARSET=cp1251;

--
-- Dumping data for table `bagira___list_garantiya`
--

INSERT INTO `bagira___list_garantiya` (`obj_id`) VALUES
(1732),
(1734),
(1736),
(1737);

-- --------------------------------------------------------

--
-- Table structure for table `bagira___list_strana_proizvoditel`
--

CREATE TABLE IF NOT EXISTS `bagira___list_strana_proizvoditel` (
  `obj_id` int(11) NOT NULL,
  KEY `bagira___list_strana_proizvoditel_fk_obj_id` (`obj_id`)
) ENGINE=InnoDB DEFAULT CHARSET=cp1251;

--
-- Dumping data for table `bagira___list_strana_proizvoditel`
--

INSERT INTO `bagira___list_strana_proizvoditel` (`obj_id`) VALUES
(1731),
(1733),
(1735),
(1775);

-- --------------------------------------------------------

--
-- Table structure for table `bagira___news`
--

CREATE TABLE IF NOT EXISTS `bagira___news` (
  `obj_id` int(11) NOT NULL,
  `publ_date` datetime NOT NULL,
  `image` varchar(255) NOT NULL,
  `notice` longtext NOT NULL,
  `content` longtext NOT NULL,
  `author` varchar(255) NOT NULL,
  `addto` tinyint(1) NOT NULL,
  KEY `bagira___news_fk_obj_id` (`obj_id`)
) ENGINE=InnoDB DEFAULT CHARSET=cp1251;

--
-- Dumping data for table `bagira___news`
--

INSERT INTO `bagira___news` (`obj_id`, `publ_date`, `image`, `notice`, `content`, `author`, `addto`) VALUES
(1579, '2011-03-17 00:00:00', '/upload/image/2.jpg', '<p>\r\n	Очередная комедия Джудда Апатоу расскажет об уже знакомых персонажах из фильма &laquo;Немножко беременна&raquo;. Правда, это будут не герои Сета Рогена и Кэтрин Хайгл, а семейная пара в исполнении Пола Радда и Лесли Манн.</p>\r\n', '<p>\r\n	&nbsp;Очередная комедия Джудда Апатоу расскажет об уже знакомых персонажах из фильма &laquo;Немножко беременна&raquo;. Правда, это будут не герои Сета Рогена и Кэтрин Хайгл, а семейная пара в исполнении Пола Радда и Лесли Манн. Кого именно может сыграть Меган Фокс, не разглашается, но актриса ведет переговоры об участии в проекте.</p>\r\n<p>\r\n	Несмотря на свою комедийную сущность, фильм Апатоу ознаменует возвращение Меган Фокс в мир серьезного кино. Последние проекты актрисы постигла плачевная участь: &laquo;Джона Хекс&raquo; не понравился не только критикам, но и большинству зрителей, а лента &laquo;Игры страсти&raquo;, где Меган снялась с Микки Рурком, и вовсе должна была миновать большой экран, но в последний момент студия решила выпустить картину в США 6 мая ограниченным релизом. &laquo;Игры страсти&raquo; были показаны на кинофестивале в Торонто в прошлом сентябре и удостоились крайне негативной реакции.</p>\r\n<p>\r\n	Также стоит помнить, что Меган Фокс вылетела из успешной франшизы Майкла Бэя &laquo;Трансформеры&raquo;, и в третьем фильме место подруги Шайи ЛаБафа заняла английская супермодель Роузи Хантингтон-Уайтли.</p>\r\n<p>\r\n	Поэтому, для того чтобы удержаться на плаву в Голливуде, молодой звезде отчаянно нужен хороший материал. Вполне возможно, что кино Джудда Апатоу придаст ее карьере новый толчок или же вообще направит в другое русло. Меган только что закончила съемки в картине &laquo;Друзья с детьми&raquo;, где ее коллегами стали Джон Хэмм и Кристен Уиг.</p>\r\n<p>\r\n	Спин-офф от &laquo;Немножко беременной&raquo; на сегодняшний день не имеет названия. Супруга режиссера Лесли Манн и актер Пол Радд снова играют Дебби и Пита, но действие развернется уже спустя пять лет после событий, показанных в оригинальном фильме.</p>\r\n<p>\r\n	Съемки начнутся этим летом, а релиз намечен на 1 июня 2012 года.</p>\r\n', 'Айзик Гаримов', 0),
(1581, '2011-03-17 00:00:00', '', 'Подходит к завершению отбор работ для проходящего уже в третий раз фестиваля Art of Remake, объявление победителей которого состоится 30 марта.', '\r\n\r\n<p>Подходит к завершению отбор работ для проходящего уже в третий раз фестиваля Art of Remake, объявление победителей которого состоится 30 марта. Каждый год участникам смотра предлагают переснять сцены из легендарных фильмов, таких как «Криминальное чтиво», «Матрица», «Звездные войны».</p>\r\n\r\n<p>В этом году организаторы предлагают фильммейкерам-любителям переснять ленты «Пятый элемент» Люка Бессона, «Брат 2» Алексея Балабанова и «Пилу» Джеймса Вана.</p>\r\n\r\n<p>Победители будут разделены по нескольким категориям. В номинации «Лучший ремейк» (награда здесь составляет 50 000 рублей) призера выберет жюри фестиваля. Призеры в номинациях «Лучший продакт-плейсмент Efes Pilsener» (победитель получит 30 000 рублей) и «Незабываемые впечатления Efes Pilsener» (приз равняется 45 000 рублей) отберет бренд-команда Efes Pilsener. Обладатель приза зрительских симпатий (30 000 рублей) определится при помощи зрительского голосования на сайте http://art-of-remake.ru.</p>\r\n\r\n<p>В этом году главной жертвой кинолюбителей стал «Пятый элемент»: </p>', '', 0),
(1611, '2011-03-17 00:00:00', '', '<p>\r\n	Ребята в Microsoft, конечно же, молодцы. После долгого затишья со стороны компании и ожидания со стороны пользователей, они таки выдали на-гора свое детище &mdash; операционную систему для смартфонов Windows Phone 7. Постараемся разобраться максимально детально в</p>\r\n', '<p>\r\n	Обзор мобильной ОС Windows Phone<br />\r\n	Ребята в Microsoft, конечно же, молодцы. После долгого затишья со стороны компании и ожидания со стороны пользователей, они таки выдали на-гора свое детище &mdash; операционную систему для смартфонов Windows Phone 7. Постараемся разобраться максимально детально в</p>\r\n<p>\r\n	Прежде чем я скажу первое слово, касательно обзора, хочу рассказать про медиа-составляющую этого обзора, а именно скриншоты. Знаете вы, или нет, WP7 не предполагает, что вам понадобится сделать снимок экрана. Так что наилучшим способом снять скриншот на смартфоне с этой ОС является iPhone. Или любой другой фотоаппарат.</p>\r\n<p>\r\n	А теперь к теме.</p>\r\n', '', 0),
(1763, '2011-06-22 09:04:00', '/upload/image/2343.jpg', '<p>\r\n	&laquo;Generation П&raquo; &ndash; первая экранизация прозы Виктора Пелевина, адаптированная для кино режиссером Виктором Гинзбургом, москвичом по рождению, живущим в США. Фильм, снятый по известному роману самого загадочного российского писателя, включен в официальную программу Международного кинофестиваля в Карловых Варах, который пройдет с 1 по 9 июля. В Москве с Виктором Гинзбургом встретился корреспондент Русской службы &laquo;Голоса Америки&raquo; Олег Сулькин.</p>\r\n', '<p>\r\n	Олег Сулькин:&nbsp;Книга Пелевина вышла в свет в 99-м, вызвала ажиотаж в умах и мгновенно стала культовой. Считалось, что этот орешек невозможно разгрызть. Как вы решились на экранизацию?</p>\r\n<p>\r\n	Виктор Гинзбург:&nbsp;Долгое время искал подходящий проект игрового фильма. Написал несколько сценариев, покупал опционы, в том числе на повесть &laquo;Жук в муравейнике&raquo; братьев Стругацких. Меня всегда тянуло к сложным, философским, экспериментальным темам. И я отказывался от гигантского количества жанровых проектов. Мне это просто неинтересно. Но в Голливуде, например, очень сложно убедить людей, что не нужен хэппи-энд.<br />\r\n	<br />\r\n	О.С.:&nbsp;Вы до этого сняли лишь одну документальную картину, &laquo;Нескучный сад&raquo;?<br />\r\n	<br />\r\n	В.Г.:&nbsp;Да. Тоже достаточно экспериментальная вещь, о &laquo;сексуальной революции&raquo; в России. Она была сделана в 1991 году, вышла на экраны в 93-94-м, обошла весь мировой фестивальный круг. Когда я прочел роман Пелевина, в нем я обнаружил все, что меня интересовало, что я понимаю, и что я не понимаю. Мне захотелось туда залезть, рассказать эту историю, пропустить через мой собственный опыт.<br />\r\n	<br />\r\n	О.С.:&nbsp;Пелевин знаменит своей скрытностью, непубличностью, близкой к мистификаторству, чем отчасти напоминает Сэлинджера. Как вы к нему пробились?&nbsp;<br />\r\n	<br />\r\n	В.Г.:&nbsp;Он далеко не мрачный отшельник, прячущийся от мира. Просто очень ценит &laquo;прайвеси&raquo;. Недавно в одной из московских газет появилась статья. А существует ли Пелевин? Реальный ли это человек? Журналист поехала в Чертаново, где он живет, и опросила соседей. Какой-то тип рассказал, что садился в лифт с Пелевиным и попросил подписать книгу. А Виктор Олегович будто бы послал его на три буквы. Дикая чушь! Какие нелепицы про него пишут! Он много путешествует по миру, может быть, потому что в России ему тяжело. Он не может быть там свободен.<br />\r\n	<br />\r\n	О.С.:&nbsp;Вам нужно было получить его разрешение на экранизацию, ведь так? Как вы его убедили? Ведь за вами нет внушительного резюме, вы же не Сокуров, не Звягинцев...<br />\r\n	<br />\r\n	В.Г.:&nbsp;Меня самого это постфактум удивляет. Я ему рассказал, как вижу его книжку. Он заметил, что она неэкранизируема. Я возразил и продолжал его убеждать.<br />\r\n	<br />\r\n	О.С.:&nbsp;Вы его покорили собственной верой в успех?<br />\r\n	<br />\r\n	В.Г.:&nbsp;Мне кажется, Виктор понял, что я настроен серьезно, что у меня есть творческий подход и профессионализм.<br />\r\n	<br />\r\n	О.С.:&nbsp;Пелевин участвовал в работе над сценарием?<br />\r\n	<br />\r\n	В.Г.:&nbsp;Нет. Сценарий писали мы с Джиной Гинзбург, моей женой. Я выстрадал каждую букву сценария. Пелевину посылал развернутые описания сцен. Скажем, тех, которые я развил из заявленных в романе линий, например, всей истории создания виртуального президента. Герою книги Вавилену Татарскому не хватало героизма, не хватало действия, которое изменило бы формулу его существования. В романе он перышко, которое от дуновения ветра приземлялось у ног богини Иштар. Для фильма важно драматургически, чтобы в Татарском появилась сила, побеждающая обстоятельства, сила, благодаря которой он становился властелином, а не жертвой обстоятельств.&nbsp;<br />\r\n	<br />\r\n	О.С.:&nbsp;Понравилось это Пелевину?<br />\r\n	<br />\r\n	В.Г.:&nbsp;Да, понравилось. А вот российская критика, ее невежественная часть, обвинила меня в двух прямо противоположных грехах. Первый: тут Пелевиным и не пахнет. Второй: фильм &ndash; буквальный подстрочник романа.<br />\r\n	<br />\r\n	О.С.:&nbsp;У романа сложная структура, с массой боковых линий, которые вам пришлось отсекать. Чем вы руководствовались?<br />\r\n	<br />\r\n	В.Г.:&nbsp;Самая сложная составляющая &ndash; &laquo;вавилонская тема&raquo;. Она в романе абстрактна и в чем-то сумбурна. Тему Вавилона, тему золота я переосмыслил и рассказал своим языком. Гигантское количество нюансов романа нереально было охватить. Важно было сохранить и кристаллизировать суть.<br />\r\n	<br />\r\n	О.С.:&nbsp;Вы воссоздаете на экране 90-е годы. Вы в то время жили в России?<br />\r\n	<br />\r\n	В.Г.:&nbsp;Не жил постоянно, но приезжал часто и надолго. Снимал кое-что для канала HBO.&nbsp;<br />\r\n	<br />\r\n	О.С.:&nbsp;Очень удачен, на мой взгляд, Владимир Епифанцев в роли Татарского. И остальные актеры почти все знаковые, узнаваемые &ndash; Михаил Ефремов, Рената Литвинова, Владимир Меньшов, Олег Тактаров, Андрей Панин, Сергей Шнуров, Иван Охлобыстин. Как вы выстраивали этот роскошный кастинг?<br />\r\n	<br />\r\n	В.Г.:&nbsp;Я был бы рад с пафосом сказать, что осмысленно раскладывал актерский пасьянс. Все банальней: просто я искал убедительных актеров. Никого не брал без проб. Я вообще монстр на площадке, мучаю актеров. Они все прошли через муторные пробы. Например, на роль Ханина я рассматривал 30-40 актеров, а выбрал не актера, а телеведущего Александра Гордона. Он оказался на площадке великолепен, одно удовольствие работать!&nbsp;<br />\r\n	<br />\r\n	Что касается Епифанцева, то его первая проба была ужасной. Меня все, включая директора по кастингу, отговаривали его брать: мол, он &laquo;качок&raquo;, снимался только в боевиках. Я стал пробовать других, но продолжал думать про него. А он снял сам свою пробу дома и прислал мне. Она оказалась идеальной!&nbsp;<br />\r\n	<br />\r\n	О.С.:&nbsp;Как прошел прокат в России? Вы довольны?<br />\r\n	<br />\r\n	В.Г.:&nbsp;Фильм собрал почти пять миллионов долларов в России и СНГ. Мне говорят, для такого фильма, как этот, &ndash;неслыханное достижение. Я считаю, его могли посмотреть в два-три раза больше людей, если бы наш прокатчик не осторожничал и потратил лишний миллион долларов на рекламу. Про наш фильм не знали в регионах. Параллельно выпустили &laquo;Крик-4&raquo;, и реклама его была в регионах широкой. Что меня порадовало: народ врубается, каждый находит в фильме что-то свое.<br />\r\n	<br />\r\n	О.С.:&nbsp;Будет ли врубаться мировой зритель? Русский стеб, особенно в стиле Пелевина, трудно сделать понятным иностранцам.&nbsp;<br />\r\n	<br />\r\n	В.Г.:&nbsp;У нас была пара рабочих просмотров в Лос-Анджелесе. Восторг и хохот. Как он будет восприниматься в Европе, узнаем в Карловых Варах. Наш фильм не вписывается в стереотипные ожидания. Он только на поверхности стебный, а вообще-то глубоко духовный, &ndash; о лжеценностях, о потере нравственных ориентиров, о поиске Бога.&nbsp;<br />\r\n	<br />\r\n	О.С.:&nbsp;Ваш следующий проект?<br />\r\n	<br />\r\n	В.Г.:&nbsp;Занимаюсь монтажом телевизионной версии &laquo;Generation П&raquo;, планируется 7 серий, по поводу показа его ведем переговоры с несколькими телеканалами. Затем собираюсь экранизировать еще один, на этот раз &laquo;вампирский&raquo; роман Пелевина &mdash; Empire &laquo;V&raquo;.</p>\r\n', '', 0),
(1764, '2011-06-22 09:06:00', '/upload/image/4848.jpg', '<p>\r\n	В июне в Америке проходит сезон выпускных церемоний и балов. В большинстве школ торжества мало отличаются одно от другого, но есть школы особенные, со своим укладом, многолетними традициями и правилами, и в них церемония выпуска &ndash; неповторима, порой загадочна.</p>\r\n', '<p>\r\n	Одна из таких школ &ndash; старейшее учебное заведение для девочек в штате Мэриленд &ndash; Oldfields School &ndash; основана более 150 лет назад. Ее корпуса &laquo;затаились&raquo; в лесу, в предгорьях Аппалачей. Девочки живут замкнуто, на полном пансионе, можно сказать, такой вот &laquo;институт благородных девиц&raquo;. Даже по американским меркам, обучение влетает родителям &laquo;в копеечку&raquo;: около 40 тысяч долларов в год.&nbsp;<br />\r\n	<br />\r\n	Среди выпускниц разных лет можно встретить известные фамилии: Дюпон, Рокфеллер или вот Уоллис Симпсон &ndash; барышня, ради которой британский монарх Эдуард Восьмой отрекся от престола. Но это было давно, в прошлом веке. Сегодня среди учениц школы не только американки, но и девочки из других стран. География обширная: Азия, Африка, Латинская Америка. В Штатах, правда, фамилии девочек никому ни о чем не говорят, возможно, пока&hellip;<br />\r\n	<br />\r\n	Церемониал прощания со школой. Ему, как и самой школе, тоже 150 лет. Но на поверку &laquo;сюжет&raquo; мне показался значительно более древним &ndash; прямо-таки античная мистерия: девочки в белых туниках, босиком, с букетами цветов, сходили попарно или по одной по склону высокого зеленого холма, потом расходились как бы V&ndash;образно, выстраиваясь в две шеренги на лужайке. Далее следовало загадочное чествование &laquo;королевы&raquo; &ndash; лучшей ученицы выпуска. Она восседала на зеленом троне под сенью вековых сосен, на голове ее корона &ndash; венок полевых цветов. Каждая ученица торжественно, с поклоном, подходила к трону и клала свой букет к ногам королевы.&nbsp;<br />\r\n	<br />\r\n	Потом буква V на лужайке меняла конфигурацию &ndash; выпускницы выстраивались полукругом, а девочки младших классов оставались сзади. Директор школы зачитывал имена выпускниц и вручал дипломы. Никаких длинных речей...<br />\r\n	<br />\r\n	В конце церемонии &ndash; объятия подруг, друзей, родственников. Слезы расставания.&nbsp;<br />\r\n	<br />\r\n	А еще, за несколько часов до этого, девочки (нет, выпускницы все же &ndash; это уже девушки) в холле главного корпуса, на веранде прихорашивались, фотографировались на память, готовясь к волнующему и торжественному моменту, после которого, хоть и со слезами, но уж точно можно будет воскликнуть: &laquo;Прощай школа, здравствуй новая другая жизнь!&raquo;&nbsp;<br />\r\n	<br />\r\n	Такие школы, как Oldfields School, в Штатах стоят особняком: во-первых, конечно, уровень образования&hellip; Во- вторых, в них прививается уважение к традиции, и на всю жизнь у воспитанниц остается чувство локтя &ndash; как ни крути, прожито вместе четыре года, плюс &ndash; без ложной скромности &ndash; это люди одного круга, в будущем &ndash; элита. Обходится это всем дорого, но, согласитесь, дорогого стоит.</p>\r\n', '', 0),
(1765, '2011-06-22 09:09:00', '/upload/image/ALB_Library_Congress_480.jpg', '<p>\r\n	&laquo;Здесь есть ранний джаз, известные речи, поэзия, юмор, опера, танцевальная музыка &ndash; и каждая звукозапись сопровождается информацией о том, когда она была сделана&raquo;, - Джеймс Биллингтон, глава Библиотеки Конгресса США.</p>\r\n', '<p>\r\n	Библиотека Конгресса в Вашингтоне на днях пригласила лауреата премии &laquo;Грэмми&raquo;, музыканта Гарри Конника-младшего для участия в церемонии открытия вебсайта, на котором впервые представлены в цифровом формате 10 тысяч редких и исторических звукозаписей.</p>\r\n<p>\r\n	Здесь собраны произведения популярной музыки, оперы, раннего джаза, а также поэзия и известные политические речи. Композиции в исполнении Артуро Тосканини, Энрико Карузо, Джорджа Гершвина и других великих музыкантов доступны для бесплатного прослушивания и изучения.<br />\r\n	<br />\r\n	&laquo;Национальный музыкальный автомат&raquo; (National Jukebox) &ndash; совместный проект Библиотеки Конгресса и Sony Music Entertainment. Благодаря ему, пользователи Интернета могут получить доступ к огромному собранию музыки и речей, записанных в США между 1901 и 1925 годами.<br />\r\n	<br />\r\n	Глава Библиотеки Конгресса Джеймс Биллингтон представил &laquo;Музыкальный автомат&raquo; на пресс-конференции в Вашингтоне: &laquo;Здесь есть ранний джаз, известные речи, поэзия, юмор, опера, танцевальная музыка &ndash; и каждая звукозапись сопровождается информацией о том, когда она была сделана&raquo;.<br />\r\n	<br />\r\n	Библиотека Конгресса обладает крупнейшей коллекцией исторических звукозаписей в стране. Они хранятся и оцифровываются в отделении библиотеки в Вирджинии. Именно оттуда они поступают в &laquo;Музыкальный автомат&raquo;.<br />\r\n	<br />\r\n	Ричард Стори, президент отделения коммерческой музыки Sony Music Entertainment, говорит: &laquo;В этом каталоге замечательная коллекция музыкальных сокровищ, по которым можно отследить развитие американской музыки и ее корни. Здесь записи самых влиятельных, самых великих артистов всех времен&raquo;.<br />\r\n	<br />\r\n	Один из таких музыкантов &ndash; Юби Блейк. На видеоклипе, размещенном на сайте &laquo;Музыкального автомата&raquo;, он исполняет песню &laquo;Я просто без ума от Гарри&raquo; (I&rsquo;m Just Wild About Harry), написанную в 1921 году. На видео молодой Гарри Конник-младший сидит за пианино и играет вместе с автором песни.<br />\r\n	<br />\r\n	Конник, которому сегодня 43 года, был приглашен на открытие &laquo;Музыкального автомата&raquo;. Он сыграл ту самую песню и поделился воспоминаниями о встрече с Юби Блейком:<br />\r\n	<br />\r\n	&laquo;Тогда мне было девять лет, а ему 95 или 96 и я никогда не забуду, как сидел рядом с ним. Сейчас я оглядываюсь назад и понимаю, что он писал потрясающую музыку. Причем не только в музыкальном смысле, ведь эта песня, фактически, сняла табу на тему любви между чернокожими людьми на экране и в музыке. Но тогда я смотрел на руки этого человека и думал, что никогда не видел таких больших рук. У него были такие длинные пальцы, что невозможно представить. Мне повезло, я видел все это воочию, но сегодня я смотрю на своих детей и понимаю, что, благодаря новым технологиям, они тоже могут услышать эти песни. И это просто замечательно, я аплодирую вам за это!&raquo;<br />\r\n	<br />\r\n	В &laquo;Музыкальном автомате&raquo; можно найти первую джазовую звукозапись, на которой Original Dixieland Jazz Band играет &laquo;Блюз конюшни&raquo; (Livery Stable Blues).&nbsp;<br />\r\n	<br />\r\n	Джин Деанна, глава отделения звукозаписей Библиотеки Конгресса, говорит, что пока в &laquo;Музыкальном автомате&raquo; выложена лишь небольшая часть материалов, которые появятся там в будущем. &laquo;Для нас это динамичный, развивающийся архив исторических звукозаписей и в ближайшие несколько лет там появятся еще десятки тысяч файлов&raquo;, &ndash; говорит он.<br />\r\n	<br />\r\n	В вирджинском отделении библиотеки хранятся около 100 тысяч звуковых материалов. В настоящее время посетители сайта &laquo;Национальный музыкальный автомат&raquo; могут прослушать 10 тысяч из них. Они также могут просмотреть тысячи фотографий конвертов и этикеток для пластинок и биографий исполнителей.</p>\r\n', '', 0),
(1766, '2011-06-22 09:10:00', '/upload/image/4844.jpg', '<p>\r\n	23 июня в российский прокат выходит полнометражный анимационный фильм &laquo;Тачки-2&raquo; &ndash; сиквел мультфильма &laquo;Тачки&raquo;, снятого в 2006 году. Его режиссер Джон Лассеттер является одним из основателей студии Pixar, а также ведущим креативным директором студий Pixar и Walt Disney Animation, которые принимали участие в создании &laquo;Тачек-2&raquo;. В послужном списке Лассеттера &ndash; режиссура лент &laquo;Рататуй&raquo;, &laquo;ВАЛЛ-И&raquo; и &laquo;История игрушек: большой побег&raquo;.&nbsp;</p>\r\n', '<p>\r\n	Корреспондент &laquo;Голоса Америки&raquo; Галина Галкина встретилась с Джоном Лассеттером в студии Pixar в Эмеривилле, неподалеку от Сан-Франциско.<br />\r\n	<br />\r\n	Галина Галкина:&nbsp;Расскажите, пожалуйста, о своем детстве.<br />\r\n	<br />\r\n	Джон Лассеттер:&nbsp;Я вырос в Лос-Анджелесе. Мой отец работал менеджером отдела запчастей дилерского центра Chevrolet. В детстве я помогал ему по выходным дням и на летних каникулах. Можно сказать, что я вырос среди машин, и поэтому немудрено, что они сыграли в моей жизни важную роль.&nbsp;<br />\r\n	<br />\r\n	Период моего взросления совпал с периодом расцвета американских автомобилей с мощным двигателем: это были Chevrolet Corvette, Chevrolet Camaro, Chevrolet Chevelle, они считались абсолютно &laquo;крутыми тачками&raquo;, и я был страстно ими увлечен. А моя мама была учителем рисования, и от нее я перенял любовь не только к рисованию, но и вообще к творчеству. Поэтому можно считать, что &laquo;Тачки&raquo; &ndash; это как бы слияние двух увлечений в моей семье.&nbsp;<br />\r\n	<br />\r\n	Г.Г.:&nbsp;А вы любили в детстве смотреть фильмы про машины?<br />\r\n	<br />\r\n	Д.Л.:&nbsp;О, конечно, это и &laquo;Гран-при&raquo;, и еще один, который я смотрел, когда, кажется, был старшеклассником &ndash; &laquo;Исчезающая точка&raquo;. Это был потрясающий фильм, просто замечательный. Да, есть много классных, всеми любимых автомобильных фильмов &ndash; &laquo;Американские граффити&raquo; тоже один из них.&nbsp;<br />\r\n	<br />\r\n	Г.Г.:&nbsp;Где, у кого и с кем вы учились, чтобы реализовать свою мечту стать аниматором?<br />\r\n	<br />\r\n	Д.Л.:&nbsp;Я поступил на только открывшийся тогда факультет мультипликации в калифорнийском Институте искусств, где преподавали мультипликаторы студии Disney. А моими однокурсниками были Брэд Берд и Тим Бартон. За время учебы я дважды выигрывал престижную студенческую награду Student Academy Award, и мой рекорд пока еще никто не побил.<br />\r\n	<br />\r\n	Г.Г.:&nbsp;Вам в свое время пришлось расстаться со студией Disney. Почему?<br />\r\n	<br />\r\n	Д.Л.:&nbsp;Креативными менеджерами в Disney тогда были второсортные аниматоры, которым казалось, что я жажду власти, однако власть меня совсем не привлекала &ndash; мне просто хотелось делать хорошие фильмы. Однажды я попытался обойти менеджера, чтобы пробить перспективный проект, и он сделал все, чтобы меня уволили. Я был в шоке и боялся признаться, что меня уволили &ndash; говорил всем, что сам ушел.&nbsp;<br />\r\n	<br />\r\n	Г.Г.:&nbsp;Когда в 2004-05 году компанией Disney управлял Майкл Эйснер, многим казалось что Disney и ваше детище Pixar разорвут отношения друг с другом. Это как-то отразилось на вашей работе?&nbsp;<br />\r\n	<br />\r\n	Д.Л.:&nbsp;Давайте-ка я начну сначала. В 1991 году мы договорились с Disney о производстве &laquo;Истории игрушек&raquo;. В то время мы были очень заинтересованы в работе с этой легендарной компанией, которая владела не только &laquo;Диснейлендами&raquo;, но и другими тематическими парками, а также была лучшим маркетологом нашего товара. Изначально договор был на 3 картины, но когда Pixar стала общественной компанией, мы решили пересмотреть условия нашего договора.&nbsp;<br />\r\n	<br />\r\n	По условиям второго договора мы все делили с Disney пополам: расходы на производство фильма и доходы от его показа. Шло время, и нашим новым менеджерам просто не терпелось пересмотреть условия второго договора. Мне наше сотрудничество с Disney казалось очень органичным, однако переговоры стали заходить в тупик.. Disney хотела, чтобы мы предоставляли ей персонажи, а они уже занимались всем остальным. Мы же хотели развивать свои персонажи сами.&nbsp;<br />\r\n	<br />\r\n	Мне не хотелось разрыва отношений: наши герои были во всех диснеевских парках, но мне также не хотелось, чтобы Disney развивал наших героев без нас. Когда Боб Игер, который нас очень ценил, заменил Эйснера в совете директоров Disney, то мы еще и подружились с ним. А вскоре договорились о слиянии.<br />\r\n	<br />\r\n	Г.Г.:&nbsp;До того, как Disney приобрела студию Pixar, многие волновались за ее будущее. Зато теперь, когда вы стали креативным директором обеих студий, возникла уверенностью в успехе. Как вам это удалось?&nbsp;<br />\r\n	<br />\r\n	Д.Л.:&nbsp;Чтобы сегодня произвести коммерчески успешный и одновременно развлекательный фильм, киностудии нужно сделать три вещи. Первое: рассказать интересную историю, которая должна приковать зрителей к креслам на время сеанса. Второе: наполнить ее привлекательными и запоминающимися героями, с которыми зрители могут отождествлять себя. Третье: перенести действие в реальный узнаваемый мир. Моя философия очень проста: самое главное &ndash; это качество, а качество всегда начинается с хорошей истории. Все остальное, как говорится, уже дело техники. Что касается продолжения оригинального фильма, то оно должно быть как минимум такого же качества, а зачастую и более высокого, чем оригинал, если вы хотите повторить его успех.<br />\r\n	<br />\r\n	Г.Г.:&nbsp;А как у вас обстоят дела с текучестью кадров? Трудно удерживать людей от перехода из Pixar в Disney и наоборот?<br />\r\n	<br />\r\n	Д.Л.:&nbsp;Вы знаете, Pixar находится под Сан-Франциско, а Disney &ndash; в Лос-Анджелесе. Это час лету на самолете или часов пять-шесть на машине. Существуют также всяческие законодательные установки, связанные, например, с принадлежностью к разным профсоюзам, что люди, которые работают там, не могут работать здесь. Но при этом мы как бы двоюродные братья. Художники Pixar глубоко уважают художников Disney, а те отвечают им взаимностью. Мне было приятно, например, привезти на Pixar &laquo;Рапунцель&raquo; и наблюдать за тем, как мультипликаторы восхищались им. И мы практикуем подобный обмен опытом.&nbsp;<br />\r\n	<br />\r\n	Г.Г.:&nbsp;Не приводит ли такое тесное общение между мультипликаторами к нивелированию разницы между вверенными вам студиями?<br />\r\n	<br />\r\n	Д.Л.:&nbsp;Возможно, это уже происходит &ndash; мне самому кажется, что Disney стал более похожим на Pixar в том смысле, что теперь она стали студией, ведомой кинематографистами. Однако, Disney &ndash; это Disney, а Pixar &ndash; это Pixar, потому что культуру привносят люди, которые делают фильмы. Существуют различные по характеру группы людей. И они на разных студиях не случайно. Диснеевцы, как я уже сказал, привержены наследию Уолта Диснея, а пиксаровцы любят свою студию, которая создавалась практически на их глазах.<br />\r\n	<br />\r\n	Г.Г.:&nbsp;Какую машину вы водите и коллекционируете ли вы машины?<br />\r\n	<br />\r\n	Д.Л.:&nbsp;Вот что я хотел бы сказать: если бы я не был женат на моей красавице жене Нэнси на протяжении двадцати трех лет, то я все еще жил бы в однокомнатной квартире, и у меня был бы склад, полный машин. Это то, на что бы я тратил все свои деньги.&nbsp;<br />\r\n	<br />\r\n	У меня есть пара коллекционных машин. Это Jaguar 1952 года XK120, она необыкновенно изысканна. Мне кажется, что такой прекрасно сконструированной машины больше нет. У меня также есть очень забавная машина &ndash; Messersmith 1964 года. Ее называют машина-пузырь. Это маленький трехколесный автомобиль с таким верхом, почти как у аэроплана.&nbsp;<br />\r\n	<br />\r\n	Что касается машины, которую я вожу, то у меня есть Merсedes-Benz SL55 AMG, такая маленькая спортивная машина, на которой я езжу на работу. Это кабриолет &ndash; ведь мы живем в Калифорнии, в виноградной долине, где так красиво, поэтому мне нравится ездить с открытым верхом. А еще мы ездим на микроавтобусе Chrysler, потому что у нас большая семья &ndash; пятеро мальчиков. Я развожу всех моих детей по школам и кружкам и буду это делать до тех пор, пока каждый из них не получит права и не сядет за руль.<br />\r\n	<br />\r\n	Г.Г.:&nbsp;Ваш фильм открывается автомобильной гонкой в Токио. Вы не планируете провести благотворительную премьеру в Японии?<br />\r\n	<br />\r\n	Д.Л.:&nbsp;В Японии совсем недавно произошла трагедия, поэтому у нас пока нет никаких планов на этот счет, но мы обязательно подумаем об этом.</p>\r\n', '', 0);

-- --------------------------------------------------------

--
-- Table structure for table `bagira___news_feed`
--

CREATE TABLE IF NOT EXISTS `bagira___news_feed` (
  `obj_id` int(11) NOT NULL,
  `rss_export` tinyint(1) NOT NULL,
  `image` varchar(255) NOT NULL,
  `addto` tinyint(1) NOT NULL,
  KEY `bagira___news_feed_fk_obj_id` (`obj_id`)
) ENGINE=InnoDB DEFAULT CHARSET=cp1251;

--
-- Dumping data for table `bagira___news_feed`
--

INSERT INTO `bagira___news_feed` (`obj_id`, `rss_export`, `image`, `addto`) VALUES
(340, 1, '', 1),
(1568, 1, '', 1);

-- --------------------------------------------------------

--
-- Table structure for table `bagira___page`
--

CREATE TABLE IF NOT EXISTS `bagira___page` (
  `obj_id` int(11) NOT NULL,
  `content` longtext NOT NULL,
  `addto` tinyint(1) NOT NULL,
  KEY `bagira___page_fk_obj_id` (`obj_id`)
) ENGINE=InnoDB DEFAULT CHARSET=cp1251;

--
-- Dumping data for table `bagira___page`
--

INSERT INTO `bagira___page` (`obj_id`, `content`, `addto`) VALUES
(60, '<br/>\r\n', 0),
(338, '<br/>\r\n', 0),
(339, '<p>Во всякой книге предисловие есть первая и вместе с тем последняя вещь; оно или служит объяснением цели сочинения, или оправданием и ответом на критики. Но обыкновенно читателям дела нет до нравственной цели и до журнальных нападок, и потому они не читают предисловий. А жаль, что это так, особенно у нас. Наша публика так еще молода и простодушна, что не понимает басни, если в конце ее на находит нравоучения. Она не угадывает шутки, не чувствует иронии; она просто дурно воспитана. Она еще не знает, что в порядочном обществе и в порядочной книге явная брань не может иметь места; что современная образованность изобрела орудие более острое, почти невидимое и тем не менее смертельное, которое, под одеждою лести, наносит неотразимый и верный удар. Наша публика похожа на провинциала, который, подслушав разговор двух дипломатов, принадлежащих к враждебным дворам, остался бы уверен, что каждый из них обманывает свое правительство в пользу взаимной нежнейшей дружбы.</p><p> </p><p>Эта книга испытала на себе еще недавно несчастную доверчивость некоторых читателей и даже журналов к буквальному значению слов. Иные ужасно обиделись, и не шутя, что им ставят в пример такого безнравственного человека, как Герой Нашего Времени; другие же очень тонко замечали, что сочинитель нарисовал свой портрет и портреты своих знакомых… Старая и жалкая шутка! Но, видно, Русь так уж сотворена, что все в ней обновляется, кроме подобных нелепостей. Самая волшебная из волшебных сказок у нас едва ли избегнет упрека в покушении на оскорбление личности!</p><p> </p><p>Герой Нашего Времени, милостивые государи мои, точно, портрет, но не одного человека: это портрет, составленный из пороков всего нашего поколения, в полном их развитии. Вы мне опять скажете, что человек не может быть так дурен, а я вам скажу, что ежели вы верили возможности существования всех трагических и романтических злодеев, отчего же вы не веруете в действительность Печорина? Если вы любовались вымыслами гораздо более ужасными и уродливыми, отчего же этот характер, даже как вымысел, не находит у вас пощады? Уж не оттого ли, что в нем больше правды, нежели бы вы того желали?..</p><p>Вы скажете, что нравственность от этого не выигрывает? Извините. Довольно людей кормили сластями; у них от этого испортился желудок: нужны горькие лекарства, едкие истины. Но не думайте, однако, после этого, чтоб автор этой книги имел когда-нибудь гордую мечту сделаться исправителем людских пороков. Боже его избави от такого невежества! Ему просто было весело рисовать современного человека, каким он его понимает, и к его и вашему несчастью, слишком часто встречал. Будет и того, что болезнь указана, а как ее излечить — это уж бог знает!</p>', 0),
(1569, '<p>Я ехал на перекладных из Тифлиса. Вся поклажа моей тележки состояла из одного небольшого чемодана, который до половины был набит путевыми записками о Грузии. Большая часть из них, к счастию для вас, потеряна, а чемодан с остальными вещами, к счастью для меня, остался цел.Уж солнце начинало прятаться за снеговой хребет, когда я въехал в Койшаурскую долину. Осетин-извозчик неутомимо погонял лошадей, чтоб успеть до ночи взобраться на Койшаурскую гору, и во все горло распевал песни. Славное место эта долина! Со всех сторон горы неприступные, красноватые скалы, обвешанные зеленым плющом и увенчанные купами чинар, желтые обрывы, исчерченные промоинами, а там высоко-высоко золотая бахрома снегов, а внизу Арагва, обнявшись с другой безыменной речкой, шумно вырывающейся из черного, полного мглою ущелья, тянется серебряною нитью и сверкает, как змея своею чешуею. Подъехав к подошве Койшаурской горы, мы остановились возле духана. Тут толпилось шумно десятка два грузин и горцев; поблизости караван верблюдов остановился для ночлега. Я должен был нанять быков, чтоб втащить мою тележку на эту проклятую гору, потому что была уже осень и гололедица, — а эта гора имеет около двух верст длины.Нечего делать, я нанял шесть быков и нескольких осетин. Один из них взвалил себе на плечи мой чемодан, другие стали помогать быкам почти одним криком.За моею тележкою четверка быков тащила другую как ни в чем не бывало, несмотря на то, что она была доверху накладена. Это обстоятельство меня удивило. За нею шел ее хозяин, покуривая из маленькой кабардинской трубочки, обделанной в серебро. На нем был офицерский сюртук без эполет и черкесская мохнатая шапка. Он казался лет пятидесяти; смуглый цвет лица его показывал, что оно давно знакомо с закавказским солнцем, и преждевременно поседевшие усы не соответствовали его твердой походке и бодрому виду. Я подошел к нему и поклонился: он молча отвечал мне на поклон и пустил огромный клуб дыма. — Мы с вами попутчики, кажется? Он молча опять поклонился.<br/>\r\n— Вы, верно, едете в Ставрополь?<br/>\r\n— Так-с точно… с казенными вещами.<br/>\r\n— Скажите, пожалуйста, отчего это вашу тяжелую тележку четыре быка тащат шутя, а мою, пустую, шесть скотов едва подвигают с помощью этих осетин?<br/>\r\nОн лукаво улыбнулся и значительно взглянул на меня.<br/>\r\n— Вы, верно, недавно на Кавказе?<br/>\r\n— С год, — отвечал я.<br/>\r\nОн улыбнулся вторично.<br/>\r\n— А что ж?<br/>\r\n— Да так-с! Ужасные бестии эти азиаты! Вы думаете, они помогают, что кричат? А черт их разберет, что они кричат? Быки-то их понимают; запрягите хоть двадцать, так коли они крикнут по-своему, быки все ни с места… Ужасные плуты! А что с них возьмешь?.. Любят деньги драть с проезжающих… Избаловали мошенников! Увидите, они еще с вас возьмут на водку. Уж я их знаю, меня не проведут!<br/>\r\n— А вы давно здесь служите?<br/>\r\n— Да, я уж здесь служил при Алексее Петровиче 1, — отвечал он, приосанившись. — Когда он приехал на Линию, я был подпоручиком, — прибавил он, — и при нем получил два чина за дела против горцев.<br/>\r\n— А теперь вы?..— Теперь считаюсь в третьем линейном батальоне. А вы, смею спросить?.. Я сказал ему.Разговор этим кончился и мы продолжали молча идти друг подле друга. На вершине горы нашли мы снег. Солнце закатилось, и ночь последовала за днем без промежутка, как это обыкновенно бывает на юге; но благодаря отливу снегов мы легко могли различать дорогу, которая все еще шла в гору, хотя уже не так круто. Я велел положить чемодан свой в тележку, заменить быков лошадьми и в последний раз оглянулся на долину; но густой туман, нахлынувший волнами из ущелий, покрывал ее совершенно, ни единый звук не долетал уже оттуда до нашего слуха. Осетины шумно обступили меня и требовали на водку; но штабс-капитан так грозно на них прикрикнул, что они вмиг разбежались.— Ведь этакий народ! — сказал он, — и хлеба по-русски назвать не умеет, а выучил: «Офицер, дай на водку!» Уж татары по мне лучше: те хоть непьющие... До станции оставалось еще с версту. Кругом было тихо, так тихо, что по жужжанию комара можно было следить за его полетом. Налево чернело глубокое ущелье; за ним и впереди нас темно-синие вершины гор, изрытые морщинами, покрытые слоями снега, рисовались на бледном небосклоне, еще сохранявшем последний отблеск зари. На темном небе начинали мелькать звезды, и странно, мне показалось, что оно гораздо выше, чем у нас на севере. По обеим сторонам дороги торчали голые, черные камни; кой-где из-под снега выглядывали кустарники, но ни один сухой листок не шевелился, и весело было слышать среди этого мертвого сна природы фырканье усталой почтовой тройки и неровное побрякиванье русского колокольчика.— Завтра будет славная погода! — сказал я. Штабс-капитан не отвечал ни слова и указал мне пальцем на высокую гору, поднимавшуюся прямо против нас. — Что ж это? — спросил я.<br/>\r\n— Гуд-гора.<br/>\r\n— Ну так что ж?— Посмотрите, как курится.И в самом деле, Гуд-гора курилась; по бокам ее ползали легкие струйки — облаков, а на вершине лежала черная туча, такая черная, что на темном небе она казалась пятном. Уж мы различали почтовую станцию, кровли окружающих ее саклей, и перед нами мелькали приветные огоньки, когда пахнул сырой, холодный ветер, ущелье загудело и пошел мелкий дождь. Едва успел я накинуть бурку, как повалил снег. Я с благоговением посмотрел на штабс-капитана...— Нам придется здесь ночевать, — сказал он с досадою, — в такую метель через горы не переедешь. Что? были ль обвалы на Крестовой? — спросил он извозчика. — Не было, господин, — отвечал осетин-извозчик, — а висит много, много.За неимением комнаты для проезжающих на станции, нам отвели ночлег в дымной сакле. Я пригласил своего спутника выпить вместе стакан чая, ибо со мной был чугунный чайник — единственная отрада моя в путешествиях по Кавказу. Сакля была прилеплена одним боком к скале; три скользкие, мокрые ступени вели к ее двери. Ощупью вошел я и наткнулся на корову (хлев у этих людей заменяет лакейскую). Я не знал, куда деваться: тут блеют овцы, там ворчит собака. К счастью, в стороне блеснул тусклый свет и помог мне найти другое отверстие наподобие двери. Тут открылась картина довольно занимательная: широкая сакля, которой крыша опиралась на два закопченные столба, была полна народа. Посередине трещал огонек, разложенный на земле, и дым, выталкиваемый обратно ветром из отверстия в крыше, расстилался вокруг такой густой пеленою, что я долго не мог осмотреться; у огня сидели две старухи, множество детей и один худощавый грузин, все в лохмотьях. Нечего было делать, мы приютились у огня, закурили трубки, и скоро чайник зашипел приветливо.— Жалкие люди! — сказал я штабс-капитану, указывая на наших грязных хозяев, которые молча на нас смотрели в каком-то остолбенении. — Преглупый народ! — отвечал он. — Поверите ли? ничего не умеют, не способны ни к какому образованию! Уж по крайней мере наши кабардинцы или чеченцы хотя разбойники, голыши, зато отчаянные башки, а у этих и к оружию никакой охоты нет: порядочного кинжала ни на одном не увидишь. Уж подлинно осетины!— А вы долго были в Чечне? — Да, я лет десять стоял там в крепости с ротою, у Каменного Брода, — знаете?— Слыхал.— Вот, батюшка, надоели нам эти головорезы; нынче, слава богу, смирнее; а бывало, на сто шагов отойдешь за вал, уже где-нибудь косматый дьявол сидит и караулит: чуть зазевался, того и гляди — либо аркан на шее, либо пуля в затылке. А молодцы!.. — А, чай, много с вами бывало приключений? — сказал я, подстрекаемый любопытством.— Как не бывать! бывало… Тут он начал щипать левый ус, повесил голову и призадумался. Мне страх хотелось вытянуть из него какую-нибудь историйку — желание, свойственное всем путешествующим и записывающим людям. Между тем чай поспел; я вытащил из чемодана два походных стаканчика, налил и поставил один перед ним. Он отхлебнул и сказал как будто про себя: «Да, бывало!» Это восклицание подало мне большие надежды. Я знаю, старые кавказцы любят поговорить, порассказать; им так редко это удается: другой лет пять стоит где-нибудь в захолустье с ротой, и целые пять лет ему никто не скажет «здравствуйте» (потому что фельдфебель говорит «здравия желаю»). А поболтать было бы о чем: кругом народ дикий, любопытный; каждый день опасность, случаи бывают чудные, и тут поневоле пожалеешь о том, что у нас так мало записывают. </p>', 1),
(1571, '<br />\r\n', 0),
(1578, 'В новейшей цифровой фотокамере Samsung ST60 гармонично сочетаются компактность с высокойфункциональностью. Эта стильная камера толщиной всего 16,5мм является самой тонкой в мире камерой в своем классе. Она легко умещается в кармане и ее всегда можно иметь при себе.', 0),
(1582, '\r\n\r\n', 0),
(1583, '\r\n\r\n', 0),
(1584, '\r\n\r\n', 0),
(1585, '\r\n\r\n', 0),
(1586, 'Мы находимся по адресу:\r\n<br/>            Омск,\r\n<br/>улица Фрунзе, дом 52', 0),
(1713, '<p><strong>1. Общие положения</strong></p>\r\n\r\n<p>1.1. Настоящее Лицензионное соглашение далее Соглашение является общей офертой и заключается между пользователем программного продукта "Bagira.CMS" далее Пользователь и ООО "Махогани групп" далее Группа.</p>\r\n\r\n<p>1.2. Перед использованием Продукта внимательно ознакомьтесь с условиями данного Соглашения. Если Вы не согласны с условиями данного Соглашения, Вы не можете использовать данный Продукт.</p>\r\n\r\n<p><strong>2. Основные термины настоящего Соглашения</strong></p>\r\n\r\n<p>2.1. Продукт - программа для ЭВМ "Bagira.CMS", предназначенная для управления сайтами.</p>\r\n\r\n<p>2.2. Экземпляр Продукта - копия Продукта "Bagira.CMS", включающая в себя программный код Продукта, а также документацию по использованию Продукта.</p>\r\n\r\n<p>2.4. Модуль Продукта - независимая часть Продукта, созданная Группой, и отвечающая за выполнение определенных функций.</p>\r\n\r\n<p>2.5. Сайт - совокупность одного Экземпляра Продукта, базы данных или любой другой информации.</p>\r\n\r\n<p><strong>3. Предмет Соглашения</strong></p>\r\n\r\n<p>3.1. Предметом настоящего Соглашения является право использования одного Экземпляра Продукта "Bagira.CMS", предоставляемое Пользователю Группой в порядке и на условиях, установленных настоящим Соглашением.</p>\r\n\r\n<p>3.2. Все положения настоящего Соглашения распространяются как на весь продукт в целом, так и на его отдельные Модули. </p>\r\n\r\n<p>3.3. Соглашение не предоставляет право собственности на Продукт и его Модули, а только право использования Экземпляра Продукта и его Модулей в соответствии с условиями настоящего Соглашения.</p>\r\n\r\n<p><strong>4. Авторские права</strong></p>\r\n\r\n<p>4.1. Продукт "Bagira.CMS" является интеллектуальной собственностью ООО "Махогани групп".</p>\r\n\r\n<p>4.2. Всеми правами собственности и авторскими правами на Продукт "Bagira.CMS", включая документацию и исходный текст, обладает ООО "Махогани групп".</p>\r\n\r\n<p>4.3. Продукт защищен законом РФ "О правовой охране программ для электронных вычислительных машин и баз данных", Законом РФ "Об авторском праве и смежных правах", а также международными договорами.</p>\r\n\r\n<p>4.4. В случае нарушения авторских прав предусматривается ответственность в соответствии с действующим законодательством РФ.</p>\r\n\r\n<p><strong>5. Условия использования Продукта и ограничения</strong></p>\r\n\r\n<p>5.1. Настоящее Соглашение предоставляет право установки Экземпляра Продукта.</p>\r\n\r\n<p>5.2. Пользователь не может копировать Продукт, передавать его третьим лицам или распространять Продукт и его Модули с целью получения выгоды без разрешения Группы.</p>\r\n\r\n<p>5.3. Пользователь может изменять, добавлять или удалять любые файлы приобретенного Экземпляра Продукта в соответствии с Российским Законодательством об авторском праве. </p>\r\n\r\n<p>5.4. Запрещается удалять любую информацию об авторских правах.</p>\r\n\r\n<p>5.5. Запрещается любое использование Продукта, противоречащее действующему законодательству РФ.</p>\r\n\r\n<p><strong>6. Ответственность сторон</strong></p>\r\n\r\n<p>6.1. За нарушение условий настоящего Соглашения наступает ответственность, предусмотренная законодательством РФ.</p>\r\n\r\n<p>6.2. Группа&nbsp; и ее поставщики ни при каких обстоятельствах не несут ответственности перед Пользователем Продукта или другими лицами за любые последствия, связанные с использованием или с невозможностью использования продукта, включая любой прямой или косвенный ущерб, любую потерю прибыли, информации или сбережений, штрафные санкции, разглашение или распространение закрытой информации, нарушение неприкосновенности частной жизни, а также прочие убытки имущественного или иного характера даже в случае предварительного уведомления о возможности такого ущерба, или по любому иску третьей стороны.</p>\r\n\r\n<p>6.3. Пользователь соглашается с тем, что использует продукт на свой страх и риск, без каких-либо гарантий со стороны Группы.</p>\r\n\r\n<p><strong>7. Изменение и расторжение Соглашения</strong></p>\r\n\r\n<p>7.1. Группа оставляет за собой право внести изменения в настоящее соглашение в любой момент, опубликовав соответствующие изменения на интернет-сайте по адресу www.bagira-cms.ru за 10 календарных дней до вступления этих изменений в силу.</p>\r\n\r\n<p>7.2. В случае невыполнения пользователем одного из вышеуказанных положений, Группа имеет право в одностороннем порядке расторгнуть настоящее соглашение, уведомив об этом Пользователя.</p>\r\n\r\n<p>7.3. При расторжении соглашения Пользователь обязан прекратить использование Продукта, полностью удалить экземпляр Продукта и уничтожить все копии Продукта и каких-либо его составляющих.</p>\r\n\r\n<p>7.4. Пользователь может расторгнуть данное соглашение в любое время, полностью удалив Экземпляр Продукта, а также все копии Продукта и его компонентов.</p>\r\n\r\n<p>7.5. Настоящее Лицензионное соглашение распространяется также на все новые версии Продукта.</p>\r\n', 0),
(1778, '', 0),
(1782, '', 0),
(1784, '', 0),
(1785, '', 0);

-- --------------------------------------------------------

--
-- Table structure for table `bagira___photo`
--

CREATE TABLE IF NOT EXISTS `bagira___photo` (
  `obj_id` int(11) NOT NULL,
  `image` varchar(255) NOT NULL,
  `addto` tinyint(1) NOT NULL,
  KEY `bagira___photo_fk_obj_id` (`obj_id`)
) ENGINE=InnoDB DEFAULT CHARSET=cp1251;

--
-- Dumping data for table `bagira___photo`
--

INSERT INTO `bagira___photo` (`obj_id`, `image`, `addto`) VALUES
(1597, '/upload/image/52.jpg', 0),
(1598, '/upload/image/55.jpg', 0),
(1600, '/upload/image/51.jpg', 0),
(1602, '/upload/image/turley_050911_6019.jpg', 0),
(1603, '/upload/image/turley_050913_6487.jpg', 0),
(1639, '/upload/image/1126736_2_resized800.jpg', 0),
(1640, '/upload/image/1126736_3_resized373.jpg', 0),
(1641, '/upload/image/1126736_4_resized800.jpg', 0),
(1642, '/upload/image/1128797_resized250.jpg', 0),
(1643, '/upload/image/1128336_resized250.jpg', 0),
(1644, '/upload/image/1126518_resized250.jpg', 0),
(1645, '/upload/image/1129505_resized250_1.jpg', 0),
(1647, '/upload/image/1129505_resized250_1.jpg', 0),
(1780, '/upload/image/1_1.jpg', 0);

-- --------------------------------------------------------

--
-- Table structure for table `bagira___review`
--

CREATE TABLE IF NOT EXISTS `bagira___review` (
  `obj_id` int(11) NOT NULL,
  `email` varchar(255) NOT NULL,
  `content` text NOT NULL,
  `answer` longtext NOT NULL,
  `form_id` int(11) NOT NULL,
  `send_answer_to_user` tinyint(1) NOT NULL,
  `user_rate` int(11) NOT NULL,
  `addto` tinyint(1) NOT NULL,
  KEY `bagira___user_review_fk_obj_id` (`obj_id`)
) ENGINE=InnoDB DEFAULT CHARSET=cp1251;

--
-- Dumping data for table `bagira___review`
--

INSERT INTO `bagira___review` (`obj_id`, `email`, `content`, `answer`, `form_id`, `send_answer_to_user`, `user_rate`, `addto`) VALUES
(1749, 'test@test.ru', 'В новейшей цифровой фотокамере Samsung ST60 гармонично сочетаются компактность с высокойфункциональностью. Эта стильная камера толщиной всего 16,5мм является самой тонкой в мире камерой в своем классе. Она легко умещается в кармане и ее всегда можно иметь при себе.\r\n', '', 1745, 0, 3, 0),
(1752, 'test@test.ru', 'А мне нравится. Хорошая мыльница!', '', 1745, 0, 3, 0);

-- --------------------------------------------------------

--
-- Table structure for table `bagira___section`
--

CREATE TABLE IF NOT EXISTS `bagira___section` (
  `obj_id` int(11) NOT NULL,
  `addto` tinyint(1) NOT NULL,
  KEY `bagira___section_fk_obj_id` (`obj_id`)
) ENGINE=InnoDB DEFAULT CHARSET=cp1251;

--
-- Dumping data for table `bagira___section`
--


-- --------------------------------------------------------

--
-- Table structure for table `bagira___sex`
--

CREATE TABLE IF NOT EXISTS `bagira___sex` (
  `obj_id` int(11) NOT NULL,
  KEY `bagira___sex_fk_obj_id` (`obj_id`)
) ENGINE=InnoDB DEFAULT CHARSET=cp1251;

--
-- Dumping data for table `bagira___sex`
--

INSERT INTO `bagira___sex` (`obj_id`) VALUES
(30),
(31);

-- --------------------------------------------------------

--
-- Table structure for table `bagira___subscribe_msg`
--

CREATE TABLE IF NOT EXISTS `bagira___subscribe_msg` (
  `obj_id` int(11) NOT NULL,
  `file` varchar(255) NOT NULL,
  `last_subscribe` datetime NOT NULL,
  `message` longtext NOT NULL,
  `part_count_awaiting` int(11) NOT NULL,
  `error_part_num` int(11) NOT NULL,
  `error_iteration_num` int(11) NOT NULL,
  `part_count` int(11) NOT NULL,
  KEY `bagira___soobshchenie_rassylki_fk_obj_id` (`obj_id`)
) ENGINE=InnoDB DEFAULT CHARSET=cp1251;

--
-- Dumping data for table `bagira___subscribe_msg`
--

INSERT INTO `bagira___subscribe_msg` (`obj_id`, `file`, `last_subscribe`, `message`, `part_count_awaiting`, `error_part_num`, `error_iteration_num`, `part_count`) VALUES
(358, '', '2011-02-12 00:00:00', '<br />', 0, 0, 0, 0),
(1712, '', '2011-08-17 15:18:20', '<pre>\r\n     Ты хочешь знать, что делал я\r\n     На воле? Жил - и жизнь моя\r\n     Без этих трех блаженных дней\r\n     Была б печальней и мрачней\r\n     Бессильной старости твоей.\r\n     Давным-давно задумал я\r\n     Взглянуть на дальние поля,\r\n     Узнать, прекрасна ли земля,\r\n     Узнать, для воли иль тюрьмы\r\n     На этот свет родимся мы.\r\n     И в час ночной, ужасный час,\r\n     Когда гроза пугала вас,\r\n     Когда, столпясь при алтаре,\r\n     Вы ниц лежали на земле,\r\n     Я убежал. О, я как брат\r\n     Обняться с бурей был бы рад!\r\n     Глазами тучи я следил,\r\n     Рукою молнию ловил...\r\n     Скажи мне, что средь этих стен\r\n     Могли бы дать вы мне взамен\r\n     Той дружбы краткой, но живой,\r\n     Меж бурным сердцем и грозой?,.\r\n</pre>\r\n', 0, 0, 0, 1);

-- --------------------------------------------------------

--
-- Table structure for table `bagira___subscribe_user`
--

CREATE TABLE IF NOT EXISTS `bagira___subscribe_user` (
  `obj_id` int(11) NOT NULL,
  `second_name` varchar(255) NOT NULL,
  `first_name` varchar(255) NOT NULL,
  `user_id` int(11) NOT NULL,
  KEY `bagira___subscribe_user_fk_obj_id` (`obj_id`)
) ENGINE=InnoDB DEFAULT CHARSET=cp1251;

--
-- Dumping data for table `bagira___subscribe_user`
--

INSERT INTO `bagira___subscribe_user` (`obj_id`, `second_name`, `first_name`, `user_id`) VALUES
(1537, '', '', 0);

-- --------------------------------------------------------

--
-- Table structure for table `bagira___subscription`
--

CREATE TABLE IF NOT EXISTS `bagira___subscription` (
  `obj_id` int(11) NOT NULL,
  `active` tinyint(1) NOT NULL,
  `admin_notice` text NOT NULL,
  `lang` int(11) NOT NULL,
  `domain` int(11) NOT NULL,
  `last_subscribe` datetime NOT NULL,
  `subject` varchar(255) NOT NULL,
  `back_email` varchar(255) NOT NULL,
  `template` varchar(255) NOT NULL,
  `back_name` varchar(255) NOT NULL,
  `name_format` int(11) NOT NULL,
  KEY `bagira___subscription_fk_obj_id` (`obj_id`)
) ENGINE=InnoDB DEFAULT CHARSET=cp1251;

--
-- Dumping data for table `bagira___subscription`
--

INSERT INTO `bagira___subscription` (`obj_id`, `active`, `admin_notice`, `lang`, `domain`, `last_subscribe`, `subject`, `back_email`, `template`, `back_name`, `name_format`) VALUES
(72, 1, '', 1, 1, '2011-08-17 15:18:20', 'Новости компании', 'test@bagira-cms.ru', 'default', 'Демо-сайт Bagira.CMS', 1),
(357, 1, '', 2, 1, '0000-00-00 00:00:00', 'news', 'test@test.ru', 'default', '', 0),
(361, 1, '', 1, 1, '2011-02-20 11:15:58', 'Специальное предложение', 'test@bagira-cms.ru', 'default', 'Демо-сайт Bagira.CMS', 1);

-- --------------------------------------------------------

--
-- Table structure for table `bagira___user`
--

CREATE TABLE IF NOT EXISTS `bagira___user` (
  `obj_id` int(11) NOT NULL,
  `email` varchar(255) NOT NULL,
  `password` varchar(255) NOT NULL,
  `surname` varchar(255) NOT NULL,
  `login` varchar(255) NOT NULL,
  `happy_day` date NOT NULL,
  `active` tinyint(1) NOT NULL,
  `last_visit` datetime NOT NULL,
  `last_ip` varchar(255) NOT NULL,
  `avatara` varchar(255) NOT NULL,
  `error_passw` int(11) NOT NULL,
  `def_modul` int(11) NOT NULL,
  `md5_flag` varchar(255) NOT NULL,
  `remember_me` varchar(255) NOT NULL,
  `booking_count` int(11) NOT NULL,
  `buy_booking_count` int(11) NOT NULL,
  `no_buy_booking_count` int(11) NOT NULL,
  `place_limit` int(11) NOT NULL,
  KEY `bagira___user_fk_obj_id` (`obj_id`)
) ENGINE=InnoDB DEFAULT CHARSET=cp1251;

--
-- Dumping data for table `bagira___user`
--

INSERT INTO `bagira___user` (`obj_id`, `email`, `password`, `surname`, `login`, `happy_day`, `active`, `last_visit`, `last_ip`, `avatara`, `error_passw`, `def_modul`, `md5_flag`, `remember_me`, `booking_count`, `buy_booking_count`, `no_buy_booking_count`, `place_limit`) VALUES
(29, 'test@test.ru', '008fcfd9f7404da93192337640c4b081', 'Константинопольский', 'test@test.ru', '2010-12-30', 1, '2013-03-25 17:45:05', '127.0.0.1', '', 0, 3, '', 'f23f763877604de8f8e730dbef27c88c', 0, 0, 0, 0);

-- --------------------------------------------------------

--
-- Table structure for table `bagira___user_group`
--

CREATE TABLE IF NOT EXISTS `bagira___user_group` (
  `obj_id` int(11) NOT NULL,
  `active` tinyint(1) NOT NULL,
  `notice` text NOT NULL,
  KEY `bagira___user_group_fk_obj_id` (`obj_id`)
) ENGINE=InnoDB DEFAULT CHARSET=cp1251;

--
-- Dumping data for table `bagira___user_group`
--

INSERT INTO `bagira___user_group` (`obj_id`, `active`, `notice`) VALUES
(32, 1, ''),
(41, 1, ''),
(43, 1, ''),
(48, 1, ''),
(1783, 1, '');

-- --------------------------------------------------------

--
-- Table structure for table `bagira___vote`
--

CREATE TABLE IF NOT EXISTS `bagira___vote` (
  `obj_id` int(11) NOT NULL,
  `publ_date` date NOT NULL,
  `close` tinyint(1) NOT NULL,
  `question` text NOT NULL,
  `multiselect` tinyint(1) NOT NULL,
  `addto` tinyint(1) NOT NULL,
  KEY `bagira___vote_fk_obj_id` (`obj_id`)
) ENGINE=InnoDB DEFAULT CHARSET=cp1251;

--
-- Dumping data for table `bagira___vote`
--

INSERT INTO `bagira___vote` (`obj_id`, `publ_date`, `close`, `question`, `multiselect`, `addto`) VALUES
(1572, '2011-03-17', 0, 'Сколько времени вы тратите на поиск свободного времени?', 0, 0);

--
-- Constraints for dumped tables
--

--
-- Constraints for table `bagira_classes`
--
ALTER TABLE `bagira_classes`
  ADD CONSTRAINT `bagira_classes_ibfk_1` FOREIGN KEY (`c_parent_id`) REFERENCES `bagira_classes` (`c_id`) ON DELETE CASCADE ON UPDATE CASCADE,
  ADD CONSTRAINT `bagira_classes_ibfk_2` FOREIGN KEY (`c_base_class`) REFERENCES `bagira_classes` (`c_id`) ON DELETE NO ACTION ON UPDATE NO ACTION;

--
-- Constraints for table `bagira_comments`
--
ALTER TABLE `bagira_comments`
  ADD CONSTRAINT `bagira_comments_fk` FOREIGN KEY (`c_obj_id`) REFERENCES `bagira_objects` (`o_id`) ON DELETE CASCADE ON UPDATE CASCADE,
  ADD CONSTRAINT `bagira_comments_fk1` FOREIGN KEY (`c_parent_id`) REFERENCES `bagira_comments` (`c_id`) ON DELETE CASCADE ON UPDATE CASCADE;

--
-- Constraints for table `bagira_domains`
--
ALTER TABLE `bagira_domains`
  ADD CONSTRAINT `bagira_domains_fk` FOREIGN KEY (`d_domain_id`) REFERENCES `bagira_domains` (`d_id`) ON DELETE CASCADE ON UPDATE CASCADE,
  ADD CONSTRAINT `bagira_domains_fk1` FOREIGN KEY (`d_def_lang`) REFERENCES `bagira_langs` (`l_id`) ON DELETE NO ACTION ON UPDATE NO ACTION;

--
-- Constraints for table `bagira_fgroup`
--
ALTER TABLE `bagira_fgroup`
  ADD CONSTRAINT `bagira_fgroup_fk1` FOREIGN KEY (`fg_class_id`) REFERENCES `bagira_classes` (`c_id`) ON DELETE CASCADE ON UPDATE CASCADE;

--
-- Constraints for table `bagira_fields`
--
ALTER TABLE `bagira_fields`
  ADD CONSTRAINT `bagira_fields_fk` FOREIGN KEY (`f_list_id`) REFERENCES `bagira_classes` (`c_id`) ON DELETE CASCADE ON UPDATE CASCADE,
  ADD CONSTRAINT `bagira_fields_fk1` FOREIGN KEY (`f_group_id`) REFERENCES `bagira_fgroup` (`fg_id`) ON DELETE CASCADE ON UPDATE CASCADE;

--
-- Constraints for table `bagira_modules_rgu`
--
ALTER TABLE `bagira_modules_rgu`
  ADD CONSTRAINT `bagira_modules_rgu_fk` FOREIGN KEY (`rgu_right_id`) REFERENCES `bagira_modules_rights` (`mr_id`) ON DELETE CASCADE ON UPDATE CASCADE,
  ADD CONSTRAINT `bagira_modules_rgu_fk1` FOREIGN KEY (`rgu_obj_id`) REFERENCES `bagira_objects` (`o_id`) ON DELETE CASCADE ON UPDATE CASCADE;

--
-- Constraints for table `bagira_modules_rights`
--
ALTER TABLE `bagira_modules_rights`
  ADD CONSTRAINT `bagira_modules_rights_fk` FOREIGN KEY (`mr_mod_id`) REFERENCES `bagira_modules` (`m_id`) ON DELETE CASCADE ON UPDATE CASCADE,
  ADD CONSTRAINT `bagira_modules_rights_fk1` FOREIGN KEY (`mr_parent_id`) REFERENCES `bagira_modules_rights` (`mr_id`) ON DELETE CASCADE ON UPDATE CASCADE;

--
-- Constraints for table `bagira_objects`
--
ALTER TABLE `bagira_objects`
  ADD CONSTRAINT `bagira_objects_fk1` FOREIGN KEY (`o_class_id`) REFERENCES `bagira_classes` (`c_id`) ON DELETE CASCADE ON UPDATE CASCADE;

--
-- Constraints for table `bagira_pages`
--
ALTER TABLE `bagira_pages`
  ADD CONSTRAINT `bagira_pages_fk` FOREIGN KEY (`p_obj_id`) REFERENCES `bagira_objects` (`o_id`) ON DELETE CASCADE ON UPDATE CASCADE,
  ADD CONSTRAINT `bagira_pages_fk1` FOREIGN KEY (`domain_id`) REFERENCES `bagira_domains` (`d_id`) ON DELETE NO ACTION ON UPDATE NO ACTION,
  ADD CONSTRAINT `bagira_pages_fk2` FOREIGN KEY (`template_id`) REFERENCES `bagira_template` (`t_id`) ON DELETE NO ACTION ON UPDATE NO ACTION,
  ADD CONSTRAINT `bagira_pages_fk3` FOREIGN KEY (`lang_id`) REFERENCES `bagira_langs` (`l_id`) ON DELETE NO ACTION ON UPDATE NO ACTION,
  ADD CONSTRAINT `bagira_pages_fk4` FOREIGN KEY (`template2_id`) REFERENCES `bagira_template` (`t_id`) ON DELETE NO ACTION ON UPDATE NO ACTION;

--
-- Constraints for table `bagira_rels`
--
ALTER TABLE `bagira_rels`
  ADD CONSTRAINT `bagira_rels_fk` FOREIGN KEY (`r_parent_id`) REFERENCES `bagira_objects` (`o_id`) ON DELETE CASCADE ON UPDATE CASCADE,
  ADD CONSTRAINT `bagira_rels_fk1` FOREIGN KEY (`r_children_id`) REFERENCES `bagira_objects` (`o_id`) ON DELETE CASCADE ON UPDATE CASCADE,
  ADD CONSTRAINT `bagira_rels_fk2` FOREIGN KEY (`r_field_id`) REFERENCES `bagira_fields` (`f_id`) ON DELETE CASCADE ON UPDATE CASCADE;

--
-- Constraints for table `bagira_revue`
--
ALTER TABLE `bagira_revue`
  ADD CONSTRAINT `bagira_revue_fk` FOREIGN KEY (`rev_obj_id`) REFERENCES `bagira_objects` (`o_id`) ON DELETE CASCADE ON UPDATE CASCADE;

--
-- Constraints for table `bagira_rights`
--
ALTER TABLE `bagira_rights`
  ADD CONSTRAINT `bagira_rights_fk` FOREIGN KEY (`r_obj_id`) REFERENCES `bagira_objects` (`o_id`) ON DELETE CASCADE ON UPDATE CASCADE,
  ADD CONSTRAINT `bagira_rights_fk1` FOREIGN KEY (`r_group_id`) REFERENCES `bagira_objects` (`o_id`) ON DELETE CASCADE ON UPDATE CASCADE;

--
-- Constraints for table `bagira_search_rankings`
--
ALTER TABLE `bagira_search_rankings`
  ADD CONSTRAINT `bagira_search_rankings_fk` FOREIGN KEY (`sr_word_id`) REFERENCES `bagira_search_words` (`w_id`) ON DELETE CASCADE ON UPDATE CASCADE,
  ADD CONSTRAINT `bagira_search_rankings_fk1` FOREIGN KEY (`sr_obj_id`) REFERENCES `bagira_objects` (`o_id`) ON DELETE CASCADE ON UPDATE CASCADE,
  ADD CONSTRAINT `bagira_search_rankings_fk2` FOREIGN KEY (`sr_domain_id`) REFERENCES `bagira_domains` (`d_id`) ON DELETE CASCADE ON UPDATE CASCADE,
  ADD CONSTRAINT `bagira_search_rankings_fk3` FOREIGN KEY (`sr_lang_id`) REFERENCES `bagira_langs` (`l_id`) ON DELETE CASCADE ON UPDATE CASCADE;

--
-- Constraints for table `bagira_tags_rels`
--
ALTER TABLE `bagira_tags_rels`
  ADD CONSTRAINT `bagira_tags_rels_fk` FOREIGN KEY (`tr_obj_id`) REFERENCES `bagira_objects` (`o_id`) ON DELETE CASCADE ON UPDATE CASCADE,
  ADD CONSTRAINT `bagira_tags_rels_fk1` FOREIGN KEY (`tr_tag_id`) REFERENCES `bagira_tags` (`t_id`) ON DELETE CASCADE ON UPDATE CASCADE;

--
-- Constraints for table `bagira_template`
--
ALTER TABLE `bagira_template`
  ADD CONSTRAINT `bagira_template_fk` FOREIGN KEY (`t_lang_id`) REFERENCES `bagira_langs` (`l_id`) ON DELETE CASCADE ON UPDATE CASCADE,
  ADD CONSTRAINT `bagira_template_fk1` FOREIGN KEY (`t_domain_id`) REFERENCES `bagira_domains` (`d_id`) ON DELETE CASCADE ON UPDATE CASCADE;

--
-- Constraints for table `bagira_template_def`
--
ALTER TABLE `bagira_template_def`
  ADD CONSTRAINT `bagira_template_def_ibfk_1` FOREIGN KEY (`td_class_id`) REFERENCES `bagira_classes` (`c_id`) ON DELETE CASCADE ON UPDATE CASCADE,
  ADD CONSTRAINT `bagira_template_def_ibfk_2` FOREIGN KEY (`td_template_id`) REFERENCES `bagira_template` (`t_id`) ON DELETE CASCADE ON UPDATE CASCADE;

--
-- Constraints for table `bagira___answer`
--
ALTER TABLE `bagira___answer`
  ADD CONSTRAINT `bagira___answer_fk_obj_id` FOREIGN KEY (`obj_id`) REFERENCES `bagira_objects` (`o_id`) ON DELETE CASCADE ON UPDATE CASCADE;

--
-- Constraints for table `bagira___category`
--
ALTER TABLE `bagira___category`
  ADD CONSTRAINT `bagira___category_fk_obj_id` FOREIGN KEY (`obj_id`) REFERENCES `bagira_objects` (`o_id`) ON DELETE CASCADE ON UPDATE CASCADE;

--
-- Constraints for table `bagira___category_faq`
--
ALTER TABLE `bagira___category_faq`
  ADD CONSTRAINT `bagira___category_faq_fk_obj_id` FOREIGN KEY (`obj_id`) REFERENCES `bagira_objects` (`o_id`) ON DELETE CASCADE ON UPDATE CASCADE;

--
-- Constraints for table `bagira___category_review`
--
ALTER TABLE `bagira___category_review`
  ADD CONSTRAINT `bagira___category_review_fk_obj_id` FOREIGN KEY (`obj_id`) REFERENCES `bagira_objects` (`o_id`) ON DELETE CASCADE ON UPDATE CASCADE;

--
-- Constraints for table `bagira___eshop_delivery_method`
--
ALTER TABLE `bagira___eshop_delivery_method`
  ADD CONSTRAINT `bagira___delivery_method_fk_obj_id` FOREIGN KEY (`obj_id`) REFERENCES `bagira_objects` (`o_id`) ON DELETE CASCADE ON UPDATE CASCADE;

--
-- Constraints for table `bagira___eshop_goods`
--
ALTER TABLE `bagira___eshop_goods`
  ADD CONSTRAINT `bagira___eshop_goods_fk_obj_id` FOREIGN KEY (`obj_id`) REFERENCES `bagira_objects` (`o_id`) ON DELETE CASCADE ON UPDATE CASCADE;

--
-- Constraints for table `bagira___eshop_order`
--
ALTER TABLE `bagira___eshop_order`
  ADD CONSTRAINT `bagira___order_fk_obj_id` FOREIGN KEY (`obj_id`) REFERENCES `bagira_objects` (`o_id`) ON DELETE CASCADE ON UPDATE CASCADE;

--
-- Constraints for table `bagira___eshop_payment_method`
--
ALTER TABLE `bagira___eshop_payment_method`
  ADD CONSTRAINT `bagira___eshop_payment_method_fk_obj_id` FOREIGN KEY (`obj_id`) REFERENCES `bagira_objects` (`o_id`) ON DELETE CASCADE ON UPDATE CASCADE;

--
-- Constraints for table `bagira___eshop_status`
--
ALTER TABLE `bagira___eshop_status`
  ADD CONSTRAINT `bagira___eshop_status_fk_obj_id` FOREIGN KEY (`obj_id`) REFERENCES `bagira_objects` (`o_id`) ON DELETE CASCADE ON UPDATE CASCADE;

--
-- Constraints for table `bagira___faq`
--
ALTER TABLE `bagira___faq`
  ADD CONSTRAINT `bagira___faq_fk_obj_id` FOREIGN KEY (`obj_id`) REFERENCES `bagira_objects` (`o_id`) ON DELETE CASCADE ON UPDATE CASCADE;

--
-- Constraints for table `bagira___feedback`
--
ALTER TABLE `bagira___feedback`
  ADD CONSTRAINT `bagira___feedback_fk_obj_id` FOREIGN KEY (`obj_id`) REFERENCES `bagira_objects` (`o_id`) ON DELETE CASCADE ON UPDATE CASCADE;

--
-- Constraints for table `bagira___feedback_form`
--
ALTER TABLE `bagira___feedback_form`
  ADD CONSTRAINT `bagira___feedback_form_fk_obj_id` FOREIGN KEY (`obj_id`) REFERENCES `bagira_objects` (`o_id`) ON DELETE CASCADE ON UPDATE CASCADE;

--
-- Constraints for table `bagira___file`
--
ALTER TABLE `bagira___file`
  ADD CONSTRAINT `bagira___file_fk_obj_id` FOREIGN KEY (`obj_id`) REFERENCES `bagira_objects` (`o_id`) ON DELETE CASCADE ON UPDATE CASCADE;

--
-- Constraints for table `bagira___gallery`
--
ALTER TABLE `bagira___gallery`
  ADD CONSTRAINT `bagira___gallery_fk_obj_id` FOREIGN KEY (`obj_id`) REFERENCES `bagira_objects` (`o_id`) ON DELETE CASCADE ON UPDATE CASCADE;

--
-- Constraints for table `bagira___goods`
--
ALTER TABLE `bagira___goods`
  ADD CONSTRAINT `bagira___goods_fk_obj_id` FOREIGN KEY (`obj_id`) REFERENCES `bagira_objects` (`o_id`) ON DELETE CASCADE ON UPDATE CASCADE;

--
-- Constraints for table `bagira___handbook`
--
ALTER TABLE `bagira___handbook`
  ADD CONSTRAINT `bagira___handbook_fk_obj_id` FOREIGN KEY (`obj_id`) REFERENCES `bagira_objects` (`o_id`) ON DELETE CASCADE ON UPDATE CASCADE;

--
-- Constraints for table `bagira___list_color`
--
ALTER TABLE `bagira___list_color`
  ADD CONSTRAINT `bagira___list_color_fk_obj_id` FOREIGN KEY (`obj_id`) REFERENCES `bagira_objects` (`o_id`) ON DELETE CASCADE ON UPDATE CASCADE;

--
-- Constraints for table `bagira___list_garantiya`
--
ALTER TABLE `bagira___list_garantiya`
  ADD CONSTRAINT `bagira___list_garantiya_fk_obj_id` FOREIGN KEY (`obj_id`) REFERENCES `bagira_objects` (`o_id`) ON DELETE CASCADE ON UPDATE CASCADE;

--
-- Constraints for table `bagira___list_strana_proizvoditel`
--
ALTER TABLE `bagira___list_strana_proizvoditel`
  ADD CONSTRAINT `bagira___list_strana_proizvoditel_fk_obj_id` FOREIGN KEY (`obj_id`) REFERENCES `bagira_objects` (`o_id`) ON DELETE CASCADE ON UPDATE CASCADE;

--
-- Constraints for table `bagira___news`
--
ALTER TABLE `bagira___news`
  ADD CONSTRAINT `bagira___news_fk_obj_id` FOREIGN KEY (`obj_id`) REFERENCES `bagira_objects` (`o_id`) ON DELETE CASCADE ON UPDATE CASCADE;

--
-- Constraints for table `bagira___news_feed`
--
ALTER TABLE `bagira___news_feed`
  ADD CONSTRAINT `bagira___news_feed_fk_obj_id` FOREIGN KEY (`obj_id`) REFERENCES `bagira_objects` (`o_id`) ON DELETE CASCADE ON UPDATE CASCADE;

--
-- Constraints for table `bagira___page`
--
ALTER TABLE `bagira___page`
  ADD CONSTRAINT `bagira___page_fk_obj_id` FOREIGN KEY (`obj_id`) REFERENCES `bagira_objects` (`o_id`) ON DELETE CASCADE ON UPDATE CASCADE;

--
-- Constraints for table `bagira___photo`
--
ALTER TABLE `bagira___photo`
  ADD CONSTRAINT `bagira___photo_fk_obj_id` FOREIGN KEY (`obj_id`) REFERENCES `bagira_objects` (`o_id`) ON DELETE CASCADE ON UPDATE CASCADE;

--
-- Constraints for table `bagira___review`
--
ALTER TABLE `bagira___review`
  ADD CONSTRAINT `bagira___user_review_fk_obj_id` FOREIGN KEY (`obj_id`) REFERENCES `bagira_objects` (`o_id`) ON DELETE CASCADE ON UPDATE CASCADE;

--
-- Constraints for table `bagira___section`
--
ALTER TABLE `bagira___section`
  ADD CONSTRAINT `bagira___section_fk_obj_id` FOREIGN KEY (`obj_id`) REFERENCES `bagira_objects` (`o_id`) ON DELETE CASCADE ON UPDATE CASCADE;

--
-- Constraints for table `bagira___sex`
--
ALTER TABLE `bagira___sex`
  ADD CONSTRAINT `bagira___sex_fk_obj_id` FOREIGN KEY (`obj_id`) REFERENCES `bagira_objects` (`o_id`) ON DELETE CASCADE ON UPDATE CASCADE;

--
-- Constraints for table `bagira___subscribe_msg`
--
ALTER TABLE `bagira___subscribe_msg`
  ADD CONSTRAINT `bagira___soobshchenie_rassylki_fk_obj_id` FOREIGN KEY (`obj_id`) REFERENCES `bagira_objects` (`o_id`) ON DELETE CASCADE ON UPDATE CASCADE;

--
-- Constraints for table `bagira___subscribe_user`
--
ALTER TABLE `bagira___subscribe_user`
  ADD CONSTRAINT `bagira___subscribe_user_fk_obj_id` FOREIGN KEY (`obj_id`) REFERENCES `bagira_objects` (`o_id`) ON DELETE CASCADE ON UPDATE CASCADE;

--
-- Constraints for table `bagira___subscription`
--
ALTER TABLE `bagira___subscription`
  ADD CONSTRAINT `bagira___subscription_fk_obj_id` FOREIGN KEY (`obj_id`) REFERENCES `bagira_objects` (`o_id`) ON DELETE CASCADE ON UPDATE CASCADE;

--
-- Constraints for table `bagira___user`
--
ALTER TABLE `bagira___user`
  ADD CONSTRAINT `bagira___user_fk_obj_id` FOREIGN KEY (`obj_id`) REFERENCES `bagira_objects` (`o_id`) ON DELETE CASCADE ON UPDATE CASCADE;

--
-- Constraints for table `bagira___user_group`
--
ALTER TABLE `bagira___user_group`
  ADD CONSTRAINT `bagira___user_group_fk_obj_id` FOREIGN KEY (`obj_id`) REFERENCES `bagira_objects` (`o_id`) ON DELETE CASCADE ON UPDATE CASCADE;

--
-- Constraints for table `bagira___vote`
--
ALTER TABLE `bagira___vote`
  ADD CONSTRAINT `bagira___vote_fk_obj_id` FOREIGN KEY (`obj_id`) REFERENCES `bagira_objects` (`o_id`) ON DELETE CASCADE ON UPDATE CASCADE;
