-- phpMyAdmin SQL Dump
-- version 3.5.1
-- http://www.phpmyadmin.net
--
-- Хост: openserver:3306
-- Время создания: Июл 13 2012 г., 09:34
-- Версия сервера: 5.1.63-community-log
-- Версия PHP: 5.2.17

SET SQL_MODE="NO_AUTO_VALUE_ON_ZERO";
SET time_zone = "+00:00";


/*!40101 SET @OLD_CHARACTER_SET_CLIENT=@@CHARACTER_SET_CLIENT */;
/*!40101 SET @OLD_CHARACTER_SET_RESULTS=@@CHARACTER_SET_RESULTS */;
/*!40101 SET @OLD_COLLATION_CONNECTION=@@COLLATION_CONNECTION */;
/*!40101 SET NAMES utf8 */;

--
-- База данных: `bagira`
--

-- --------------------------------------------------------

--
-- Структура таблицы `bagira_classes`
--

CREATE TABLE IF NOT EXISTS `bagira_classes` (
  `c_id` int(11) NOT NULL AUTO_INCREMENT,
  `c_parent_id` int(11) DEFAULT NULL,
  `c_name` varchar(100) DEFAULT NULL,
  `c_sname` varchar(50) NOT NULL,
  `c_text` varchar(50) DEFAULT NULL,
  `c_base_class` int(11) DEFAULT NULL,
  `c_system` tinyint(1) DEFAULT NULL,
  `c_is_list` tinyint(1) DEFAULT NULL,
  `c_is_page` tinyint(1) DEFAULT NULL,
  PRIMARY KEY (`c_id`),
  KEY `c_parent_id` (`c_parent_id`),
  KEY `bagira_classes_ibfk_2` (`c_base_class`)
) ENGINE=InnoDB  DEFAULT CHARSET=cp1251 AUTO_INCREMENT=76 ;

--
-- Дамп данных таблицы `bagira_classes`
--

INSERT INTO `bagira_classes` (`c_id`, `c_parent_id`, `c_name`, `c_sname`, `c_text`, `c_base_class`, `c_system`, `c_is_list`, `c_is_page`) VALUES
(27, NULL, 'Раздел сайта', 'section', 'раздел, раздела', NULL, 1, 0, 1),
(29, NULL, 'Справочник', 'handbook', '', NULL, 1, 1, 0),
(33, NULL, 'Группа пользователей', 'user_group', '', NULL, 1, 1, 0),
(34, NULL, 'Пользователь', 'user', 'пользователя, пользователя', NULL, 1, 1, 0),
(35, 29, 'Пол', 'sex', '', NULL, 1, 1, 0),
(45, 27, 'Страница', 'page', 'страницу, страницы', NULL, 1, 0, 1),
(46, 27, 'Категория', 'category', 'категорию, категории', NULL, 1, 0, 1),
(47, 27, 'Новость', 'news', 'новость, новости', 48, 1, 0, 1),
(48, 27, 'Фотография', 'photo', 'фотографию, фотографии', NULL, 1, 0, 1),
(49, 27, 'Файл для скачивания', 'file', 'файл, файла', NULL, 1, 0, 1),
(50, 27, 'Обратная связь', 'feedback', 'объект, объекта', NULL, 1, 0, 1),
(51, 50, 'Вопрос / ответ', 'faq', 'вопрос, вопроса', NULL, 1, 0, 1),
(52, 50, 'Отзыв', 'review', 'отзыв, отзыва', NULL, 1, 0, 1),
(53, 27, 'Голосование', 'vote', 'голосование, голосования', NULL, 1, 0, 1),
(55, NULL, 'Вариант ответа', 'answer', '', NULL, 1, 1, 0),
(56, NULL, 'Форма обратной связи', 'feedback_form', '', NULL, 1, 0, 0),
(57, NULL, 'Категория рассылки', 'subscription', '', NULL, 1, 1, 0),
(58, NULL, 'Выпуск рассылки', 'subscribe_msg', '', NULL, 1, 0, 0),
(59, NULL, 'Подписчик', 'subscribe_user', '', NULL, 1, 0, 0),
(60, 46, 'Новостная лента', 'news_feed', 'новостную ленту, новостной ленты', 47, 1, 0, 1),
(61, 46, 'Фотоальбом', 'gallery', 'фотоальбом, фотоальбома', 48, 1, 0, 1),
(62, 46, 'Раздел Вопрос/Ответ', 'category_faq', 'категорию, категории', 51, 1, 0, 1),
(63, 46, 'Раздел Отзывы', 'category_review', 'категорию, категории', 52, 1, 0, 1),
(66, 27, 'Товар', 'goods', 'товар, товара', 48, 0, 0, 1),
(68, NULL, 'Заказ (Интернет-магазин)', 'eshop_order', '', NULL, 0, 0, 0),
(69, NULL, 'Статус заказа (Интернет-магазин)', 'eshop_status', '', NULL, 0, 1, 0),
(70, NULL, 'Способ оплаты (Интернет-магазин)', 'eshop_payment_method', '', NULL, 0, 1, 0),
(71, NULL, 'Способ доставки (Интернет-магазин)', 'eshop_delivery_method', '', NULL, 0, 1, 0),
(72, NULL, 'Товар в заказе (Интернет-магазин)', 'eshop_goods', '', NULL, 0, 0, 0),
(73, 29, 'Для поля &quot;Гарантия&quot;', 'list_garantiya', '', NULL, 0, 1, 0),
(74, 29, 'Для поля &quot;Страна производитель&quot;', 'list_strana_proizvoditel', '', NULL, 0, 1, 0),
(75, 29, 'Для поля &quot;Возможные цвета корпуса&quot;', 'list_color', '', NULL, 0, 1, 0);

-- --------------------------------------------------------

--
-- Структура таблицы `bagira_comments`
--

CREATE TABLE IF NOT EXISTS `bagira_comments` (
  `c_id` int(11) NOT NULL AUTO_INCREMENT,
  `c_parent_id` int(11) DEFAULT NULL,
  `c_obj_id` int(11) NOT NULL,
  `c_active` int(1) NOT NULL,
  `c_user_id` int(11) DEFAULT NULL,
  `c_username` varchar(255) NOT NULL,
  `c_email` varchar(255) NOT NULL,
  `c_publ_date` datetime NOT NULL,
  `c_text` text NOT NULL,
  `c_send_email` int(1) NOT NULL,
  `c_rate` int(11) NOT NULL,
  `c_parram` varchar(255) NOT NULL,
  PRIMARY KEY (`c_id`),
  KEY `c_obj_id` (`c_obj_id`),
  KEY `c_parent_id` (`c_parent_id`)
) ENGINE=InnoDB  DEFAULT CHARSET=cp1251 AUTO_INCREMENT=58 ;

--
-- Дамп данных таблицы `bagira_comments`
--

INSERT INTO `bagira_comments` (`c_id`, `c_parent_id`, `c_obj_id`, `c_active`, `c_user_id`, `c_username`, `c_email`, `c_publ_date`, `c_text`, `c_send_email`, `c_rate`, `c_parram`) VALUES
(51, NULL, 1765, 1, 29, 'Иван', 'test@test.ru', '2011-06-22 09:20:23', 'В «Музыкальном автомате» можно найти первую джазовую звукозапись, на которой Original Dixieland Jazz Band играет «Блюз конюшни» (Livery Stable Blues). ', 0, 0, ''),
(52, 51, 1765, 1, 29, 'Вася', 'test@test.ru', '2011-06-22 09:20:42', 'Библиотека Конгресса обладает крупнейшей коллекцией исторических звукозаписей в стране. Они хранятся и оцифровываются в отделении библиотеки в Вирджинии. Именно оттуда они поступают в «Музыкальный автомат».', 0, 2, ''),
(53, NULL, 1764, 1, 29, 'Мария', 'test@test.ru', '2011-06-22 09:21:16', 'Среди выпускниц разных лет можно встретить известные фамилии: Дюпон, Рокфеллер или вот Уоллис Симпсон – барышня, ради которой британский монарх Эдуард Восьмой отрекся от престола.', 0, 0, ''),
(54, NULL, 1764, 1, 29, 'Даша', 'test@test.ru', '2011-06-22 09:21:52', 'Ми-ми-ми! В конце церемонии – объятия подруг, друзей, родственников. Слезы расставания. ', 0, 0, ''),
(55, 54, 1764, 1, 29, 'Мария', 'test@test.ru', '2011-06-22 09:22:25', 'Ага.  И каждая ученица торжественно, с поклоном, подходила к трону и клала свой букет к ногам королевы. ', 0, 0, ''),
(56, NULL, 1611, 1, 29, 'Иван', 'test@test.ru', '2011-06-22 09:22:50', 'Ребята в Microsoft, конечно же, молодцы.', 0, 1, ''),
(57, NULL, 1611, 1, 29, 'Вася', 'test@test.ru', '2011-06-22 09:23:22', 'Знаете вы, или нет, WP7 не предполагает, что вам понадобится сделать снимок экрана.', 0, 0, '');

-- --------------------------------------------------------

--
-- Структура таблицы `bagira_domains`
--

CREATE TABLE IF NOT EXISTS `bagira_domains` (
  `d_id` int(11) NOT NULL AUTO_INCREMENT,
  `d_name` varchar(50) DEFAULT NULL,
  `d_domain_id` int(11) DEFAULT NULL,
  `d_def_lang` int(11) DEFAULT NULL,
  `d_sitename` varchar(100) NOT NULL,
  `d_email` varchar(100) NOT NULL,
  `d_online` tinyint(1) NOT NULL,
  `d_offline_msg` text NOT NULL,
  `d_error_msg` text NOT NULL,
  PRIMARY KEY (`d_id`),
  KEY `d_def_lang` (`d_def_lang`),
  KEY `d_domain_id` (`d_domain_id`)
) ENGINE=InnoDB  DEFAULT CHARSET=cp1251 AUTO_INCREMENT=2 ;

--
-- Дамп данных таблицы `bagira_domains`
--

INSERT INTO `bagira_domains` (`d_id`, `d_name`, `d_domain_id`, `d_def_lang`, `d_sitename`, `d_email`, `d_online`, `d_offline_msg`, `d_error_msg`) VALUES
(1, 'bagira-cms.ru', NULL, 1, 'Bagira.CMS', 'test@test.ru', 1, 'На сайте ведутся профилактические работы, пожалуйста зайдите позже!', 'Сайт не исправен, пожалуйста зайдите позже!');

-- --------------------------------------------------------

--
-- Структура таблицы `bagira_fgroup`
--

CREATE TABLE IF NOT EXISTS `bagira_fgroup` (
  `fg_id` int(11) NOT NULL AUTO_INCREMENT,
  `fg_class_id` int(11) NOT NULL,
  `fg_position` int(5) NOT NULL,
  `fg_name` varchar(50) NOT NULL,
  `fg_sname` varchar(50) NOT NULL,
  `fg_view` tinyint(1) DEFAULT NULL,
  `fg_system` tinyint(1) NOT NULL,
  `fg_is_clone` tinyint(1) DEFAULT NULL,
  PRIMARY KEY (`fg_id`),
  KEY `fg_class_id` (`fg_class_id`)
) ENGINE=InnoDB  DEFAULT CHARSET=cp1251 AUTO_INCREMENT=120 ;

--
-- Дамп данных таблицы `bagira_fgroup`
--

INSERT INTO `bagira_fgroup` (`fg_id`, `fg_class_id`, `fg_position`, `fg_name`, `fg_sname`, `fg_view`, `fg_system`, `fg_is_clone`) VALUES
(41, 27, 1, 'Основное', 'base', 1, 1, 0),
(43, 27, 2, 'Параметры', 'param', 1, 1, 0),
(49, 33, 4, 'Основное', 'base', 1, 1, 0),
(50, 34, 1, 'Основное', 'base', 1, 1, 0),
(51, 34, 2, 'Служебные', 'systems', 0, 1, 0),
(52, 29, 1, 'Основное', 'base', 1, 0, 0),
(53, 35, 1, 'Основное', 'base', 1, 1, 1),
(64, 45, 1, 'Основное', 'base', 1, 1, 1),
(65, 45, 2, 'Параметры', 'param', 1, 1, 1),
(66, 46, 1, 'Основное', 'base', 1, 1, 1),
(67, 46, 2, 'Параметры', 'param', 1, 1, 1),
(68, 47, 1, 'Основное', 'base', 1, 1, 1),
(69, 47, 2, 'Параметры', 'param', 1, 1, 1),
(70, 48, 1, 'Основное', 'base', 1, 1, 1),
(71, 48, 2, 'Параметры', 'param', 1, 1, 1),
(72, 49, 1, 'Основное', 'base', 1, 1, 1),
(73, 49, 2, 'Параметры', 'param', 1, 1, 1),
(74, 50, 1, 'Основное', 'base', 1, 1, 1),
(75, 50, 3, 'Параметры', 'param', 1, 1, 1),
(76, 50, 2, 'Служебные', 'system', 0, 1, 0),
(77, 51, 1, 'Основное', 'base', 1, 1, 1),
(78, 51, 2, 'Служебные', 'system', 0, 1, 1),
(79, 51, 3, 'Параметры', 'param', 1, 1, 1),
(80, 52, 1, 'Основное', 'base', 1, 1, 1),
(81, 52, 2, 'Служебные', 'system', 0, 1, 1),
(82, 52, 3, 'Параметры', 'param', 1, 1, 1),
(83, 53, 1, 'Основное', 'base', 1, 1, 1),
(84, 53, 2, 'Параметры', 'param', 1, 1, 1),
(86, 55, 1, 'Основное', 'base', 1, 1, 0),
(87, 56, 1, 'Основное', 'base', 1, 1, 0),
(88, 56, 2, 'Шаблон письма администратору', 'admin_templ', 1, 1, 0),
(89, 56, 3, 'Шаблон письма уведомления', 'notice_templ', 1, 1, 0),
(90, 56, 4, 'Шаблон пиcьма ответа', 'answer_templ', 1, 1, 0),
(91, 57, 1, 'Основное', 'base', 1, 1, 0),
(92, 58, 1, 'Основное', 'base', 1, 1, 0),
(93, 59, 1, 'Основное', 'base', 1, 1, 0),
(94, 60, 1, 'Основное', 'base', 1, 1, 1),
(95, 60, 2, 'Параметры', 'param', 1, 1, 1),
(96, 61, 1, 'Основное', 'base', 1, 1, 1),
(97, 61, 2, 'Параметры', 'param', 1, 1, 1),
(98, 62, 1, 'Основное', 'base', 1, 1, 1),
(99, 62, 2, 'Параметры', 'param', 1, 1, 1),
(100, 63, 1, 'Основное', 'base', 1, 1, 1),
(101, 63, 2, 'Параметры', 'param', 1, 1, 1),
(102, 58, 2, 'Системные', 'system', 0, 1, 0),
(105, 66, 1, 'Основное', 'base', 1, 0, 1),
(106, 66, 3, 'Параметры', 'param', 1, 0, 1),
(108, 68, 1, 'Основное', 'base', 1, 0, 0),
(109, 69, 1, 'Основное', 'base', 1, 0, 0),
(110, 70, 1, 'Основное', 'base', 1, 0, 0),
(111, 71, 1, 'Основное', 'base', 1, 0, 0),
(112, 68, 3, 'Информация о доставке', 'delivery', 1, 0, 0),
(113, 68, 2, 'Информация об оплате', 'payment', 1, 0, 0),
(114, 72, 1, 'Основное', 'base', 1, 0, 0),
(115, 69, 2, 'Письмо пользователю', 'email', 1, 0, 0),
(116, 66, 2, 'Характеристики', 'property', 1, 0, 0),
(117, 73, 1, 'Основное', 'base', 1, 0, 1),
(118, 74, 1, 'Основное', 'base', 1, 0, 1),
(119, 75, 1, 'Основное', 'base', 1, 0, 1);

-- --------------------------------------------------------

--
-- Структура таблицы `bagira_fields`
--

CREATE TABLE IF NOT EXISTS `bagira_fields` (
  `f_id` int(11) NOT NULL AUTO_INCREMENT,
  `f_group_id` int(11) NOT NULL,
  `f_position` int(5) DEFAULT NULL,
  `f_name` varchar(70) DEFAULT NULL,
  `f_sname` varchar(50) NOT NULL,
  `f_hint` varchar(255) NOT NULL,
  `f_type` int(11) DEFAULT NULL,
  `f_list_id` int(11) DEFAULT NULL,
  `f_max_size` int(11) NOT NULL,
  `f_view` tinyint(1) DEFAULT NULL,
  `f_search` tinyint(1) DEFAULT NULL,
  `f_inherit` tinyint(1) DEFAULT NULL,
  `f_filter` tinyint(1) DEFAULT NULL,
  `f_required` tinyint(1) DEFAULT NULL,
  `f_system` tinyint(1) NOT NULL,
  `f_is_clone` tinyint(1) NOT NULL,
  `f_uniqum` tinyint(1) NOT NULL,
  `f_quick_add` tinyint(1) NOT NULL,
  `f_relation` int(1) NOT NULL,
  `f_spec` int(1) NOT NULL,
  PRIMARY KEY (`f_id`),
  KEY `f_group_id` (`f_group_id`),
  KEY `f_list_id` (`f_list_id`)
) ENGINE=InnoDB  DEFAULT CHARSET=cp1251 AUTO_INCREMENT=1690 ;

--
-- Дамп данных таблицы `bagira_fields`
--

INSERT INTO `bagira_fields` (`f_id`, `f_group_id`, `f_position`, `f_name`, `f_sname`, `f_hint`, `f_type`, `f_list_id`, `f_max_size`, `f_view`, `f_search`, `f_inherit`, `f_filter`, `f_required`, `f_system`, `f_is_clone`, `f_uniqum`, `f_quick_add`, `f_relation`, `f_spec`) VALUES
(29, 41, 3, 'Заголовок', 'h1', '', 10, NULL, 0, 1, 1, 1, 0, 1, 1, 0, 0, 0, 0, 0),
(30, 41, 5, 'Заголовок окна', 'title', '', 10, NULL, 0, 1, 1, 1, 0, 1, 1, 0, 0, 0, 0, 0),
(31, 41, 4, 'Ключевые слова', 'keywords', '', 10, NULL, 0, 1, 0, 1, 0, 0, 1, 0, 0, 0, 0, 0),
(32, 41, 6, 'Мето описание', 'description', '', 10, NULL, 0, 1, 0, 1, 0, 0, 1, 0, 0, 0, 0, 0),
(183, 43, 1, 'Активность', 'active', '', 50, NULL, 0, 1, 0, 1, 0, 0, 1, 0, 0, 0, 0, 0),
(189, 43, 5, 'Участвует в поиске', 'in_search', '', 50, NULL, 0, 1, 0, 1, 0, 0, 1, 0, 0, 0, 0, 0),
(215, 41, 2, 'Псевдо адрес', 'pseudo_url', '', 10, NULL, 0, 1, 0, 1, 0, 1, 1, 0, 0, 0, 0, 0),
(245, 49, 2, 'Активность', 'active', '', 50, NULL, 0, 1, 0, 1, 0, 0, 1, 0, 0, 0, 0, 0),
(246, 49, 3, 'Примечания', 'notice', '', 55, NULL, 0, 1, 0, 1, 0, 0, 1, 0, 0, 0, 0, 0),
(247, 50, 5, 'E-mail', 'email', 'На этот ящик будут приходить системные увелдомления. А так же сюда при необходимости отправляется забытый пароль.', 15, NULL, 0, 1, 0, 1, 1, 1, 1, 0, 1, 0, 0, 0),
(248, 50, 7, 'Пароль', 'password', 'Пароль должен состоять минимум из 6 символов. Лучше использовать более длинный пароль сгенерированный автоматически.', 35, NULL, 0, 1, 0, 1, 0, 1, 1, 0, 0, 0, 0, 0),
(249, 50, 4, 'Фамилия', 'surname', '', 10, NULL, 0, 1, 0, 1, 0, 0, 0, 0, 0, 0, 0, 0),
(250, 50, 1, 'Логин', 'login', 'В качестве логина так же можно использовать адрес электронного ящика.', 10, NULL, 0, 1, 0, 1, 1, 1, 1, 0, 1, 0, 0, 0),
(251, 50, 12, 'Пол', 'sex', '', 90, 35, 0, 1, 0, 1, 0, 0, 0, 0, 0, 0, 0, 0),
(253, 50, 13, 'День рождения', 'happy_day', '', 25, NULL, 0, 1, 0, 1, 0, 0, 0, 0, 0, 0, 0, 0),
(254, 50, 2, 'Активность', 'active', '', 50, NULL, 0, 1, 0, 1, 0, 0, 1, 0, 0, 0, 0, 0),
(255, 50, 11, '', '', '', 0, NULL, 0, 0, 0, 1, 0, 0, 1, 0, 0, 0, 0, 0),
(256, 51, 1, 'Последний вход', 'last_visit', '', 32, NULL, 0, 0, 0, 1, 0, 0, 1, 0, 0, 0, 0, 0),
(257, 51, 2, 'Последний IP', 'last_ip', '', 10, NULL, 0, 0, 0, 1, 0, 0, 1, 0, 0, 0, 0, 0),
(268, 50, 10, 'Аватара', 'avatara', '', 75, NULL, 100000, 1, 0, 1, 0, 0, 1, 0, 0, 0, 0, 0),
(272, 49, 4, '', '', '', 0, NULL, 0, 0, 0, 1, 0, 0, 1, 0, 0, 0, 0, 0),
(273, 49, 5, '', '', '', 0, NULL, 0, 0, 0, 1, 0, 0, 1, 0, 0, 0, 0, 0),
(274, 51, 3, 'Количество неправильных вводов пароля', 'error_passw', '', 40, NULL, 0, 0, 0, 1, 0, 0, 1, 0, 0, 0, 0, 0),
(275, 50, 14, 'Модуль по умолчанию', 'def_modul', '', 40, NULL, 0, 1, 0, 1, 0, 0, 1, 0, 0, 0, 0, 0),
(303, 43, 2, 'Домашняя страница', 'is_home_page', '', 50, NULL, 0, 1, 0, 1, 0, 0, 1, 0, 0, 0, 0, 0),
(304, 43, 3, 'Отображать в меню', 'view_in_menu', '', 50, NULL, 0, 1, 0, 1, 0, 0, 1, 0, 0, 0, 0, 0),
(305, 43, 6, 'Индексировать поисковиками', 'in_index', '', 50, NULL, 0, 1, 0, 1, 0, 0, 1, 0, 0, 0, 0, 0),
(306, 43, 17, 'Рисунок заголовка страницы', 'img_h1', '', 75, NULL, 0, 1, 0, 1, 0, 0, 1, 0, 0, 0, 0, 0),
(307, 43, 15, 'Рисунок активного пункта меню', 'img_act', '', 75, NULL, 0, 1, 0, 1, 0, 0, 1, 0, 0, 0, 0, 0),
(308, 43, 16, 'Рисунок не активного пункта меню', 'img_no_act', '', 75, NULL, 0, 1, 0, 1, 0, 0, 1, 0, 0, 0, 0, 0),
(309, 43, 13, '', '', '', 0, NULL, 0, 0, 0, 1, 0, 0, 1, 0, 0, 0, 0, 0),
(427, 41, 8, '', '', '', 0, NULL, 0, 0, 0, 1, 0, 0, 1, 0, 0, 0, 0, 0),
(575, 43, 7, 'Открывать в новом окне', 'in_new_window', '', 50, NULL, 0, 1, 0, 1, 0, 0, 1, 0, 0, 0, 0, 0),
(587, 43, 8, 'Ссылка', 'other_link', 'Используйте, если необходимо, чтобы данный пункт меню ссылался на другой ресурс. Здесь вы можете указать внешнюю или внутреннюю ссылку.', 20, NULL, 0, 1, 0, 1, 0, 0, 1, 0, 0, 0, 0, 0),
(743, 43, 4, 'Показывать подменю', 'view_submenu', '', 50, NULL, 0, 1, 0, 1, 0, 0, 1, 0, 0, 0, 0, 0),
(1095, 51, 4, 'Флаг md5', 'md5_flag', 'Используется для восстановления пароля и активации новых пользователей.', 10, NULL, 0, 0, 0, 1, 0, 0, 1, 0, 0, 0, 0, 0),
(1096, 52, 1, 'Имя', 'name', '', 10, NULL, 0, 1, 0, 1, 0, 1, 0, 0, 0, 0, 0, 0),
(1097, 53, 2, 'Название', 'name', '', 10, NULL, 0, 1, 0, 1, 0, 1, 1, 1, 0, 0, 0, 0),
(1098, 49, 1, 'Название', 'name', '', 10, NULL, 0, 1, 0, 1, 0, 1, 1, 0, 0, 0, 0, 0),
(1099, 50, 3, 'Имя', 'name', '', 10, NULL, 0, 1, 0, 1, 1, 1, 1, 0, 0, 0, 0, 0),
(1100, 41, 1, 'Название', 'name', '', 10, NULL, 0, 1, 1, 1, 0, 1, 1, 0, 0, 0, 0, 0),
(1129, 64, 1, 'Название', 'name', '', 10, NULL, 0, 1, 1, 1, 0, 1, 1, 1, 0, 0, 0, 0),
(1130, 64, 2, 'Псевдо адрес', 'pseudo_url', '', 10, NULL, 0, 1, 0, 1, 0, 1, 1, 1, 0, 0, 0, 0),
(1131, 64, 3, 'Заголовок', 'h1', '', 10, NULL, 0, 1, 1, 1, 0, 1, 1, 1, 0, 0, 0, 0),
(1132, 64, 4, 'Ключевые слова', 'keywords', '', 10, NULL, 0, 1, 0, 1, 0, 0, 1, 1, 0, 0, 0, 0),
(1133, 64, 5, 'Заголовок окна', 'title', '', 10, NULL, 0, 1, 1, 1, 0, 1, 1, 1, 0, 0, 0, 0),
(1134, 64, 6, 'Мето описание', 'description', '', 10, NULL, 0, 1, 0, 1, 0, 0, 1, 1, 0, 0, 0, 0),
(1135, 64, 8, '', '', '', 0, NULL, 0, 0, 0, 1, 0, 0, 1, 1, 0, 0, 0, 0),
(1136, 65, 1, 'Активность', 'active', '', 50, NULL, 0, 1, 0, 1, 0, 0, 1, 1, 0, 0, 0, 0),
(1137, 65, 2, 'Домашняя страница', 'is_home_page', '', 50, NULL, 0, 1, 0, 1, 0, 0, 1, 1, 0, 0, 0, 0),
(1138, 65, 3, 'Отображать в меню', 'view_in_menu', '', 50, NULL, 0, 1, 0, 1, 0, 0, 1, 1, 0, 0, 0, 0),
(1139, 65, 4, 'Показывать подменю', 'view_submenu', '', 50, NULL, 0, 1, 0, 1, 0, 0, 1, 1, 0, 0, 0, 0),
(1140, 65, 5, 'Участвует в поиске', 'in_search', '', 50, NULL, 0, 1, 0, 1, 0, 0, 1, 1, 0, 0, 0, 0),
(1141, 65, 6, 'Индексировать поисковиками', 'in_index', '', 50, NULL, 0, 1, 0, 1, 0, 0, 1, 1, 0, 0, 0, 0),
(1142, 65, 7, 'Открывать в новом окне', 'in_new_window', '', 50, NULL, 0, 1, 0, 1, 0, 0, 1, 1, 0, 0, 0, 0),
(1143, 65, 8, 'Ссылка', 'other_link', 'Используйте, если необходимо, чтобы данный пункт меню ссылался на другой ресурс. Здесь вы можете указать внешнюю или внутреннюю ссылку.', 20, NULL, 0, 1, 0, 1, 0, 0, 1, 1, 0, 0, 0, 0),
(1144, 65, 10, '', '', '', 0, NULL, 0, 0, 0, 1, 0, 0, 1, 1, 0, 0, 0, 0),
(1145, 65, 11, 'Рисунок активного пункта меню', 'img_act', '', 75, NULL, 0, 1, 0, 1, 0, 0, 1, 1, 0, 0, 0, 0),
(1146, 65, 12, 'Рисунок не активного пункта меню', 'img_no_act', '', 75, NULL, 0, 1, 0, 1, 0, 0, 1, 1, 0, 0, 0, 0),
(1147, 65, 13, 'Рисунок заголовка страницы', 'img_h1', '', 75, NULL, 0, 1, 0, 1, 0, 0, 1, 1, 0, 0, 0, 0),
(1149, 66, 1, 'Название', 'name', '', 10, NULL, 0, 1, 1, 1, 0, 1, 1, 1, 0, 0, 0, 0),
(1150, 66, 2, 'Псевдо адрес', 'pseudo_url', '', 10, NULL, 0, 1, 0, 1, 0, 1, 1, 1, 0, 0, 0, 0),
(1151, 66, 3, 'Заголовок', 'h1', '', 10, NULL, 0, 1, 1, 1, 0, 1, 1, 1, 0, 0, 0, 0),
(1152, 66, 4, 'Ключевые слова', 'keywords', '', 10, NULL, 0, 1, 0, 1, 0, 0, 1, 1, 0, 0, 0, 0),
(1153, 66, 5, 'Заголовок окна', 'title', '', 10, NULL, 0, 1, 1, 1, 0, 1, 1, 1, 0, 0, 0, 0),
(1154, 66, 6, 'Мето описание', 'description', '', 10, NULL, 0, 1, 0, 1, 0, 0, 1, 1, 0, 0, 0, 0),
(1155, 66, 8, '', '', '', 0, NULL, 0, 0, 0, 1, 0, 0, 1, 1, 0, 0, 0, 0),
(1156, 67, 1, 'Активность', 'active', '', 50, NULL, 0, 1, 0, 1, 0, 0, 1, 1, 0, 0, 0, 0),
(1157, 67, 2, 'Домашняя страница', 'is_home_page', '', 50, NULL, 0, 1, 0, 1, 0, 0, 1, 1, 0, 0, 0, 0),
(1158, 67, 3, 'Отображать в меню', 'view_in_menu', '', 50, NULL, 0, 1, 0, 1, 0, 0, 1, 1, 0, 0, 0, 0),
(1159, 67, 4, 'Показывать подменю', 'view_submenu', '', 50, NULL, 0, 1, 0, 1, 0, 0, 1, 1, 0, 0, 0, 0),
(1160, 67, 5, 'Участвует в поиске', 'in_search', '', 50, NULL, 0, 1, 0, 1, 0, 0, 1, 1, 0, 0, 0, 0),
(1161, 67, 6, 'Индексировать поисковиками', 'in_index', '', 50, NULL, 0, 1, 0, 1, 0, 0, 1, 1, 0, 0, 0, 0),
(1162, 67, 7, 'Открывать в новом окне', 'in_new_window', '', 50, NULL, 0, 1, 0, 1, 0, 0, 1, 1, 0, 0, 0, 0),
(1163, 67, 10, 'Ссылка', 'other_link', 'Используйте, если необходимо, чтобы данный пункт меню ссылался на другой ресурс. Здесь вы можете указать внешнюю или внутреннюю ссылку.', 20, NULL, 0, 1, 0, 1, 0, 0, 1, 1, 0, 0, 0, 0),
(1164, 67, 12, '', '', '', 0, NULL, 0, 0, 0, 1, 0, 0, 1, 1, 0, 0, 0, 0),
(1165, 67, 13, 'Рисунок активного пункта меню', 'img_act', '', 75, NULL, 0, 1, 0, 1, 0, 0, 1, 1, 0, 0, 0, 0),
(1166, 67, 14, 'Рисунок не активного пункта меню', 'img_no_act', '', 75, NULL, 0, 1, 0, 1, 0, 0, 1, 1, 0, 0, 0, 0),
(1167, 67, 15, 'Рисунок заголовка страницы', 'img_h1', '', 75, NULL, 0, 1, 0, 1, 0, 0, 1, 1, 0, 0, 0, 0),
(1168, 67, 8, 'Количество элементов на странице', 'number_of_items', '', 40, NULL, 0, 1, 0, 1, 0, 0, 1, 0, 0, 0, 0, 0),
(1169, 67, 9, 'Способ сортировки содержимого', 'order_by', 'Задает способ сортировки подразделов в списке. Используется SQL-подобный синтаксис, например: &quot;name DESC&quot;. Изменяйте данное поле только, если вы уверены в своих действиях.', 10, NULL, 0, 1, 0, 1, 0, 0, 1, 0, 0, 0, 0, 0),
(1170, 68, 1, 'Название', 'name', '', 10, NULL, 0, 1, 1, 1, 0, 1, 1, 1, 0, 0, 0, 0),
(1171, 68, 2, 'Псевдо адрес', 'pseudo_url', '', 10, NULL, 0, 1, 0, 1, 0, 1, 1, 1, 0, 0, 0, 0),
(1172, 68, 3, 'Заголовок', 'h1', '', 10, NULL, 0, 1, 1, 1, 0, 1, 1, 1, 0, 0, 0, 0),
(1173, 68, 4, 'Ключевые слова', 'keywords', '', 10, NULL, 0, 1, 0, 1, 0, 0, 1, 1, 0, 0, 0, 0),
(1174, 68, 5, 'Заголовок окна', 'title', '', 10, NULL, 0, 1, 1, 1, 0, 1, 1, 1, 0, 0, 0, 0),
(1175, 68, 6, 'Мето описание', 'description', '', 10, NULL, 0, 1, 0, 1, 0, 0, 1, 1, 0, 0, 0, 0),
(1176, 68, 8, '', '', '', 0, NULL, 0, 0, 0, 1, 0, 0, 1, 1, 0, 0, 0, 0),
(1177, 69, 1, 'Активность', 'active', '', 50, NULL, 0, 1, 0, 1, 0, 0, 1, 1, 0, 0, 0, 0),
(1178, 69, 2, 'Домашняя страница', 'is_home_page', '', 50, NULL, 0, 1, 0, 1, 0, 0, 1, 1, 0, 0, 0, 0),
(1179, 69, 3, 'Отображать в меню', 'view_in_menu', '', 50, NULL, 0, 1, 0, 1, 0, 0, 1, 1, 0, 0, 0, 0),
(1180, 69, 4, 'Показывать подменю', 'view_submenu', '', 50, NULL, 0, 1, 0, 1, 0, 0, 1, 1, 0, 0, 0, 0),
(1181, 69, 5, 'Участвует в поиске', 'in_search', '', 50, NULL, 0, 1, 0, 1, 0, 0, 1, 1, 0, 0, 0, 0),
(1182, 69, 6, 'Индексировать поисковиками', 'in_index', '', 50, NULL, 0, 1, 0, 1, 0, 0, 1, 1, 0, 0, 0, 0),
(1183, 69, 7, 'Открывать в новом окне', 'in_new_window', '', 50, NULL, 0, 1, 0, 1, 0, 0, 1, 1, 0, 0, 0, 0),
(1184, 69, 8, 'Ссылка', 'other_link', 'Используйте, если необходимо, чтобы данный пункт меню ссылался на другой ресурс. Здесь вы можете указать внешнюю или внутреннюю ссылку.', 20, NULL, 0, 1, 0, 1, 0, 0, 1, 1, 0, 0, 0, 0),
(1185, 69, 10, '', '', '', 0, NULL, 0, 0, 0, 1, 0, 0, 1, 1, 0, 0, 0, 0),
(1186, 69, 11, 'Рисунок активного пункта меню', 'img_act', '', 75, NULL, 0, 1, 0, 1, 0, 0, 1, 1, 0, 0, 0, 0),
(1187, 69, 12, 'Рисунок не активного пункта меню', 'img_no_act', '', 75, NULL, 0, 1, 0, 1, 0, 0, 1, 1, 0, 0, 0, 0),
(1188, 69, 13, 'Рисунок заголовка страницы', 'img_h1', '', 75, NULL, 0, 1, 0, 1, 0, 0, 1, 1, 0, 0, 0, 0),
(1189, 68, 13, 'Дата публикации', 'publ_date', '', 32, NULL, 0, 1, 0, 1, 1, 1, 1, 0, 0, 0, 0, 0),
(1190, 68, 16, 'Картинка', 'image', '', 75, NULL, 0, 1, 0, 1, 1, 0, 1, 0, 0, 0, 0, 0),
(1191, 68, 17, 'Анонс новости', 'notice', '', 60, NULL, 0, 1, 1, 1, 1, 0, 1, 0, 0, 0, 0, 0),
(1192, 68, 18, 'Содержание', 'content', '', 60, NULL, 0, 1, 1, 1, 0, 0, 1, 0, 0, 0, 0, 0),
(1193, 70, 1, 'Название', 'name', '', 10, NULL, 0, 1, 1, 1, 0, 1, 1, 1, 0, 0, 0, 0),
(1194, 70, 2, 'Псевдо адрес', 'pseudo_url', '', 10, NULL, 0, 1, 0, 1, 0, 1, 1, 1, 0, 0, 0, 0),
(1195, 70, 3, 'Заголовок', 'h1', '', 10, NULL, 0, 1, 1, 1, 0, 1, 1, 1, 0, 0, 0, 0),
(1196, 70, 4, 'Ключевые слова', 'keywords', '', 10, NULL, 0, 1, 0, 1, 0, 0, 1, 1, 0, 0, 0, 0),
(1197, 70, 5, 'Заголовок окна', 'title', '', 10, NULL, 0, 1, 1, 1, 0, 1, 1, 1, 0, 0, 0, 0),
(1198, 70, 6, 'Мето описание', 'description', '', 10, NULL, 0, 1, 0, 1, 0, 0, 1, 1, 0, 0, 0, 0),
(1199, 70, 8, '', '', '', 0, NULL, 0, 0, 0, 1, 0, 0, 1, 1, 0, 0, 0, 0),
(1200, 71, 1, 'Активность', 'active', '', 50, NULL, 0, 1, 0, 1, 0, 0, 1, 1, 0, 0, 0, 0),
(1201, 71, 2, 'Домашняя страница', 'is_home_page', '', 50, NULL, 0, 1, 0, 1, 0, 0, 1, 1, 0, 0, 0, 0),
(1202, 71, 3, 'Отображать в меню', 'view_in_menu', '', 50, NULL, 0, 1, 0, 1, 0, 0, 1, 1, 0, 0, 0, 0),
(1203, 71, 4, 'Показывать подменю', 'view_submenu', '', 50, NULL, 0, 1, 0, 1, 0, 0, 1, 1, 0, 0, 0, 0),
(1204, 71, 5, 'Участвует в поиске', 'in_search', '', 50, NULL, 0, 1, 0, 1, 0, 0, 1, 1, 0, 0, 0, 0),
(1205, 71, 6, 'Индексировать поисковиками', 'in_index', '', 50, NULL, 0, 1, 0, 1, 0, 0, 1, 1, 0, 0, 0, 0),
(1206, 71, 7, 'Открывать в новом окне', 'in_new_window', '', 50, NULL, 0, 1, 0, 1, 0, 0, 1, 1, 0, 0, 0, 0),
(1207, 71, 8, 'Ссылка', 'other_link', 'Используйте, если необходимо, чтобы данный пункт меню ссылался на другой ресурс. Здесь вы можете указать внешнюю или внутреннюю ссылку.', 20, NULL, 0, 1, 0, 1, 0, 0, 1, 1, 0, 0, 0, 0),
(1208, 71, 10, '', '', '', 0, NULL, 0, 0, 0, 1, 0, 0, 1, 1, 0, 0, 0, 0),
(1209, 71, 11, 'Рисунок активного пункта меню', 'img_act', '', 75, NULL, 0, 1, 0, 1, 0, 0, 1, 1, 0, 0, 0, 0),
(1210, 71, 12, 'Рисунок не активного пункта меню', 'img_no_act', '', 75, NULL, 0, 1, 0, 1, 0, 0, 1, 1, 0, 0, 0, 0),
(1211, 71, 13, 'Рисунок заголовка страницы', 'img_h1', '', 75, NULL, 0, 1, 0, 1, 0, 0, 1, 1, 0, 0, 0, 0),
(1212, 70, 9, 'Фотография', 'image', '', 75, NULL, 0, 1, 0, 1, 0, 1, 1, 0, 0, 0, 0, 0),
(1213, 72, 1, 'Название', 'name', '', 10, NULL, 0, 1, 1, 1, 0, 1, 1, 1, 0, 0, 0, 0),
(1214, 72, 2, 'Псевдо адрес', 'pseudo_url', '', 10, NULL, 0, 1, 0, 1, 0, 1, 1, 1, 0, 0, 0, 0),
(1215, 72, 3, 'Заголовок', 'h1', '', 10, NULL, 0, 1, 1, 1, 0, 1, 1, 1, 0, 0, 0, 0),
(1216, 72, 4, 'Ключевые слова', 'keywords', '', 10, NULL, 0, 1, 0, 1, 0, 0, 1, 1, 0, 0, 0, 0),
(1217, 72, 5, 'Заголовок окна', 'title', '', 10, NULL, 0, 1, 1, 1, 0, 1, 1, 1, 0, 0, 0, 0),
(1218, 72, 6, 'Мето описание', 'description', '', 10, NULL, 0, 1, 0, 1, 0, 0, 1, 1, 0, 0, 0, 0),
(1219, 72, 8, '', '', '', 0, NULL, 0, 0, 0, 1, 0, 0, 1, 1, 0, 0, 0, 0),
(1220, 73, 1, 'Активность', 'active', '', 50, NULL, 0, 1, 0, 1, 0, 0, 1, 1, 0, 0, 0, 0),
(1221, 73, 2, 'Домашняя страница', 'is_home_page', '', 50, NULL, 0, 1, 0, 1, 0, 0, 1, 1, 0, 0, 0, 0),
(1222, 73, 3, 'Отображать в меню', 'view_in_menu', '', 50, NULL, 0, 1, 0, 1, 0, 0, 1, 1, 0, 0, 0, 0),
(1223, 73, 4, 'Показывать подменю', 'view_submenu', '', 50, NULL, 0, 1, 0, 1, 0, 0, 1, 1, 0, 0, 0, 0),
(1224, 73, 5, 'Участвует в поиске', 'in_search', '', 50, NULL, 0, 1, 0, 1, 0, 0, 1, 1, 0, 0, 0, 0),
(1225, 73, 6, 'Индексировать поисковиками', 'in_index', '', 50, NULL, 0, 1, 0, 1, 0, 0, 1, 1, 0, 0, 0, 0),
(1226, 73, 7, 'Открывать в новом окне', 'in_new_window', '', 50, NULL, 0, 1, 0, 1, 0, 0, 1, 1, 0, 0, 0, 0),
(1227, 73, 8, 'Ссылка', 'other_link', 'Используйте, если необходимо, чтобы данный пункт меню ссылался на другой ресурс. Здесь вы можете указать внешнюю или внутреннюю ссылку.', 20, NULL, 0, 1, 0, 1, 0, 0, 1, 1, 0, 0, 0, 0),
(1228, 73, 10, '', '', '', 0, NULL, 0, 0, 0, 1, 0, 0, 1, 1, 0, 0, 0, 0),
(1229, 73, 11, 'Рисунок активного пункта меню', 'img_act', '', 75, NULL, 0, 1, 0, 1, 0, 0, 1, 1, 0, 0, 0, 0),
(1230, 73, 12, 'Рисунок не активного пункта меню', 'img_no_act', '', 75, NULL, 0, 1, 0, 1, 0, 0, 1, 1, 0, 0, 0, 0),
(1231, 73, 13, 'Рисунок заголовка страницы', 'img_h1', '', 75, NULL, 0, 1, 0, 1, 0, 0, 1, 1, 0, 0, 0, 0),
(1232, 72, 9, 'Файл для скачивания', 'file', '', 70, NULL, 0, 1, 0, 1, 0, 1, 1, 0, 0, 0, 0, 0),
(1233, 74, 1, 'Название', 'name', '', 10, NULL, 0, 1, 1, 1, 0, 1, 1, 1, 0, 0, 0, 0),
(1234, 74, 2, 'Псевдо адрес', 'pseudo_url', '', 10, NULL, 0, 1, 0, 1, 0, 1, 1, 1, 0, 0, 0, 0),
(1235, 74, 3, 'Заголовок', 'h1', '', 10, NULL, 0, 1, 1, 1, 0, 1, 1, 1, 0, 0, 0, 0),
(1236, 74, 4, 'Ключевые слова', 'keywords', '', 10, NULL, 0, 1, 0, 1, 0, 0, 1, 1, 0, 0, 0, 0),
(1237, 74, 5, 'Заголовок окна', 'title', '', 10, NULL, 0, 1, 1, 1, 0, 1, 1, 1, 0, 0, 0, 0),
(1238, 74, 6, 'Мето описание', 'description', '', 10, NULL, 0, 1, 0, 1, 0, 0, 1, 1, 0, 0, 0, 0),
(1239, 74, 8, '', '', '', 0, NULL, 0, 0, 0, 1, 0, 0, 1, 1, 0, 0, 0, 0),
(1240, 75, 1, 'Активность', 'active', '', 50, NULL, 0, 1, 0, 1, 0, 0, 1, 1, 0, 0, 0, 0),
(1241, 75, 2, 'Домашняя страница', 'is_home_page', '', 50, NULL, 0, 1, 0, 1, 0, 0, 1, 1, 0, 0, 0, 0),
(1242, 75, 3, 'Отображать в меню', 'view_in_menu', '', 50, NULL, 0, 1, 0, 1, 0, 0, 1, 1, 0, 0, 0, 0),
(1243, 75, 4, 'Показывать подменю', 'view_submenu', '', 50, NULL, 0, 1, 0, 1, 0, 0, 1, 1, 0, 0, 0, 0),
(1244, 75, 5, 'Участвует в поиске', 'in_search', '', 50, NULL, 0, 1, 0, 1, 0, 0, 1, 1, 0, 0, 0, 0),
(1245, 75, 6, 'Индексировать поисковиками', 'in_index', '', 50, NULL, 0, 1, 0, 1, 0, 0, 1, 1, 0, 0, 0, 0),
(1246, 75, 7, 'Открывать в новом окне', 'in_new_window', '', 50, NULL, 0, 1, 0, 1, 0, 0, 1, 1, 0, 0, 0, 0),
(1247, 75, 8, 'Ссылка', 'other_link', 'Используйте, если необходимо, чтобы данный пункт меню ссылался на другой ресурс. Здесь вы можете указать внешнюю или внутреннюю ссылку.', 20, NULL, 0, 1, 0, 1, 0, 0, 1, 1, 0, 0, 0, 0),
(1248, 75, 10, '', '', '', 0, NULL, 0, 0, 0, 1, 0, 0, 1, 1, 0, 0, 0, 0),
(1249, 75, 11, 'Рисунок активного пункта меню', 'img_act', '', 75, NULL, 0, 1, 0, 1, 0, 0, 1, 1, 0, 0, 0, 0),
(1250, 75, 12, 'Рисунок не активного пункта меню', 'img_no_act', '', 75, NULL, 0, 1, 0, 1, 0, 0, 1, 1, 0, 0, 0, 0),
(1251, 75, 13, 'Рисунок заголовка страницы', 'img_h1', '', 75, NULL, 0, 1, 0, 1, 0, 0, 1, 1, 0, 0, 0, 0),
(1252, 74, 9, 'E-mail', 'email', '', 15, NULL, 0, 1, 0, 1, 0, 0, 1, 0, 0, 0, 0, 0),
(1253, 74, 10, 'Сообщение', 'content', '', 55, NULL, 0, 1, 1, 1, 0, 1, 1, 0, 0, 0, 0, 0),
(1254, 74, 11, 'Ответ', 'answer', '', 60, NULL, 0, 1, 1, 1, 0, 0, 1, 0, 0, 0, 0, 0),
(1255, 76, 1, 'Форма создавшая объект', 'form_id', '', 40, NULL, 0, 0, 0, 1, 0, 0, 1, 0, 0, 0, 0, 0),
(1256, 76, 2, 'Ответ отправлен пользователю на почту', 'send_answer_to_user', '', 50, NULL, 0, 0, 0, 1, 0, 0, 1, 0, 0, 0, 0, 0),
(1257, 77, 1, 'Название', 'name', '', 10, NULL, 0, 1, 1, 1, 0, 1, 1, 1, 0, 0, 0, 0),
(1258, 77, 2, 'Псевдо адрес', 'pseudo_url', '', 10, NULL, 0, 1, 0, 1, 0, 1, 1, 1, 0, 0, 0, 0),
(1259, 77, 3, 'Заголовок', 'h1', '', 10, NULL, 0, 1, 1, 1, 0, 1, 1, 1, 0, 0, 0, 0),
(1260, 77, 4, 'Ключевые слова', 'keywords', '', 10, NULL, 0, 1, 0, 1, 0, 0, 1, 1, 0, 0, 0, 0),
(1261, 77, 5, 'Заголовок окна', 'title', '', 10, NULL, 0, 1, 1, 1, 0, 1, 1, 1, 0, 0, 0, 0),
(1262, 77, 6, 'Мето описание', 'description', '', 10, NULL, 0, 1, 0, 1, 0, 0, 1, 1, 0, 0, 0, 0),
(1263, 77, 8, '', '', '', 0, NULL, 0, 0, 0, 1, 0, 0, 1, 1, 0, 0, 0, 0),
(1264, 77, 9, 'E-mail', 'email', '', 15, NULL, 0, 1, 0, 1, 0, 0, 1, 1, 0, 0, 0, 0),
(1265, 77, 10, 'Сообщение', 'content', '', 55, NULL, 0, 1, 1, 1, 0, 1, 1, 1, 0, 0, 0, 0),
(1266, 77, 11, 'Ответ', 'answer', '', 60, NULL, 0, 1, 1, 1, 0, 0, 1, 1, 0, 0, 0, 0),
(1267, 78, 1, 'Форма создавшая объект', 'form_id', '', 40, NULL, 0, 0, 0, 1, 0, 0, 1, 1, 0, 0, 0, 0),
(1268, 78, 2, 'Ответ отправлен пользователю на почту', 'send_answer_to_user', '', 50, NULL, 0, 0, 0, 1, 0, 0, 1, 1, 0, 0, 0, 0),
(1269, 79, 1, 'Активность', 'active', '', 50, NULL, 0, 1, 0, 1, 0, 0, 1, 1, 0, 0, 0, 0),
(1270, 79, 2, 'Домашняя страница', 'is_home_page', '', 50, NULL, 0, 1, 0, 1, 0, 0, 1, 1, 0, 0, 0, 0),
(1271, 79, 3, 'Отображать в меню', 'view_in_menu', '', 50, NULL, 0, 1, 0, 1, 0, 0, 1, 1, 0, 0, 0, 0),
(1272, 79, 4, 'Показывать подменю', 'view_submenu', '', 50, NULL, 0, 1, 0, 1, 0, 0, 1, 1, 0, 0, 0, 0),
(1273, 79, 5, 'Участвует в поиске', 'in_search', '', 50, NULL, 0, 1, 0, 1, 0, 0, 1, 1, 0, 0, 0, 0),
(1274, 79, 6, 'Индексировать поисковиками', 'in_index', '', 50, NULL, 0, 1, 0, 1, 0, 0, 1, 1, 0, 0, 0, 0),
(1275, 79, 7, 'Открывать в новом окне', 'in_new_window', '', 50, NULL, 0, 1, 0, 1, 0, 0, 1, 1, 0, 0, 0, 0),
(1276, 79, 8, 'Ссылка', 'other_link', 'Используйте, если необходимо, чтобы данный пункт меню ссылался на другой ресурс. Здесь вы можете указать внешнюю или внутреннюю ссылку.', 20, NULL, 0, 1, 0, 1, 0, 0, 1, 1, 0, 0, 0, 0),
(1277, 79, 10, '', '', '', 0, NULL, 0, 0, 0, 1, 0, 0, 1, 1, 0, 0, 0, 0),
(1278, 79, 11, 'Рисунок активного пункта меню', 'img_act', '', 75, NULL, 0, 1, 0, 1, 0, 0, 1, 1, 0, 0, 0, 0),
(1279, 79, 12, 'Рисунок не активного пункта меню', 'img_no_act', '', 75, NULL, 0, 1, 0, 1, 0, 0, 1, 1, 0, 0, 0, 0),
(1280, 79, 13, 'Рисунок заголовка страницы', 'img_h1', '', 75, NULL, 0, 1, 0, 1, 0, 0, 1, 1, 0, 0, 0, 0),
(1281, 80, 1, 'Название', 'name', '', 10, NULL, 0, 1, 1, 1, 0, 1, 1, 1, 0, 0, 0, 0),
(1282, 80, 2, 'Псевдо адрес', 'pseudo_url', '', 10, NULL, 0, 1, 0, 1, 0, 1, 1, 1, 0, 0, 0, 0),
(1283, 80, 3, 'Заголовок', 'h1', '', 10, NULL, 0, 1, 1, 1, 0, 1, 1, 1, 0, 0, 0, 0),
(1284, 80, 4, 'Ключевые слова', 'keywords', '', 10, NULL, 0, 1, 0, 1, 0, 0, 1, 1, 0, 0, 0, 0),
(1285, 80, 5, 'Заголовок окна', 'title', '', 10, NULL, 0, 1, 1, 1, 0, 1, 1, 1, 0, 0, 0, 0),
(1286, 80, 6, 'Мето описание', 'description', '', 10, NULL, 0, 1, 0, 1, 0, 0, 1, 1, 0, 0, 0, 0),
(1287, 80, 8, '', '', '', 0, NULL, 0, 0, 0, 1, 0, 0, 1, 1, 0, 0, 0, 0),
(1288, 80, 9, 'E-mail', 'email', '', 15, NULL, 0, 1, 0, 1, 0, 0, 1, 1, 0, 0, 0, 0),
(1289, 80, 10, 'Сообщение', 'content', '', 55, NULL, 0, 1, 1, 1, 0, 1, 1, 1, 0, 0, 0, 0),
(1290, 80, 11, 'Ответ', 'answer', '', 60, NULL, 0, 1, 1, 1, 0, 0, 1, 1, 0, 0, 0, 0),
(1291, 81, 1, 'Форма создавшая объект', 'form_id', '', 40, NULL, 0, 0, 0, 1, 0, 0, 1, 1, 0, 0, 0, 0),
(1292, 81, 2, 'Ответ отправлен пользователю на почту', 'send_answer_to_user', '', 50, NULL, 0, 0, 0, 1, 0, 0, 1, 1, 0, 0, 0, 0),
(1293, 82, 1, 'Активность', 'active', '', 50, NULL, 0, 1, 0, 1, 0, 0, 1, 1, 0, 0, 0, 0),
(1294, 82, 2, 'Домашняя страница', 'is_home_page', '', 50, NULL, 0, 1, 0, 1, 0, 0, 1, 1, 0, 0, 0, 0),
(1295, 82, 3, 'Отображать в меню', 'view_in_menu', '', 50, NULL, 0, 1, 0, 1, 0, 0, 1, 1, 0, 0, 0, 0),
(1296, 82, 4, 'Показывать подменю', 'view_submenu', '', 50, NULL, 0, 1, 0, 1, 0, 0, 1, 1, 0, 0, 0, 0),
(1297, 82, 5, 'Участвует в поиске', 'in_search', '', 50, NULL, 0, 1, 0, 1, 0, 0, 1, 1, 0, 0, 0, 0),
(1298, 82, 6, 'Индексировать поисковиками', 'in_index', '', 50, NULL, 0, 1, 0, 1, 0, 0, 1, 1, 0, 0, 0, 0),
(1299, 82, 7, 'Открывать в новом окне', 'in_new_window', '', 50, NULL, 0, 1, 0, 1, 0, 0, 1, 1, 0, 0, 0, 0),
(1300, 82, 8, 'Ссылка', 'other_link', 'Используйте, если необходимо, чтобы данный пункт меню ссылался на другой ресурс. Здесь вы можете указать внешнюю или внутреннюю ссылку.', 20, NULL, 0, 1, 0, 1, 0, 0, 1, 1, 0, 0, 0, 0),
(1301, 82, 10, '', '', '', 0, NULL, 0, 0, 0, 1, 0, 0, 1, 1, 0, 0, 0, 0),
(1302, 82, 11, 'Рисунок активного пункта меню', 'img_act', '', 75, NULL, 0, 1, 0, 1, 0, 0, 1, 1, 0, 0, 0, 0),
(1303, 82, 12, 'Рисунок не активного пункта меню', 'img_no_act', '', 75, NULL, 0, 1, 0, 1, 0, 0, 1, 1, 0, 0, 0, 0),
(1304, 82, 13, 'Рисунок заголовка страницы', 'img_h1', '', 75, NULL, 0, 1, 0, 1, 0, 0, 1, 1, 0, 0, 0, 0),
(1305, 83, 1, 'Название', 'name', '', 10, NULL, 0, 1, 1, 1, 0, 1, 1, 1, 0, 0, 0, 0),
(1306, 83, 2, 'Псевдо адрес', 'pseudo_url', '', 10, NULL, 0, 1, 0, 1, 0, 1, 1, 1, 0, 0, 0, 0),
(1307, 83, 3, 'Заголовок', 'h1', '', 10, NULL, 0, 1, 1, 1, 0, 1, 1, 1, 0, 0, 0, 0),
(1308, 83, 4, 'Ключевые слова', 'keywords', '', 10, NULL, 0, 1, 0, 1, 0, 0, 1, 1, 0, 0, 0, 0),
(1309, 83, 5, 'Заголовок окна', 'title', '', 10, NULL, 0, 1, 1, 1, 0, 1, 1, 1, 0, 0, 0, 0),
(1310, 83, 6, 'Мето описание', 'description', '', 10, NULL, 0, 1, 0, 1, 0, 0, 1, 1, 0, 0, 0, 0),
(1311, 83, 8, '', '', '', 0, NULL, 0, 0, 0, 1, 0, 0, 1, 1, 0, 0, 0, 0),
(1312, 84, 1, 'Активность', 'active', '', 50, NULL, 0, 1, 0, 1, 0, 0, 1, 1, 0, 0, 0, 0),
(1313, 84, 2, 'Домашняя страница', 'is_home_page', '', 50, NULL, 0, 1, 0, 1, 0, 0, 1, 1, 0, 0, 0, 0),
(1314, 84, 3, 'Отображать в меню', 'view_in_menu', '', 50, NULL, 0, 1, 0, 1, 0, 0, 1, 1, 0, 0, 0, 0),
(1315, 84, 4, 'Показывать подменю', 'view_submenu', '', 50, NULL, 0, 1, 0, 1, 0, 0, 1, 1, 0, 0, 0, 0),
(1316, 84, 5, 'Участвует в поиске', 'in_search', '', 50, NULL, 0, 1, 0, 1, 0, 0, 1, 1, 0, 0, 0, 0),
(1317, 84, 6, 'Индексировать поисковиками', 'in_index', '', 50, NULL, 0, 1, 0, 1, 0, 0, 1, 1, 0, 0, 0, 0),
(1318, 84, 7, 'Открывать в новом окне', 'in_new_window', '', 50, NULL, 0, 1, 0, 1, 0, 0, 1, 1, 0, 0, 0, 0),
(1319, 84, 8, 'Ссылка', 'other_link', 'Используйте, если необходимо, чтобы данный пункт меню ссылался на другой ресурс. Здесь вы можете указать внешнюю или внутреннюю ссылку.', 20, NULL, 0, 1, 0, 1, 0, 0, 1, 1, 0, 0, 0, 0),
(1320, 84, 10, '', '', '', 0, NULL, 0, 0, 0, 1, 0, 0, 1, 1, 0, 0, 0, 0),
(1321, 84, 11, 'Рисунок активного пункта меню', 'img_act', '', 75, NULL, 0, 1, 0, 1, 0, 0, 1, 1, 0, 0, 0, 0),
(1322, 84, 12, 'Рисунок не активного пункта меню', 'img_no_act', '', 75, NULL, 0, 1, 0, 1, 0, 0, 1, 1, 0, 0, 0, 0),
(1323, 84, 13, 'Рисунок заголовка страницы', 'img_h1', '', 75, NULL, 0, 1, 0, 1, 0, 0, 1, 1, 0, 0, 0, 0),
(1324, 83, 9, 'Дата публикации', 'publ_date', '', 25, NULL, 0, 1, 0, 1, 0, 1, 1, 0, 0, 0, 0, 0),
(1325, 83, 10, 'Голосование закрыто', 'close', '', 50, NULL, 0, 1, 0, 1, 0, 0, 1, 0, 0, 0, 0, 0),
(1326, 83, 11, 'Текст вопроса', 'question', '', 55, NULL, 0, 1, 1, 1, 0, 1, 1, 0, 0, 0, 0, 0),
(1328, 83, 12, 'Варианты ответов', 'answers', '', 97, 55, 0, 1, 0, 1, 0, 0, 1, 0, 0, 0, 0, 0),
(1329, 83, 13, 'Разрешить выбирать несколько значений', 'multiselect', '', 50, NULL, 0, 1, 0, 1, 0, 0, 1, 0, 0, 0, 0, 0),
(1330, 86, 1, 'Название', 'name', '', 10, NULL, 0, 1, 0, 1, 0, 1, 1, 0, 0, 0, 0, 0),
(1331, 86, 2, 'Голосов', 'count', '', 40, NULL, 0, 1, 0, 1, 0, 1, 1, 0, 0, 0, 0, 0),
(1332, 87, 1, 'Название', 'name', '', 10, NULL, 0, 1, 0, 1, 0, 1, 1, 0, 0, 0, 0, 0),
(1333, 87, 2, 'Форма создается на основе', 'form_class', '', 40, NULL, 0, 1, 0, 1, 0, 0, 1, 0, 0, 0, 0, 0),
(1334, 87, 5, 'Включить защиту от спама', 'captcha', '', 50, NULL, 0, 1, 0, 1, 0, 0, 1, 0, 0, 0, 0, 0),
(1335, 87, 6, 'Добавлять в раздел', 'section', '', 100, NULL, 0, 1, 0, 1, 0, 0, 0, 0, 0, 0, 0, 0),
(1336, 87, 8, 'Сообщение для пользователя при отправке формы', 'msg', '', 60, NULL, 0, 1, 0, 1, 0, 0, 1, 0, 0, 0, 0, 0),
(1337, 88, 1, 'Отправлять это письмо на указанные адреса', 'mailing_list', '', 10, NULL, 0, 1, 0, 1, 0, 0, 1, 0, 0, 0, 0, 0),
(1338, 88, 2, '', '', '', 0, NULL, 0, 0, 0, 1, 0, 0, 1, 0, 0, 0, 0, 0),
(1339, 88, 3, 'Адрес отправителя', 'admin_sender_address', '', 10, NULL, 0, 1, 0, 1, 0, 0, 1, 0, 0, 0, 0, 0),
(1340, 88, 4, 'Имя отправителя', 'admin_sender_name', '', 10, NULL, 0, 1, 0, 1, 0, 0, 1, 0, 0, 0, 0, 0),
(1341, 88, 5, 'Тема письма', 'admin_subject', '', 10, NULL, 0, 1, 0, 1, 0, 0, 1, 0, 0, 0, 0, 0),
(1342, 88, 6, 'Шаблон письма', 'admin_template', '', 60, NULL, 0, 1, 0, 1, 0, 0, 1, 0, 0, 0, 0, 0),
(1343, 89, 1, 'Отправлять это письмо', 'send_notice', '', 50, NULL, 0, 1, 0, 1, 0, 0, 1, 0, 0, 0, 0, 0),
(1344, 89, 2, '', '', '', 0, NULL, 0, 0, 0, 1, 0, 0, 1, 0, 0, 0, 0, 0),
(1345, 89, 3, 'Адрес отправителя', 'notice_sender_address', '', 10, NULL, 0, 1, 0, 1, 0, 0, 1, 0, 0, 0, 0, 0),
(1346, 89, 4, 'Имя отправителя', 'notice_sender_name', '', 10, NULL, 0, 1, 0, 1, 0, 0, 1, 0, 0, 0, 0, 0),
(1347, 89, 5, 'Тема письма', 'notice_subject', '', 10, NULL, 0, 1, 0, 1, 0, 0, 1, 0, 0, 0, 0, 0),
(1348, 89, 6, 'Шаблон письма', 'notice_template', '', 60, NULL, 0, 1, 0, 1, 0, 0, 1, 0, 0, 0, 0, 0),
(1349, 90, 1, 'Отправлять это письмо', 'send_answer', '', 50, NULL, 0, 1, 0, 1, 0, 0, 1, 0, 0, 0, 0, 0),
(1350, 90, 2, '', '', '', 0, NULL, 0, 0, 0, 1, 0, 0, 1, 0, 0, 0, 0, 0),
(1351, 90, 3, 'Адрес отправителя', 'answer_sender_address', '', 10, NULL, 0, 1, 0, 1, 0, 0, 1, 0, 0, 0, 0, 0),
(1352, 90, 4, 'Имя отправителя', 'answer_sender_name', '', 10, NULL, 0, 1, 0, 1, 0, 0, 1, 0, 0, 0, 0, 0),
(1353, 90, 5, 'Тема письма', 'answer_subject', '', 10, NULL, 0, 1, 0, 1, 0, 0, 1, 0, 0, 0, 0, 0),
(1354, 90, 6, 'Шаблон письма', 'answer_template', '', 60, NULL, 0, 1, 0, 1, 0, 0, 1, 0, 0, 0, 0, 0),
(1355, 91, 1, 'Название', 'name', '', 10, NULL, 0, 1, 0, 1, 0, 1, 1, 0, 0, 0, 0, 0),
(1356, 91, 2, 'Активность', 'active', '', 50, NULL, 0, 1, 0, 1, 0, 0, 1, 0, 0, 0, 0, 0),
(1357, 91, 4, 'Служебное описание', 'admin_notice', '', 55, NULL, 0, 1, 0, 1, 0, 0, 1, 0, 0, 0, 0, 0),
(1358, 91, 11, 'Языковая версия', 'lang', '', 40, NULL, 0, 0, 0, 1, 0, 1, 1, 0, 0, 0, 0, 0),
(1359, 91, 12, 'Домен', 'domain', '', 40, NULL, 0, 0, 0, 1, 0, 1, 1, 0, 0, 0, 0, 0),
(1360, 92, 1, 'Название', 'name', '', 10, NULL, 0, 1, 0, 1, 0, 1, 1, 0, 0, 0, 0, 0),
(1361, 92, 2, 'Прикрепленный файл', 'file', '', 70, NULL, 0, 1, 0, 1, 0, 0, 1, 0, 0, 0, 0, 0),
(1362, 102, 1, 'Дата выпуска', 'last_subscribe', '', 32, NULL, 0, 0, 0, 1, 0, 0, 1, 0, 0, 0, 0, 0),
(1363, 92, 3, 'Текст сообщения', 'message', '', 60, NULL, 0, 1, 0, 1, 0, 0, 1, 0, 0, 0, 0, 0),
(1364, 93, 1, 'E-mail', 'name', '', 15, NULL, 0, 1, 0, 1, 0, 1, 1, 0, 1, 0, 0, 0),
(1365, 93, 3, '', '', '', 0, NULL, 0, 0, 0, 1, 0, 0, 1, 0, 0, 0, 0, 0),
(1366, 93, 4, 'Фамилия', 'second_name', '', 10, NULL, 0, 1, 0, 1, 0, 0, 1, 0, 0, 0, 0, 0),
(1367, 93, 5, 'Имя', 'first_name', '', 10, NULL, 0, 1, 0, 1, 0, 0, 1, 0, 0, 0, 0, 0),
(1368, 93, 8, 'Пользователь', 'user_id', '', 40, NULL, 0, 1, 0, 1, 0, 0, 1, 0, 0, 0, 0, 0),
(1369, 93, 2, 'Подписан на рассылки', 'subscribes', 'Для выбора нескольких значений удерживайте нажатой клавишу Ctrl', 95, 57, 0, 1, 0, 1, 0, 1, 1, 0, 0, 0, 2, 0),
(1371, 93, 7, '', '', '', 0, NULL, 0, 0, 0, 1, 0, 0, 1, 0, 0, 0, 0, 0),
(1372, 91, 13, 'Дата последней рассылки', 'last_subscribe', '', 32, NULL, 0, 0, 0, 1, 0, 0, 1, 0, 0, 0, 0, 0),
(1373, 94, 1, 'Название', 'name', '', 10, NULL, 0, 1, 1, 1, 0, 1, 1, 1, 0, 0, 0, 0),
(1374, 94, 2, 'Псевдо адрес', 'pseudo_url', '', 10, NULL, 0, 1, 0, 1, 0, 1, 1, 1, 0, 0, 0, 0),
(1375, 94, 3, 'Заголовок', 'h1', '', 10, NULL, 0, 1, 1, 1, 0, 1, 1, 1, 0, 0, 0, 0),
(1376, 94, 4, 'Ключевые слова', 'keywords', '', 10, NULL, 0, 1, 0, 1, 0, 0, 1, 1, 0, 0, 0, 0),
(1377, 94, 5, 'Заголовок окна', 'title', '', 10, NULL, 0, 1, 1, 1, 0, 1, 1, 1, 0, 0, 0, 0),
(1378, 94, 6, 'Мето описание', 'description', '', 10, NULL, 0, 1, 0, 1, 0, 0, 1, 1, 0, 0, 0, 0),
(1379, 94, 8, '', '', '', 0, NULL, 0, 0, 0, 1, 0, 0, 1, 1, 0, 0, 0, 0),
(1380, 95, 1, 'Активность', 'active', '', 50, NULL, 0, 1, 0, 1, 0, 0, 1, 1, 0, 0, 0, 0),
(1381, 95, 2, 'Домашняя страница', 'is_home_page', '', 50, NULL, 0, 1, 0, 1, 0, 0, 1, 1, 0, 0, 0, 0),
(1382, 95, 3, 'Отображать в меню', 'view_in_menu', '', 50, NULL, 0, 1, 0, 1, 0, 0, 1, 1, 0, 0, 0, 0),
(1383, 95, 4, 'Показывать подменю', 'view_submenu', '', 50, NULL, 0, 1, 0, 1, 0, 0, 1, 1, 0, 0, 0, 0),
(1384, 95, 5, 'Участвует в поиске', 'in_search', '', 50, NULL, 0, 1, 0, 1, 0, 0, 1, 1, 0, 0, 0, 0),
(1385, 95, 6, 'Индексировать поисковиками', 'in_index', '', 50, NULL, 0, 1, 0, 1, 0, 0, 1, 1, 0, 0, 0, 0),
(1386, 95, 7, 'Открывать в новом окне', 'in_new_window', '', 50, NULL, 0, 1, 0, 1, 0, 0, 1, 1, 0, 0, 0, 0),
(1387, 95, 9, 'Количество элементов на странице', 'number_of_items', '', 40, NULL, 0, 1, 0, 1, 0, 0, 1, 1, 0, 0, 0, 0),
(1388, 95, 8, 'Способ сортировки содержимого', 'order_by', 'Задает способ сортировки подразделов в списке. Используется SQL-подобный синтаксис, например: &quot;name DESC&quot;. Изменяйте данное поле только, если вы уверены в своих действиях.', 10, NULL, 0, 1, 0, 1, 0, 0, 1, 1, 0, 0, 0, 0),
(1389, 95, 10, 'Ссылка', 'other_link', 'Используйте, если необходимо, чтобы данный пункт меню ссылался на другой ресурс. Здесь вы можете указать внешнюю или внутреннюю ссылку.', 20, NULL, 0, 1, 0, 1, 0, 0, 1, 1, 0, 0, 0, 0),
(1390, 95, 12, '', '', '', 0, NULL, 0, 0, 0, 1, 0, 0, 1, 1, 0, 0, 0, 0),
(1391, 95, 13, 'Рисунок активного пункта меню', 'img_act', '', 75, NULL, 0, 1, 0, 1, 0, 0, 1, 1, 0, 0, 0, 0),
(1392, 95, 14, 'Рисунок не активного пункта меню', 'img_no_act', '', 75, NULL, 0, 1, 0, 1, 0, 0, 1, 1, 0, 0, 0, 0),
(1393, 95, 15, 'Рисунок заголовка страницы', 'img_h1', '', 75, NULL, 0, 1, 0, 1, 0, 0, 1, 1, 0, 0, 0, 0),
(1394, 96, 1, 'Название', 'name', '', 10, NULL, 0, 1, 1, 1, 0, 1, 1, 1, 0, 0, 0, 0),
(1395, 96, 2, 'Псевдо адрес', 'pseudo_url', '', 10, NULL, 0, 1, 0, 1, 0, 1, 1, 1, 0, 0, 0, 0),
(1396, 96, 3, 'Заголовок', 'h1', '', 10, NULL, 0, 1, 1, 1, 0, 1, 1, 1, 0, 0, 0, 0),
(1397, 96, 4, 'Ключевые слова', 'keywords', '', 10, NULL, 0, 1, 0, 1, 0, 0, 1, 1, 0, 0, 0, 0),
(1398, 96, 5, 'Заголовок окна', 'title', '', 10, NULL, 0, 1, 1, 1, 0, 1, 1, 1, 0, 0, 0, 0),
(1399, 96, 6, 'Мето описание', 'description', '', 10, NULL, 0, 1, 0, 1, 0, 0, 1, 1, 0, 0, 0, 0),
(1400, 96, 8, '', '', '', 0, NULL, 0, 0, 0, 1, 0, 0, 1, 1, 0, 0, 0, 0),
(1401, 97, 1, 'Активность', 'active', '', 50, NULL, 0, 1, 0, 1, 0, 0, 1, 1, 0, 0, 0, 0),
(1402, 97, 2, 'Домашняя страница', 'is_home_page', '', 50, NULL, 0, 1, 0, 1, 0, 0, 1, 1, 0, 0, 0, 0),
(1403, 97, 3, 'Отображать в меню', 'view_in_menu', '', 50, NULL, 0, 1, 0, 1, 0, 0, 1, 1, 0, 0, 0, 0),
(1404, 97, 4, 'Показывать подменю', 'view_submenu', '', 50, NULL, 0, 1, 0, 1, 0, 0, 1, 1, 0, 0, 0, 0),
(1405, 97, 5, 'Участвует в поиске', 'in_search', '', 50, NULL, 0, 1, 0, 1, 0, 0, 1, 1, 0, 0, 0, 0),
(1406, 97, 6, 'Индексировать поисковиками', 'in_index', '', 50, NULL, 0, 1, 0, 1, 0, 0, 1, 1, 0, 0, 0, 0),
(1407, 97, 7, 'Открывать в новом окне', 'in_new_window', '', 50, NULL, 0, 1, 0, 1, 0, 0, 1, 1, 0, 0, 0, 0),
(1408, 97, 8, 'Количество элементов на странице', 'number_of_items', '', 40, NULL, 0, 1, 0, 1, 0, 0, 1, 1, 0, 0, 0, 0),
(1409, 97, 9, 'Способ сортировки содержимого', 'order_by', 'Задает способ сортировки подразделов в списке. Используется SQL-подобный синтаксис, например: &quot;name DESC&quot;. Изменяйте данное поле только, если вы уверены в своих действиях.', 10, NULL, 0, 1, 0, 1, 0, 0, 1, 1, 0, 0, 0, 0),
(1410, 97, 10, 'Ссылка', 'other_link', 'Используйте, если необходимо, чтобы данный пункт меню ссылался на другой ресурс. Здесь вы можете указать внешнюю или внутреннюю ссылку.', 20, NULL, 0, 1, 0, 1, 0, 0, 1, 1, 0, 0, 0, 0),
(1411, 97, 12, '', '', '', 0, NULL, 0, 0, 0, 1, 0, 0, 1, 1, 0, 0, 0, 0),
(1412, 97, 13, 'Рисунок активного пункта меню', 'img_act', '', 75, NULL, 0, 1, 0, 1, 0, 0, 1, 1, 0, 0, 0, 0),
(1413, 97, 14, 'Рисунок не активного пункта меню', 'img_no_act', '', 75, NULL, 0, 1, 0, 1, 0, 0, 1, 1, 0, 0, 0, 0),
(1414, 97, 15, 'Рисунок заголовка страницы', 'img_h1', '', 75, NULL, 0, 1, 0, 1, 0, 0, 1, 1, 0, 0, 0, 0),
(1415, 98, 1, 'Название', 'name', '', 10, NULL, 0, 1, 1, 1, 0, 1, 1, 1, 0, 0, 0, 0),
(1416, 98, 2, 'Псевдо адрес', 'pseudo_url', '', 10, NULL, 0, 1, 0, 1, 0, 1, 1, 1, 0, 0, 0, 0),
(1417, 98, 3, 'Заголовок', 'h1', '', 10, NULL, 0, 1, 1, 1, 0, 1, 1, 1, 0, 0, 0, 0),
(1418, 98, 4, 'Ключевые слова', 'keywords', '', 10, NULL, 0, 1, 0, 1, 0, 0, 1, 1, 0, 0, 0, 0),
(1419, 98, 5, 'Заголовок окна', 'title', '', 10, NULL, 0, 1, 1, 1, 0, 1, 1, 1, 0, 0, 0, 0),
(1420, 98, 6, 'Мето описание', 'description', '', 10, NULL, 0, 1, 0, 1, 0, 0, 1, 1, 0, 0, 0, 0),
(1421, 98, 8, '', '', '', 0, NULL, 0, 0, 0, 1, 0, 0, 1, 1, 0, 0, 0, 0),
(1422, 99, 1, 'Активность', 'active', '', 50, NULL, 0, 1, 0, 1, 0, 0, 1, 1, 0, 0, 0, 0),
(1423, 99, 2, 'Домашняя страница', 'is_home_page', '', 50, NULL, 0, 1, 0, 1, 0, 0, 1, 1, 0, 0, 0, 0),
(1424, 99, 3, 'Отображать в меню', 'view_in_menu', '', 50, NULL, 0, 1, 0, 1, 0, 0, 1, 1, 0, 0, 0, 0),
(1425, 99, 4, 'Показывать подменю', 'view_submenu', '', 50, NULL, 0, 1, 0, 1, 0, 0, 1, 1, 0, 0, 0, 0),
(1426, 99, 5, 'Участвует в поиске', 'in_search', '', 50, NULL, 0, 1, 0, 1, 0, 0, 1, 1, 0, 0, 0, 0),
(1427, 99, 6, 'Индексировать поисковиками', 'in_index', '', 50, NULL, 0, 1, 0, 1, 0, 0, 1, 1, 0, 0, 0, 0),
(1428, 99, 7, 'Открывать в новом окне', 'in_new_window', '', 50, NULL, 0, 1, 0, 1, 0, 0, 1, 1, 0, 0, 0, 0),
(1429, 99, 8, 'Количество элементов на странице', 'number_of_items', '', 40, NULL, 0, 1, 0, 1, 0, 0, 1, 1, 0, 0, 0, 0),
(1430, 99, 9, 'Способ сортировки содержимого', 'order_by', 'Задает способ сортировки подразделов в списке. Используется SQL-подобный синтаксис, например: &quot;name DESC&quot;. Изменяйте данное поле только, если вы уверены в своих действиях.', 10, NULL, 0, 1, 0, 1, 0, 0, 1, 1, 0, 0, 0, 0),
(1431, 99, 10, 'Ссылка', 'other_link', 'Используйте, если необходимо, чтобы данный пункт меню ссылался на другой ресурс. Здесь вы можете указать внешнюю или внутреннюю ссылку.', 20, NULL, 0, 1, 0, 1, 0, 0, 1, 1, 0, 0, 0, 0),
(1432, 99, 12, '', '', '', 0, NULL, 0, 0, 0, 1, 0, 0, 1, 1, 0, 0, 0, 0),
(1433, 99, 13, 'Рисунок активного пункта меню', 'img_act', '', 75, NULL, 0, 1, 0, 1, 0, 0, 1, 1, 0, 0, 0, 0),
(1434, 99, 14, 'Рисунок не активного пункта меню', 'img_no_act', '', 75, NULL, 0, 1, 0, 1, 0, 0, 1, 1, 0, 0, 0, 0),
(1435, 99, 15, 'Рисунок заголовка страницы', 'img_h1', '', 75, NULL, 0, 1, 0, 1, 0, 0, 1, 1, 0, 0, 0, 0),
(1436, 100, 1, 'Название', 'name', '', 10, NULL, 0, 1, 1, 1, 0, 1, 1, 1, 0, 0, 0, 0),
(1437, 100, 2, 'Псевдо адрес', 'pseudo_url', '', 10, NULL, 0, 1, 0, 1, 0, 1, 1, 1, 0, 0, 0, 0),
(1438, 100, 3, 'Заголовок', 'h1', '', 10, NULL, 0, 1, 1, 1, 0, 1, 1, 1, 0, 0, 0, 0),
(1439, 100, 4, 'Ключевые слова', 'keywords', '', 10, NULL, 0, 1, 0, 1, 0, 0, 1, 1, 0, 0, 0, 0),
(1440, 100, 5, 'Заголовок окна', 'title', '', 10, NULL, 0, 1, 1, 1, 0, 1, 1, 1, 0, 0, 0, 0),
(1441, 100, 6, 'Мето описание', 'description', '', 10, NULL, 0, 1, 0, 1, 0, 0, 1, 1, 0, 0, 0, 0),
(1442, 100, 8, '', '', '', 0, NULL, 0, 0, 0, 1, 0, 0, 1, 1, 0, 0, 0, 0),
(1443, 101, 1, 'Активность', 'active', '', 50, NULL, 0, 1, 0, 1, 0, 0, 1, 1, 0, 0, 0, 0),
(1444, 101, 2, 'Домашняя страница', 'is_home_page', '', 50, NULL, 0, 1, 0, 1, 0, 0, 1, 1, 0, 0, 0, 0),
(1445, 101, 3, 'Отображать в меню', 'view_in_menu', '', 50, NULL, 0, 1, 0, 1, 0, 0, 1, 1, 0, 0, 0, 0),
(1446, 101, 4, 'Показывать подменю', 'view_submenu', '', 50, NULL, 0, 1, 0, 1, 0, 0, 1, 1, 0, 0, 0, 0),
(1447, 101, 5, 'Участвует в поиске', 'in_search', '', 50, NULL, 0, 1, 0, 1, 0, 0, 1, 1, 0, 0, 0, 0),
(1448, 101, 6, 'Индексировать поисковиками', 'in_index', '', 50, NULL, 0, 1, 0, 1, 0, 0, 1, 1, 0, 0, 0, 0),
(1449, 101, 7, 'Открывать в новом окне', 'in_new_window', '', 50, NULL, 0, 1, 0, 1, 0, 0, 1, 1, 0, 0, 0, 0),
(1450, 101, 8, 'Количество элементов на странице', 'number_of_items', '', 40, NULL, 0, 1, 0, 1, 0, 0, 1, 1, 0, 0, 0, 0),
(1451, 101, 9, 'Способ сортировки содержимого', 'order_by', 'Задает способ сортировки подразделов в списке. Используется SQL-подобный синтаксис, например: &quot;name DESC&quot;. Изменяйте данное поле только, если вы уверены в своих действиях.', 10, NULL, 0, 1, 0, 1, 0, 0, 1, 1, 0, 0, 0, 0),
(1452, 101, 10, 'Ссылка', 'other_link', 'Используйте, если необходимо, чтобы данный пункт меню ссылался на другой ресурс. Здесь вы можете указать внешнюю или внутреннюю ссылку.', 20, NULL, 0, 1, 0, 1, 0, 0, 1, 1, 0, 0, 0, 0),
(1453, 101, 12, '', '', '', 0, NULL, 0, 0, 0, 1, 0, 0, 1, 1, 0, 0, 0, 0),
(1454, 101, 13, 'Рисунок активного пункта меню', 'img_act', '', 75, NULL, 0, 1, 0, 1, 0, 0, 1, 1, 0, 0, 0, 0),
(1455, 101, 14, 'Рисунок не активного пункта меню', 'img_no_act', '', 75, NULL, 0, 1, 0, 1, 0, 0, 1, 1, 0, 0, 0, 0),
(1456, 101, 15, 'Рисунок заголовка страницы', 'img_h1', '', 75, NULL, 0, 1, 0, 1, 0, 0, 1, 1, 0, 0, 0, 0),
(1457, 50, 6, 'Входит в группы', 'groups', 'Для выбора нескольких значений удерживайте нажатой клавишу Ctrl', 95, 33, 0, 1, 0, 1, 0, 1, 1, 0, 0, 0, 2, 0),
(1458, 91, 8, 'Тема письма', 'subject', '', 10, NULL, 0, 1, 0, 1, 0, 1, 1, 0, 0, 0, 0, 0),
(1459, 91, 7, 'Обратный адрес', 'back_email', '', 15, NULL, 0, 1, 0, 1, 0, 1, 1, 0, 0, 0, 0, 0),
(1460, 91, 10, 'Шаблон оформления письма', 'template', '', 10, NULL, 0, 1, 0, 1, 0, 1, 1, 0, 0, 0, 0, 0),
(1461, 91, 5, '', '', '', 0, NULL, 0, 0, 0, 1, 0, 0, 1, 0, 0, 0, 0, 0),
(1462, 92, 5, 'Прикрепленные страницы', 'objects', '', 100, NULL, 0, 1, 0, 1, 0, 0, 1, 0, 0, 0, 0, 0),
(1465, 92, 4, '', '', '', 0, NULL, 0, 0, 0, 1, 0, 0, 1, 0, 0, 0, 0, 0),
(1466, 91, 6, 'Имя отправителя', 'back_name', '', 10, NULL, 0, 1, 0, 1, 0, 1, 1, 0, 0, 0, 0, 0),
(1467, 91, 3, '', '', '', 0, NULL, 0, 0, 0, 1, 0, 0, 1, 0, 0, 0, 0, 0),
(1468, 91, 9, 'Используемый формат имени', 'name_format', '', 40, NULL, 0, 1, 0, 1, 0, 0, 1, 0, 0, 0, 0, 0),
(1469, 102, 3, 'Количество не отправленных частей', 'part_count_awaiting', '', 40, NULL, 0, 0, 0, 1, 0, 0, 1, 0, 0, 0, 0, 0),
(1470, 102, 4, 'Номер неотправленной части', 'error_part_num', '', 40, NULL, 0, 0, 0, 1, 0, 0, 1, 0, 0, 0, 0, 0),
(1471, 102, 5, 'Номер незавершенной итерации', 'error_iteration_num', '', 40, NULL, 0, 0, 0, 1, 0, 0, 1, 0, 0, 0, 0, 0),
(1472, 102, 2, 'Всего частей для отправки', 'part_count', '', 40, NULL, 0, 0, 0, 1, 0, 0, 1, 0, 0, 0, 0, 0),
(1478, 64, 13, 'Содержание', 'content', '', 60, NULL, 500, 1, 1, 1, 0, 0, 1, 0, 0, 0, 0, 0),
(1490, 105, 1, 'Название', 'name', '', 10, NULL, 0, 1, 1, 1, 0, 1, 0, 1, 0, 0, 0, 0),
(1491, 105, 2, 'Псевдо адрес', 'pseudo_url', '', 10, NULL, 0, 1, 0, 1, 0, 1, 0, 1, 0, 0, 0, 0),
(1492, 105, 3, 'Заголовок', 'h1', '', 10, NULL, 0, 1, 1, 1, 0, 1, 0, 1, 0, 0, 0, 0),
(1493, 105, 4, 'Ключевые слова', 'keywords', '', 10, NULL, 0, 1, 0, 1, 0, 0, 0, 1, 0, 0, 0, 0),
(1494, 105, 5, 'Заголовок окна', 'title', '', 10, NULL, 0, 1, 1, 1, 0, 1, 0, 1, 0, 0, 0, 0),
(1495, 105, 6, 'Мето описание', 'description', '', 10, NULL, 0, 1, 0, 1, 0, 0, 0, 1, 0, 0, 0, 0),
(1496, 105, 8, '', '', '', 0, NULL, 0, 0, 0, 1, 0, 0, 0, 1, 0, 0, 0, 0),
(1497, 106, 1, 'Активность', 'active', '', 50, NULL, 0, 1, 0, 1, 0, 0, 0, 1, 0, 0, 0, 0),
(1498, 106, 2, 'Домашняя страница', 'is_home_page', '', 50, NULL, 0, 1, 0, 1, 0, 0, 0, 1, 0, 0, 0, 0),
(1499, 106, 3, 'Отображать в меню', 'view_in_menu', '', 50, NULL, 0, 1, 0, 1, 0, 0, 0, 1, 0, 0, 0, 0),
(1500, 106, 4, 'Показывать подменю', 'view_submenu', '', 50, NULL, 0, 1, 0, 1, 0, 0, 0, 1, 0, 0, 0, 0),
(1501, 106, 5, 'Участвует в поиске', 'in_search', '', 50, NULL, 0, 1, 0, 1, 0, 0, 0, 1, 0, 0, 0, 0),
(1502, 106, 6, 'Индексировать поисковиками', 'in_index', '', 50, NULL, 0, 1, 0, 1, 0, 0, 0, 1, 0, 0, 0, 0),
(1503, 106, 7, 'Открывать в новом окне', 'in_new_window', '', 50, NULL, 0, 1, 0, 1, 0, 0, 0, 1, 0, 0, 0, 0),
(1504, 106, 8, 'Ссылка', 'other_link', 'Используйте, если необходимо, чтобы данный пункт меню ссылался на другой ресурс. Здесь вы можете указать внешнюю или внутреннюю ссылку.', 20, NULL, 0, 1, 0, 1, 0, 0, 0, 1, 0, 0, 0, 0),
(1505, 106, 10, '', '', '', 0, NULL, 0, 0, 0, 1, 0, 0, 0, 1, 0, 0, 0, 0),
(1506, 106, 11, 'Рисунок активного пункта меню', 'img_act', '', 75, NULL, 0, 1, 0, 1, 0, 0, 0, 1, 0, 0, 0, 0),
(1507, 106, 12, 'Рисунок не активного пункта меню', 'img_no_act', '', 75, NULL, 0, 1, 0, 1, 0, 0, 0, 1, 0, 0, 0, 0),
(1508, 106, 13, 'Рисунок заголовка страницы', 'img_h1', '', 75, NULL, 0, 1, 0, 1, 0, 0, 0, 1, 0, 0, 0, 0),
(1509, 105, 10, 'Картинка', 'image', '', 75, NULL, 0, 1, 0, 1, 0, 0, 0, 0, 0, 0, 0, 0),
(1510, 105, 9, 'Рекомендуемая цена', 'price', '', 47, NULL, 0, 1, 0, 1, 1, 0, 0, 0, 0, 0, 0, 1);
INSERT INTO `bagira_fields` (`f_id`, `f_group_id`, `f_position`, `f_name`, `f_sname`, `f_hint`, `f_type`, `f_list_id`, `f_max_size`, `f_view`, `f_search`, `f_inherit`, `f_filter`, `f_required`, `f_system`, `f_is_clone`, `f_uniqum`, `f_quick_add`, `f_relation`, `f_spec`) VALUES
(1511, 105, 12, 'Описание', 'content', '', 60, NULL, 0, 1, 0, 1, 0, 0, 0, 0, 0, 0, 0, 0),
(1517, 96, 9, 'Фотография', 'image', '', 75, NULL, 0, 1, 0, 1, 0, 0, 1, 0, 0, 0, 0, 0),
(1519, 105, 16, 'Находится в категории', 'cat', '', 100, NULL, 0, 1, 0, 1, 0, 1, 0, 0, 0, 0, 2, 0),
(1520, 41, 7, 'Теги', 'tags', 'Укажите теги или ключевые слова перечисленные через запятую.', 105, NULL, 0, 1, 0, 1, 0, 0, 1, 0, 0, 0, 0, 0),
(1521, 64, 7, 'Теги', 'tags', 'Укажите теги или ключевые слова перечисленные через запятую.', 105, NULL, 0, 1, 0, 1, 0, 0, 1, 1, 0, 0, 0, 0),
(1522, 66, 7, 'Теги', 'tags', 'Укажите теги или ключевые слова перечисленные через запятую.', 105, NULL, 0, 1, 0, 1, 0, 0, 1, 1, 0, 0, 0, 0),
(1523, 94, 7, 'Теги', 'tags', 'Укажите теги или ключевые слова перечисленные через запятую.', 105, NULL, 0, 1, 0, 1, 0, 0, 1, 1, 0, 0, 0, 0),
(1524, 96, 7, 'Теги', 'tags', 'Укажите теги или ключевые слова перечисленные через запятую.', 105, NULL, 0, 1, 0, 1, 0, 0, 1, 1, 0, 0, 0, 0),
(1525, 98, 7, 'Теги', 'tags', 'Укажите теги или ключевые слова перечисленные через запятую.', 105, NULL, 0, 1, 0, 1, 0, 0, 1, 1, 0, 0, 0, 0),
(1526, 100, 7, 'Теги', 'tags', 'Укажите теги или ключевые слова перечисленные через запятую.', 105, NULL, 0, 1, 0, 1, 0, 0, 1, 1, 0, 0, 0, 0),
(1527, 68, 7, 'Теги', 'tags', 'Укажите теги или ключевые слова перечисленные через запятую.', 105, NULL, 0, 1, 0, 1, 0, 0, 1, 1, 0, 0, 0, 0),
(1528, 70, 7, 'Теги', 'tags', 'Укажите теги или ключевые слова перечисленные через запятую.', 105, NULL, 0, 1, 0, 1, 0, 0, 1, 1, 0, 0, 0, 0),
(1529, 72, 7, 'Теги', 'tags', 'Укажите теги или ключевые слова перечисленные через запятую.', 105, NULL, 0, 1, 0, 1, 0, 0, 1, 1, 0, 0, 0, 0),
(1530, 74, 7, 'Теги', 'tags', 'Укажите теги или ключевые слова перечисленные через запятую.', 105, NULL, 0, 1, 0, 1, 0, 0, 1, 1, 0, 0, 0, 0),
(1531, 77, 7, 'Теги', 'tags', 'Укажите теги или ключевые слова перечисленные через запятую.', 105, NULL, 0, 1, 0, 1, 0, 0, 1, 1, 0, 0, 0, 0),
(1532, 80, 7, 'Теги', 'tags', 'Укажите теги или ключевые слова перечисленные через запятую.', 105, NULL, 0, 1, 0, 1, 0, 0, 1, 1, 0, 0, 0, 0),
(1533, 83, 7, 'Теги', 'tags', 'Укажите теги или ключевые слова перечисленные через запятую.', 105, NULL, 0, 1, 0, 1, 0, 0, 1, 1, 0, 0, 0, 0),
(1534, 105, 7, 'Теги', 'tags', 'Укажите теги или ключевые слова перечисленные через запятую.', 105, NULL, 0, 1, 0, 1, 0, 0, 0, 1, 0, 0, 0, 0),
(1538, 108, 1, 'Номер заказа', 'name', '', 10, NULL, 0, 1, 0, 1, 1, 1, 0, 0, 0, 0, 0, 0),
(1539, 108, 4, 'Дата заказа', 'date', '', 32, NULL, 0, 1, 0, 1, 1, 1, 0, 0, 0, 0, 0, 0),
(1540, 108, 3, 'E-mail заказчика', 'email', '', 15, NULL, 0, 1, 0, 1, 1, 1, 0, 0, 0, 0, 0, 0),
(1541, 108, 5, 'Примечания администратора', 'notice', '', 55, NULL, 0, 1, 0, 1, 0, 0, 0, 0, 0, 0, 0, 0),
(1542, 113, 3, 'Дата оплаты', 'payment_date', '', 32, NULL, 0, 1, 0, 1, 0, 0, 0, 0, 0, 0, 0, 0),
(1543, 109, 1, 'Название', 'name', '', 10, NULL, 0, 1, 0, 1, 0, 1, 0, 0, 0, 0, 0, 0),
(1544, 110, 1, 'Название', 'name', '', 10, NULL, 0, 1, 0, 1, 0, 1, 0, 0, 0, 0, 0, 0),
(1545, 110, 2, 'Описание для сайта', 'notice', '', 55, NULL, 0, 1, 0, 1, 0, 0, 0, 0, 0, 0, 0, 0),
(1546, 111, 1, 'Название', 'name', '', 10, NULL, 0, 1, 0, 1, 0, 1, 0, 0, 0, 0, 0, 0),
(1547, 111, 3, 'Описание для сайта', 'notice', '', 55, NULL, 0, 1, 0, 1, 0, 0, 0, 0, 0, 0, 0, 0),
(1548, 115, 3, 'Заголовок письма', 'email_title', '', 10, NULL, 0, 1, 0, 1, 0, 0, 0, 0, 0, 0, 0, 0),
(1549, 115, 4, 'Текст сообщения', 'email_msg', '', 60, NULL, 0, 1, 0, 1, 0, 0, 0, 0, 0, 0, 0, 0),
(1550, 115, 1, 'Информировать покупателя о присвоении этого статуса', 'info', '', 50, NULL, 0, 1, 0, 1, 0, 0, 0, 0, 0, 0, 0, 0),
(1551, 109, 4, 'Описание для администратора', 'notice', '', 55, NULL, 0, 1, 0, 1, 0, 1, 0, 0, 0, 0, 0, 0),
(1553, 109, 2, 'Порядковый номер', 'number', '', 40, NULL, 0, 1, 0, 1, 0, 1, 0, 0, 0, 0, 0, 0),
(1554, 108, 2, 'Статус заказа', 'state', '', 90, 69, 0, 1, 0, 1, 1, 1, 0, 0, 0, 0, 0, 0),
(1555, 112, 3, 'Имя', 'delivery_name', '', 10, NULL, 0, 1, 0, 1, 0, 1, 0, 0, 0, 0, 0, 0),
(1556, 112, 4, 'Фамилия', 'delivery_surname', '', 10, NULL, 0, 1, 0, 1, 0, 1, 0, 0, 0, 0, 0, 0),
(1557, 112, 5, 'Телефон', 'delivery_phone', '', 10, NULL, 0, 1, 0, 1, 0, 1, 0, 0, 0, 0, 0, 0),
(1558, 112, 6, 'Адрес доставки', 'delivery_address', '', 55, NULL, 0, 1, 0, 1, 0, 1, 0, 0, 0, 0, 0, 0),
(1559, 112, 7, 'Дополнителная информация', 'delivery_notice', '', 55, NULL, 0, 1, 0, 1, 0, 0, 0, 0, 0, 0, 0, 0),
(1560, 111, 2, 'Добавочная стоимость', 'price', '', 47, NULL, 0, 1, 0, 1, 0, 0, 0, 0, 0, 0, 0, 0),
(1561, 112, 1, 'Способ доставки', 'delivery', '', 90, 71, 0, 1, 0, 1, 0, 1, 0, 0, 0, 0, 0, 0),
(1562, 112, 2, '', '', '', 0, NULL, 0, 0, 0, 1, 0, 0, 0, 0, 0, 0, 0, 0),
(1563, 113, 4, 'Сумма оплаты', 'payment_cost', '', 47, NULL, 0, 1, 0, 1, 0, 0, 0, 0, 0, 0, 0, 0),
(1564, 113, 1, 'Способ оплаты', 'payment', '', 90, 70, 0, 0, 0, 1, 0, 0, 0, 0, 0, 0, 0, 0),
(1565, 113, 2, '', '', '', 0, NULL, 0, 0, 0, 1, 0, 0, 0, 0, 0, 0, 0, 0),
(1566, 113, 5, 'Оплачено', 'is_payment', '', 50, NULL, 0, 1, 0, 1, 0, 0, 0, 0, 0, 0, 0, 0),
(1567, 114, 1, 'Название', 'name', '', 10, NULL, 0, 0, 0, 1, 0, 0, 0, 0, 0, 0, 0, 0),
(1568, 114, 2, 'Количество', 'count', '', 40, NULL, 0, 1, 0, 1, 0, 1, 0, 0, 0, 0, 0, 0),
(1569, 114, 3, 'Стоимость', 'cost', '', 47, NULL, 0, 1, 0, 1, 0, 1, 0, 0, 0, 0, 0, 0),
(1570, 114, 4, 'Товар', 'goods_id', '', 40, NULL, 0, 1, 0, 1, 0, 1, 0, 0, 0, 0, 0, 0),
(1571, 109, 3, 'Разрешить удалять заказы с этим статусом', 'is_delete', '', 50, NULL, 0, 1, 0, 1, 0, 0, 0, 0, 0, 0, 0, 0),
(1572, 115, 2, '', '', '', 0, NULL, 0, 0, 0, 1, 0, 0, 0, 0, 0, 0, 0, 0),
(1573, 105, 11, 'Количество', 'count', '', 40, NULL, 0, 1, 0, 1, 0, 0, 0, 0, 0, 0, 0, 0),
(1627, 105, 15, 'Сопутствующие товары', 'related_products', '', 100, NULL, 0, 1, 0, 1, 0, 0, 0, 0, 0, 0, 0, 0),
(1628, 105, 14, 'Аксессуары', 'accessories', '', 100, NULL, 0, 1, 0, 1, 0, 0, 0, 0, 0, 0, 0, 0),
(1630, 105, 17, 'Рейтинг пользователей', 'rate', '', 45, NULL, 0, 0, 0, 1, 0, 0, 0, 0, 0, 0, 0, 0),
(1631, 94, 9, 'RSS-экспорт', 'rss_export', '', 50, NULL, 0, 1, 0, 1, 0, 0, 1, 0, 0, 0, 0, 0),
(1647, 116, 6, 'Размеры и вес', '', '', 0, NULL, 0, 0, 0, 1, 0, 0, 0, 0, 0, 0, 0, 0),
(1648, 116, 7, 'Вес нетто (кг)', 'ves_netto', '', 10, NULL, 0, 1, 0, 1, 0, 0, 0, 0, 0, 0, 0, 0),
(1649, 116, 8, 'Вес брутто (кг)', 'ves_brutto', '', 10, NULL, 0, 1, 0, 1, 0, 0, 0, 0, 0, 0, 0, 0),
(1650, 116, 9, 'Высота (мм)', 'height', '', 10, NULL, 0, 1, 0, 1, 0, 0, 0, 0, 0, 0, 0, 0),
(1651, 116, 10, 'Ширина (мм)', 'width', '', 10, NULL, 0, 1, 0, 1, 0, 0, 0, 0, 0, 0, 0, 0),
(1652, 116, 11, 'Длина (мм)', 'length', '', 10, NULL, 0, 1, 0, 1, 0, 0, 0, 0, 0, 0, 0, 0),
(1653, 116, 4, 'Мощность (кВт)', 'moshchnost', '', 10, NULL, 0, 1, 0, 1, 1, 0, 0, 0, 0, 0, 0, 0),
(1654, 116, 1, 'Страна производитель', 'strana_proizvoditel', '', 90, 74, 0, 1, 0, 1, 1, 1, 0, 0, 0, 1, 0, 0),
(1655, 117, 1, 'Имя', 'name', '', 10, NULL, 0, 1, 0, 1, 0, 1, 0, 1, 0, 0, 0, 0),
(1656, 116, 2, 'Гарантия', 'garantiya', '', 90, 73, 0, 1, 0, 1, 1, 1, 0, 0, 0, 1, 0, 0),
(1657, 118, 1, 'Имя', 'name', '', 10, NULL, 0, 1, 0, 1, 0, 1, 0, 1, 0, 0, 0, 0),
(1658, 116, 3, 'Разное', '', '', 0, NULL, 0, 0, 0, 1, 0, 0, 0, 0, 0, 0, 0, 0),
(1659, 119, 1, 'Имя', 'name', '', 10, NULL, 0, 1, 0, 1, 0, 1, 0, 1, 0, 0, 0, 0),
(1660, 116, 5, 'Возможные цвета корпуса', 'color', 'Для выбора нескольких значений удерживайте нажатой клавишу Ctrl', 95, 75, 0, 1, 0, 1, 1, 1, 0, 0, 0, 1, 0, 0),
(1661, 87, 4, 'Разрешить прикреплять к любому разделу', 'any_sections', '', 50, NULL, 0, 1, 0, 1, 0, 0, 0, 0, 0, 0, 0, 0),
(1662, 87, 3, '', '', '', 0, NULL, 0, 0, 0, 1, 0, 0, 0, 0, 0, 0, 0, 0),
(1663, 87, 7, '', '', '', 0, NULL, 0, 0, 0, 1, 0, 0, 0, 0, 0, 0, 0, 0),
(1664, 80, 12, 'Рейтинг пользователей', 'user_rate', '', 40, NULL, 0, 1, 0, 1, 0, 0, 0, 0, 0, 0, 0, 0),
(1665, 68, 19, 'Автор новости', 'author', '', 10, NULL, 0, 1, 0, 1, 0, 0, 0, 0, 0, 0, 0, 0),
(1666, 66, 9, 'Фотография', 'image', '', 75, NULL, 0, 1, 0, 1, 0, 0, 0, 0, 0, 0, 0, 0),
(1667, 94, 10, 'Фотография', 'image', '', 75, NULL, 0, 1, 0, 1, 0, 0, 0, 1, 0, 0, 0, 0),
(1668, 98, 9, 'Фотография', 'image', '', 75, NULL, 0, 1, 0, 1, 0, 0, 0, 1, 0, 0, 0, 0),
(1669, 100, 9, 'Фотография', 'image', '', 75, NULL, 0, 1, 0, 1, 0, 0, 0, 1, 0, 0, 0, 0),
(1670, 43, 10, 'Опция прикрепления страниц вниз/вверх', 'addto', 'addto', 50, NULL, 0, 1, 0, 1, 0, 0, 0, 0, 0, 0, 0, 0),
(1671, 65, 9, 'Опция прикрепления страниц вниз/вверх', 'addto', 'addto', 50, NULL, 0, 1, 0, 1, 0, 0, 0, 1, 0, 0, 0, 0),
(1672, 67, 11, 'Опция прикрепления страниц вниз/вверх', 'addto', 'addto', 50, NULL, 0, 1, 0, 1, 0, 0, 0, 1, 0, 0, 0, 0),
(1673, 95, 11, 'Опция прикрепления страниц вниз/вверх', 'addto', 'addto', 50, NULL, 0, 1, 0, 1, 0, 0, 0, 1, 0, 0, 0, 0),
(1674, 97, 11, 'Опция прикрепления страниц вниз/вверх', 'addto', 'addto', 50, NULL, 0, 1, 0, 1, 0, 0, 0, 1, 0, 0, 0, 0),
(1675, 99, 11, 'Опция прикрепления страниц вниз/вверх', 'addto', 'addto', 50, NULL, 0, 1, 0, 1, 0, 0, 0, 1, 0, 0, 0, 0),
(1676, 101, 11, 'Опция прикрепления страниц вниз/вверх', 'addto', 'addto', 50, NULL, 0, 1, 0, 1, 0, 0, 0, 1, 0, 0, 0, 0),
(1677, 69, 9, 'Опция прикрепления страниц вниз/вверх', 'addto', 'addto', 50, NULL, 0, 1, 0, 1, 0, 0, 0, 1, 0, 0, 0, 0),
(1678, 71, 9, 'Опция прикрепления страниц вниз/вверх', 'addto', 'addto', 50, NULL, 0, 1, 0, 1, 0, 0, 0, 1, 0, 0, 0, 0),
(1679, 73, 9, 'Опция прикрепления страниц вниз/вверх', 'addto', 'addto', 50, NULL, 0, 1, 0, 1, 0, 0, 0, 1, 0, 0, 0, 0),
(1680, 75, 9, 'Опция прикрепления страниц вниз/вверх', 'addto', 'addto', 50, NULL, 0, 1, 0, 1, 0, 0, 0, 1, 0, 0, 0, 0),
(1681, 79, 9, 'Опция прикрепления страниц вниз/вверх', 'addto', 'addto', 50, NULL, 0, 1, 0, 1, 0, 0, 0, 1, 0, 0, 0, 0),
(1682, 82, 9, 'Опция прикрепления страниц вниз/вверх', 'addto', 'addto', 50, NULL, 0, 1, 0, 1, 0, 0, 0, 1, 0, 0, 0, 0),
(1683, 84, 9, 'Опция прикрепления страниц вниз/вверх', 'addto', 'addto', 50, NULL, 0, 1, 0, 1, 0, 0, 0, 1, 0, 0, 0, 0),
(1684, 106, 9, 'Опция прикрепления страниц вниз/вверх', 'addto', 'addto', 50, NULL, 0, 1, 0, 1, 0, 0, 0, 1, 0, 0, 0, 0),
(1685, 51, 5, 'Уникальный хэш пользователя', 'remember_me', '', 10, NULL, 0, 0, 0, 1, 0, 0, 0, 0, 0, 0, 0, 0);

-- --------------------------------------------------------

--
-- Структура таблицы `bagira_langs`
--

CREATE TABLE IF NOT EXISTS `bagira_langs` (
  `l_id` int(11) NOT NULL AUTO_INCREMENT,
  `l_name` varchar(30) NOT NULL,
  `l_prefix` varchar(5) NOT NULL,
  PRIMARY KEY (`l_id`)
) ENGINE=InnoDB  DEFAULT CHARSET=cp1251 AUTO_INCREMENT=2 ;

--
-- Дамп данных таблицы `bagira_langs`
--

INSERT INTO `bagira_langs` (`l_id`, `l_name`, `l_prefix`) VALUES
(1, 'Русский', 'ru');

-- --------------------------------------------------------

--
-- Структура таблицы `bagira_modules`
--

CREATE TABLE IF NOT EXISTS `bagira_modules` (
  `m_id` int(11) NOT NULL AUTO_INCREMENT,
  `m_name` varchar(30) DEFAULT '',
  `m_active` tinyint(1) DEFAULT '0',
  `m_sort` int(1) DEFAULT '0',
  PRIMARY KEY (`m_id`)
) ENGINE=InnoDB  DEFAULT CHARSET=cp1251 AUTO_INCREMENT=13 ;

--
-- Дамп данных таблицы `bagira_modules`
--

INSERT INTO `bagira_modules` (`m_id`, `m_name`, `m_active`, `m_sort`) VALUES
(1, 'core', 1, 21),
(2, 'trash', 1, 17),
(3, 'structure', 1, 1),
(4, 'constructor', 1, 22),
(5, 'jornal', 1, 19),
(6, 'users', 1, 15),
(7, 'reference', 1, 13),
(8, 'feedback', 1, 5),
(9, 'search', 1, 11),
(10, 'subscription', 1, 9),
(11, 'eshop', 1, 3),
(12, 'comments', 1, 7);

-- --------------------------------------------------------

--
-- Структура таблицы `bagira_modules_rgu`
--

CREATE TABLE IF NOT EXISTS `bagira_modules_rgu` (
  `rgu_right_id` int(11) NOT NULL DEFAULT '0',
  `rgu_obj_id` int(11) NOT NULL DEFAULT '0',
  `rgu_value` int(1) NOT NULL DEFAULT '0',
  KEY `rgu_right_id` (`rgu_right_id`),
  KEY `rgu_obj_id` (`rgu_obj_id`)
) ENGINE=InnoDB DEFAULT CHARSET=cp1251;

--
-- Дамп данных таблицы `bagira_modules_rgu`
--

INSERT INTO `bagira_modules_rgu` (`rgu_right_id`, `rgu_obj_id`, `rgu_value`) VALUES
(5, 32, 1),
(37, 32, 1),
(42, 32, 1),
(43, 32, 1),
(44, 32, 1),
(45, 32, 1),
(6, 32, 1),
(12, 32, 1),
(7, 32, 1),
(8, 32, 1),
(9, 32, 1),
(10, 32, 1),
(11, 32, 1),
(86, 32, 1),
(87, 32, 1),
(132, 32, 1),
(88, 32, 1),
(1, 32, 1),
(2, 32, 1),
(13, 32, 1),
(14, 32, 1),
(15, 32, 1),
(16, 32, 1),
(17, 32, 1),
(18, 32, 1),
(19, 32, 1),
(20, 32, 1),
(22, 32, 1),
(157, 32, 1),
(3, 32, 1),
(4, 32, 1),
(35, 32, 1),
(36, 32, 1),
(25, 32, 1),
(26, 32, 1),
(27, 32, 1),
(28, 32, 1),
(29, 32, 1),
(34, 32, 1),
(30, 32, 1),
(31, 32, 1),
(32, 32, 1),
(33, 32, 1),
(92, 32, 1),
(38, 32, 1),
(39, 32, 1),
(40, 32, 1),
(41, 32, 1),
(93, 32, 1),
(97, 32, 1),
(95, 32, 1),
(96, 32, 1),
(101, 32, 1),
(94, 32, 1),
(98, 32, 1),
(99, 32, 1),
(100, 32, 1),
(103, 32, 1),
(104, 32, 1),
(105, 32, 1),
(106, 32, 1),
(107, 32, 1),
(108, 32, 1),
(110, 32, 1),
(111, 32, 1),
(112, 32, 1),
(118, 32, 1),
(109, 32, 1),
(113, 32, 1),
(114, 32, 1),
(115, 32, 1),
(117, 32, 1),
(116, 32, 1),
(131, 32, 1),
(119, 32, 1),
(152, 32, 1),
(154, 32, 1),
(155, 32, 1),
(156, 32, 1),
(153, 32, 1);

-- --------------------------------------------------------

--
-- Структура таблицы `bagira_modules_rights`
--

CREATE TABLE IF NOT EXISTS `bagira_modules_rights` (
  `mr_id` int(11) NOT NULL AUTO_INCREMENT,
  `mr_mod_id` int(11) DEFAULT '0',
  `mr_name` varchar(30) DEFAULT NULL,
  `mr_parent_id` int(11) DEFAULT NULL,
  `mr_is_default` tinyint(1) DEFAULT '0',
  `mr_lang_id` int(11) NOT NULL DEFAULT '0',
  `mr_domain_id` int(11) NOT NULL DEFAULT '0',
  PRIMARY KEY (`mr_id`),
  KEY `mr_mod_id` (`mr_mod_id`),
  KEY `mr_parent_id` (`mr_parent_id`)
) ENGINE=InnoDB  DEFAULT CHARSET=cp1251 AUTO_INCREMENT=158 ;

--
-- Дамп данных таблицы `bagira_modules_rights`
--

INSERT INTO `bagira_modules_rights` (`mr_id`, `mr_mod_id`, `mr_name`, `mr_parent_id`, `mr_is_default`, `mr_lang_id`, `mr_domain_id`) VALUES
(1, 4, 'tree', NULL, 1, 0, 0),
(2, 4, 'class_upd', 1, 0, 0, 0),
(3, 4, 'class_add', 1, 0, 0, 0),
(4, 4, 'class_del', 1, 0, 0, 0),
(5, 1, 'change', NULL, 1, 0, 0),
(6, 3, 'settings', 45, 0, 1, 1),
(7, 3, 'page_upd', 12, 0, 1, 1),
(8, 3, 'page_add', 12, 0, 1, 1),
(9, 3, 'page_del', 12, 0, 1, 1),
(10, 3, 'page_act', 12, 0, 1, 1),
(11, 3, 'page_moveto', 12, 0, 1, 1),
(12, 3, 'tree', 45, 1, 1, 1),
(13, 4, 'fgroup_upd', 2, 0, 0, 0),
(14, 4, 'fgroup_add', 2, 0, 0, 0),
(15, 4, 'fgroup_del', 2, 0, 0, 0),
(16, 4, 'field_upd', 2, 0, 0, 0),
(17, 4, 'field_add', 2, 0, 0, 0),
(18, 4, 'field_del', 2, 0, 0, 0),
(19, 4, 'fgroup_moveto', 2, 0, 0, 0),
(20, 4, 'field_moveto', 2, 0, 0, 0),
(22, 4, 'separator_add', 2, 0, 0, 0),
(25, 6, 'grouplist', NULL, 1, 0, 0),
(26, 6, 'group_upd', 25, 0, 0, 0),
(27, 6, 'group_add', 25, 0, 0, 0),
(28, 6, 'group_del', 25, 0, 0, 0),
(29, 6, 'group_act', 25, 0, 0, 0),
(30, 6, 'user_act', 34, 0, 0, 0),
(31, 6, 'user_del', 34, 0, 0, 0),
(32, 6, 'user_add', 34, 0, 0, 0),
(33, 6, 'user_upd', 34, 0, 0, 0),
(34, 6, 'userlist', 25, 0, 0, 0),
(35, 5, 'system_view', NULL, 1, 0, 0),
(36, 5, 'db_view', NULL, 0, 0, 0),
(37, 1, 'profile', NULL, 0, 0, 0),
(38, 7, 'values', 92, 0, 0, 0),
(39, 7, 'val_upd', 38, 0, 0, 0),
(40, 7, 'val_add', 38, 0, 0, 0),
(41, 7, 'val_del', 38, 0, 0, 0),
(42, 2, 'list', NULL, 1, 0, 0),
(43, 2, 'object_restore', 42, 0, 0, 0),
(44, 2, 'object_del', 42, 0, 0, 0),
(45, 3, '1 1', NULL, 0, 0, 0),
(86, 3, 'page_history', 12, 0, 1, 1),
(87, 3, 'list', 12, 0, 1, 1),
(88, 3, 'minitext', 45, 0, 1, 1),
(92, 7, 'list', NULL, 1, 0, 0),
(93, 8, '1 1', NULL, 0, 0, 0),
(94, 8, 'settings', NULL, 0, 0, 0),
(95, 8, 'message_upd', 97, 0, 1, 1),
(96, 8, 'message_del', 97, 0, 1, 1),
(97, 8, 'list', 93, 1, 1, 1),
(98, 8, 'form_upd', 94, 0, 0, 0),
(99, 8, 'form_add', 94, 0, 0, 0),
(100, 8, 'form_del', 94, 0, 0, 0),
(101, 8, 'message_act', 97, 0, 1, 1),
(103, 9, 'index', NULL, 1, 1, 1),
(104, 10, 'list', NULL, 1, 0, 0),
(105, 10, 'subscribe_add', 104, 0, 0, 0),
(106, 10, 'subscribe_upd', 104, 0, 0, 0),
(107, 10, 'subscribe_del', 104, 0, 0, 0),
(108, 10, 'msg', 104, 0, 0, 0),
(109, 10, 'user', 104, 0, 0, 0),
(110, 10, 'msg_add', 108, 0, 0, 0),
(111, 10, 'msg_upd', 108, 0, 0, 0),
(112, 10, 'msg_del', 108, 0, 0, 0),
(113, 10, 'user_add', 109, 0, 0, 0),
(114, 10, 'user_upd', 109, 0, 0, 0),
(115, 10, 'user_del', 109, 0, 0, 0),
(116, 10, 'subscribe_act', 104, 0, 0, 0),
(117, 10, 'user_addlist', 109, 0, 0, 0),
(118, 10, 'msg_send', 108, 0, 0, 0),
(119, 10, 'settings', NULL, 0, 0, 0),
(131, 10, 'subscribe_history', 104, 0, 0, 0),
(132, 3, 'page_copy', 12, 0, 1, 1),
(133, 11, 'list', NULL, 1, 0, 0),
(134, 11, 'order_view', 133, 0, 0, 0),
(135, 11, 'state_del', 133, 0, 0, 0),
(139, 11, 'state', NULL, 0, 0, 0),
(140, 11, 'payment', NULL, 0, 0, 0),
(141, 11, 'delivery', NULL, 0, 0, 0),
(142, 11, 'state_add', 139, 0, 0, 0),
(143, 11, 'state_upd', 139, 0, 0, 0),
(144, 11, 'order_del', 139, 0, 0, 0),
(145, 11, 'payment_add', 140, 0, 0, 0),
(146, 11, 'payment_upd', 140, 0, 0, 0),
(147, 11, 'payment_del', 140, 0, 0, 0),
(148, 11, 'delivery_add', 141, 0, 0, 0),
(149, 11, 'delivery_upd', 141, 0, 0, 0),
(150, 11, 'delivery_del', 141, 0, 0, 0),
(151, 11, 'settings', NULL, 0, 1, 1),
(152, 12, 'list', NULL, 1, 0, 0),
(153, 12, 'settings', NULL, 0, 0, 0),
(154, 12, 'comment_upd', 152, 0, 0, 0),
(155, 12, 'comment_act', 152, 0, 0, 0),
(156, 12, 'comment_del', 152, 0, 0, 0),
(157, 4, 'separator_upd', 2, 0, 0, 0);

-- --------------------------------------------------------

--
-- Структура таблицы `bagira_objects`
--

CREATE TABLE IF NOT EXISTS `bagira_objects` (
  `o_id` int(11) NOT NULL AUTO_INCREMENT,
  `o_name` varchar(255) NOT NULL,
  `o_class_id` int(11) NOT NULL,
  `o_create_date` datetime DEFAULT NULL,
  `o_change_date` datetime DEFAULT NULL,
  `o_to_trash` tinyint(1) NOT NULL,
  PRIMARY KEY (`o_id`),
  KEY `o_class_id` (`o_class_id`)
) ENGINE=InnoDB  DEFAULT CHARSET=cp1251 AUTO_INCREMENT=1783 ;

--
-- Дамп данных таблицы `bagira_objects`
--

INSERT INTO `bagira_objects` (`o_id`, `o_name`, `o_class_id`, `o_create_date`, `o_change_date`, `o_to_trash`) VALUES
(29, 'Иван', 34, '2010-07-01 14:22:33', '2012-07-09 14:05:34', 0),
(30, 'мужчина', 35, '2010-07-01 14:29:47', '2011-06-07 08:22:44', 0),
(31, 'женщина', 35, '2010-07-01 14:29:57', '2011-06-07 08:22:44', 0),
(32, 'Администраторы', 33, '2010-07-01 14:30:10', '2012-06-21 10:32:14', 0),
(41, 'Пользователи сайта', 33, '2010-07-01 16:29:54', '2011-03-16 14:17:45', 0),
(43, 'Модераторы', 33, '2010-07-07 10:11:52', '2011-06-07 08:20:52', 0),
(48, 'Гости', 33, '2010-07-23 09:17:56', '2010-10-08 15:19:11', 0),
(60, 'Главная страница', 45, '2011-02-02 12:15:45', '2012-06-20 17:53:14', 0),
(72, 'Новости компании', 57, '2011-02-03 08:51:33', '2012-06-20 12:37:11', 0),
(338, 'Адреса и контакты', 45, '2011-02-11 03:52:45', '2011-07-18 12:16:35', 0),
(339, 'О магазине', 45, '2011-02-11 03:52:50', '2012-06-20 17:00:04', 0),
(340, 'Новости', 60, '2011-02-11 14:55:07', '2012-06-22 14:43:08', 0),
(345, 'Каталог товаров', 46, '2011-02-11 14:57:46', '2011-07-14 19:29:08', 0),
(346, 'Телевизоры', 46, '2011-02-11 14:58:03', '2012-06-22 14:43:38', 0),
(347, 'Стиральные машины', 46, '2011-02-11 14:58:19', '2012-06-22 14:43:41', 0),
(348, 'Кухоная техника', 46, '2011-02-11 14:58:35', '2012-06-22 14:43:45', 0),
(350, 'Вопрос ответ', 62, '2011-02-11 14:59:02', '2012-06-22 14:44:08', 0),
(357, 'news', 57, '2011-02-12 06:08:17', '2011-02-12 06:08:17', 0),
(358, 'sdafdsafasdfsa', 58, '2011-02-12 06:12:08', '2011-02-12 06:37:06', 0),
(361, 'Специальные предложения', 57, '2011-02-12 11:28:32', '2011-06-09 12:43:16', 0),
(393, 'sfgfgsfdg', 55, '2011-02-24 07:19:46', '2011-03-10 08:46:48', 0),
(394, 'dfgfdgfdg', 55, '2011-02-24 07:19:56', '2011-03-10 08:46:48', 0),
(402, 'asfasdf', 34, '2011-02-25 05:42:23', '2011-02-25 05:42:23', 0),
(1537, 'sdasd@asdsd.ru', 59, '2011-02-28 05:52:29', '2011-02-28 05:53:44', 0),
(1568, 'Статьи', 60, '2011-03-17 15:40:13', '2012-06-22 14:43:03', 0),
(1569, 'Оплата и доставка', 45, '2011-03-17 15:40:58', '2012-06-22 15:15:25', 0),
(1570, 'Фотогалерея', 61, '2011-03-17 15:41:21', '2011-06-02 08:28:15', 0),
(1571, 'Опросы', 45, '2011-03-17 17:15:02', '2012-06-20 18:00:30', 0),
(1572, 'Сколько времени вы тратите на поиск свободного времени?', 53, '2011-03-17 17:16:32', '2011-06-07 08:25:26', 0),
(1573, 'Очень много', 55, '2011-03-17 17:16:32', '2011-07-15 16:46:36', 0),
(1574, 'Чуть меньше, чем очень', 55, '2011-03-17 17:16:39', '2011-03-18 23:25:22', 0),
(1575, 'Да я пойду посплю лучше', 55, '2011-03-17 17:16:44', '2011-07-14 19:54:11', 0),
(1576, 'Немного, оно обычно за ухом лежит', 55, '2011-03-17 17:16:52', '2011-07-14 19:45:39', 0),
(1577, 'Я классный', 55, '2011-03-17 17:16:58', '2012-06-22 14:33:13', 0),
(1578, 'Важный мелкий текст', 45, '2011-03-17 17:36:19', '2011-08-23 10:11:04', 0),
(1579, 'Меган Фокс присматривается к фильму Джудда Апатоу', 47, '2011-03-17 17:55:18', '2011-06-21 14:38:32', 0),
(1581, 'Завершается отбор работ на фестиваль Art of Remake', 47, '2011-03-17 18:01:44', '2011-05-03 04:53:24', 0),
(1582, 'О магазине', 45, '2011-03-17 18:04:32', '2011-03-17 18:04:32', 0),
(1583, 'Оплата и доставка', 45, '2011-03-17 18:04:56', '2011-03-17 18:04:56', 0),
(1584, 'Фотогаллерея', 45, '2011-03-17 18:05:17', '2011-03-17 18:05:17', 0),
(1585, 'Схема проезда', 45, '2011-03-17 18:05:39', '2011-03-17 18:05:39', 0),
(1586, 'Как нас найти', 45, '2011-03-17 18:11:51', '2011-03-17 18:11:51', 0),
(1590, 'Самолеты', 61, '2011-03-17 18:37:56', '2012-06-22 14:43:57', 0),
(1597, 'Фотография 7', 48, '2011-03-17 22:51:47', '2011-03-17 22:51:47', 0),
(1598, 'Фотография 8', 48, '2011-03-17 22:52:07', '2011-03-17 22:52:07', 0),
(1600, 'Фотография 10', 48, '2011-03-17 22:52:49', '2011-06-07 08:28:50', 0),
(1601, 'Зеленые луга', 61, '2011-03-17 22:55:27', '2012-06-22 14:44:02', 0),
(1602, 'Фотография 1', 48, '2011-03-17 22:55:53', '2011-03-17 22:55:53', 0),
(1603, 'Фотография 2', 48, '2011-03-17 22:56:14', '2011-03-17 22:56:14', 0),
(1611, 'Обзор мобильной ОС Windows Phone', 47, '2011-03-17 23:39:50', '2011-06-22 09:24:00', 0),
(1612, 'Станислав Загорский', 51, '2011-03-17 23:44:26', '2011-06-22 08:48:45', 0),
(1613, 'Вопрос ответ', 56, '2011-03-18 08:29:37', '2012-06-20 16:20:49', 0),
(1624, 'Новое', 46, '2011-03-18 12:29:16', '2012-07-06 13:23:55', 0),
(1625, 'Суперпредложения', 46, '2011-03-18 12:29:38', '2012-06-22 14:43:25', 0),
(1626, 'Новинки', 46, '2011-03-18 12:29:45', '2012-06-22 14:43:31', 0),
(1627, 'Лидеры продаж', 46, '2011-03-18 12:29:53', '2012-06-22 14:43:34', 0),
(1628, 'Sony SLT-A33L + объектив 18-55', 66, '2011-03-18 12:32:44', '2011-08-23 18:06:10', 0),
(1629, 'Nokia N8 dark grey', 66, '2011-03-18 13:46:33', '2012-06-20 18:00:14', 0),
(1630, 'Acer Aspire 1830TZ-U542G25iss', 66, '2011-03-18 13:48:48', '2012-06-20 18:00:24', 0),
(1631, 'ASUS Eee PC 1015PЕM', 66, '2011-03-18 13:49:24', '2011-07-15 17:41:09', 0),
(1632, 'Thomas 788535 Twin TT Aquafilter', 66, '2011-03-18 13:50:10', '2011-07-15 17:41:10', 0),
(1633, 'Комплект Wharfedale Obsidian 600 Cinema Pack, wenge', 66, '2011-03-18 14:52:42', '2011-07-06 13:35:38', 0),
(1634, 'Samsung HT-C9950W', 66, '2011-03-18 14:57:42', '2011-06-22 12:04:04', 0),
(1635, 'Canon PowerShot S95', 66, '2011-03-18 15:00:55', '2011-06-17 11:48:38', 0),
(1636, 'JJ-Connect AutoNavigator 2100 Wide Россия', 66, '2011-03-18 15:07:12', '2011-06-17 11:48:58', 0),
(1637, 'LG GW-B207FVQA', 66, '2011-03-18 15:09:15', '2011-06-17 11:49:12', 0),
(1638, 'Gorenje MO 20 DS II', 66, '2011-03-18 15:10:17', '2011-06-17 11:49:26', 0),
(1639, 'Фотография 1', 48, '2011-03-18 15:21:22', '2011-03-18 15:21:22', 0),
(1640, 'Фотография 2', 48, '2011-03-18 15:21:47', '2011-03-18 15:21:47', 0),
(1641, 'Фотография 3', 48, '2011-03-18 15:21:59', '2011-03-18 15:21:59', 0),
(1642, 'Фотография 4', 48, '2011-03-18 15:22:11', '2011-06-22 09:00:17', 0),
(1643, 'Фотография 1', 48, '2011-03-18 16:14:20', '2012-06-20 18:00:22', 0),
(1644, 'Фотография 2', 48, '2011-03-18 16:14:32', '2012-06-20 18:00:20', 0),
(1645, 'Фотография 1', 48, '2011-03-18 16:14:43', '2011-03-18 16:14:43', 0),
(1646, 'Комплект Wharfedale Obsidian 600 Cinema Pack, wenge', 66, '2011-03-18 22:35:43', '2011-08-30 16:10:50', 0),
(1647, 'Фотография 1', 48, '2011-03-18 22:35:43', '2011-03-18 22:35:43', 0),
(1648, 'Samsung HT-C9950W', 66, '2011-03-18 22:35:49', '2011-06-22 12:01:43', 0),
(1649, 'Canon PowerShot S95', 66, '2011-03-18 22:35:51', '2011-07-15 17:40:46', 0),
(1664, 'Ожидание', 69, '2011-04-26 09:37:23', '2011-05-05 07:22:26', 0),
(1666, 'Проверка', 69, '2011-04-26 09:38:28', '2011-05-10 03:14:35', 0),
(1667, 'Отправка', 69, '2011-04-26 09:38:40', '2011-05-10 03:14:28', 0),
(1670, 'Самовывоз', 71, '2011-04-26 09:51:33', '2011-04-26 09:52:24', 0),
(1671, 'Доставка по Омской области', 71, '2011-04-26 09:52:14', '2011-05-03 05:19:05', 0),
(1678, 'Наличными', 70, '2011-04-26 09:56:06', '2011-04-26 09:56:06', 0),
(1679, 'Квитанция Сбербанка', 70, '2011-04-26 09:56:15', '2011-04-26 09:56:15', 0),
(1680, 'Безналичный расчет', 70, '2011-04-26 09:56:24', '2011-04-26 09:56:24', 0),
(1681, 'Электронные деньги', 70, '2011-04-26 09:56:31', '2011-04-26 09:56:31', 0),
(1685, '2', 68, '2011-05-04 03:10:48', '2011-05-04 03:10:48', 0),
(1686, '', 72, '2011-05-04 03:10:48', '2011-05-04 03:10:48', 0),
(1687, '', 72, '2011-05-04 03:10:48', '2011-05-04 03:10:48', 0),
(1693, '5', 68, '2011-05-05 07:24:06', '2011-05-05 07:24:06', 0),
(1694, '', 72, '2011-05-05 07:24:06', '2011-05-05 07:24:06', 0),
(1695, '', 72, '2011-05-05 07:24:06', '2011-05-05 07:24:06', 0),
(1696, '6', 68, '2011-05-05 07:24:42', '2011-05-05 07:24:42', 0),
(1697, '', 72, '2011-05-05 07:24:42', '2011-05-05 07:24:42', 0),
(1698, '', 72, '2011-05-05 07:24:42', '2011-05-05 07:24:42', 0),
(1699, '7', 68, '2011-05-05 07:26:38', '2011-05-05 07:26:38', 0),
(1700, '', 72, '2011-05-05 07:26:38', '2011-05-05 07:26:38', 0),
(1703, '9', 68, '2011-05-05 07:39:37', '2011-05-10 03:02:32', 0),
(1704, '', 72, '2011-05-05 07:39:37', '2011-05-05 07:39:37', 0),
(1705, '', 72, '2011-05-05 07:39:37', '2011-05-05 07:39:37', 0),
(1706, '10', 68, '2011-05-05 07:43:34', '2011-05-10 03:31:24', 0),
(1707, '', 72, '2011-05-05 07:43:34', '2011-05-10 03:31:24', 0),
(1708, '', 72, '2011-05-05 07:43:35', '2011-05-10 03:31:24', 0),
(1709, '', 72, '2011-05-05 07:43:35', '2011-05-10 03:31:24', 0),
(1712, 'Новости от 09.06.2011', 58, '2011-06-03 03:30:29', '2011-08-17 15:18:20', 0),
(1713, 'Условия регистрации для пользователей', 45, '2011-06-03 08:32:53', '2011-06-03 08:35:05', 0),
(1726, 'lut@mahog.ru', 59, '2011-06-07 08:19:06', '2011-06-07 08:19:06', 0),
(1731, 'Россия', 74, '2011-06-17 11:15:05', '2011-06-17 11:15:05', 0),
(1732, '6 месяцев', 73, '2011-06-17 11:15:05', '2011-06-17 11:15:05', 0),
(1733, 'Китай', 74, '2011-06-17 11:15:17', '2011-06-17 11:15:17', 0),
(1734, '1 год', 73, '2011-06-17 11:15:17', '2011-06-17 11:15:17', 0),
(1735, 'Корея', 74, '2011-06-17 11:15:36', '2011-06-17 11:15:36', 0),
(1736, '2 года', 73, '2011-06-17 11:15:36', '2011-06-17 11:15:36', 0),
(1737, '3 года', 73, '2011-06-17 11:15:42', '2011-06-17 11:15:42', 0),
(1738, 'Черный', 75, '2011-06-17 11:28:25', '2011-06-17 11:28:28', 0),
(1739, 'Белый', 75, '2011-06-17 11:28:25', '2011-06-17 11:28:28', 0),
(1740, 'Красный', 75, '2011-06-17 11:28:25', '2011-06-17 11:28:28', 0),
(1741, 'Синий', 75, '2011-06-17 11:28:25', '2011-06-17 11:28:28', 0),
(1742, 'Зеленный', 75, '2011-06-17 11:28:25', '2011-06-17 11:28:28', 0),
(1743, 'Желтый', 75, '2011-06-17 11:28:25', '2011-06-17 11:28:28', 0),
(1744, 'Металлик', 75, '2011-06-17 11:28:25', '2011-06-17 11:28:28', 0),
(1745, 'Отзыв о товаре', 56, '2011-06-20 10:42:22', '2012-06-20 16:20:57', 0),
(1749, 'Иванов Иван', 52, '2011-06-20 16:35:06', '2011-06-22 09:25:59', 0),
(1752, 'Кирилл Наумов', 52, '2011-06-20 17:45:48', '2011-06-22 09:25:37', 0),
(1753, 'fdsgfdg@sdasd.ru', 59, '2011-06-20 18:23:52', '2011-06-20 18:23:52', 0),
(1757, 'Иванов Иван', 51, '2011-06-21 13:11:26', '2011-06-22 08:52:42', 0),
(1758, '10', 68, '2011-06-21 16:20:57', '2011-06-21 16:20:57', 0),
(1759, '', 72, '2011-06-21 16:20:57', '2011-06-21 16:20:57', 0),
(1760, 'Лилия Ивановна', 51, '2011-06-22 08:50:03', '2011-06-22 08:50:03', 0),
(1761, 'Даша Зверева', 51, '2011-06-22 08:51:02', '2011-06-22 08:51:02', 0),
(1762, 'Иван Маерский', 51, '2011-06-22 08:51:38', '2011-06-22 08:51:38', 0),
(1763, 'Виктор Гинзбург: «Я выстрадал каждую букву сценария»', 47, '2011-06-22 09:06:23', '2011-06-22 09:17:23', 0),
(1764, 'Школа. Мистерия расставания', 47, '2011-06-22 09:07:26', '2011-06-22 09:18:54', 0),
(1765, 'Библиотека Конгресса США открыла Музыкальный автомат', 47, '2011-06-22 09:10:10', '2011-06-22 09:30:54', 0),
(1766, 'Disney – это Disney, а Pixar – это Pixar', 47, '2011-06-22 09:11:30', '2011-06-22 09:17:02', 0),
(1767, 'Иванов Иван', 52, '2011-07-15 17:43:28', '2011-07-15 17:43:45', 0),
(1768, 'sddff@edfsd.ru', 59, '2011-07-15 17:45:24', '2011-07-15 17:54:23', 0),
(1774, 'вфывыфвф', 75, '2011-08-26 15:38:50', '2011-08-26 15:38:50', 0),
(1775, 'hghghgh', 74, '2011-08-26 15:47:21', '2011-08-26 15:47:21', 0),
(1778, 'fsdfg', 45, '2012-06-22 14:51:02', '2012-06-22 14:51:02', 0),
(1780, 'asdf', 48, '2012-06-22 14:55:17', '2012-06-22 14:55:17', 0),
(1782, '1234554', 45, '2012-06-22 14:57:48', '2012-06-22 14:57:48', 0);

-- --------------------------------------------------------

--
-- Структура таблицы `bagira_pages`
--

CREATE TABLE IF NOT EXISTS `bagira_pages` (
  `p_obj_id` int(11) NOT NULL,
  `active` tinyint(1) DEFAULT NULL,
  `is_home_page` tinyint(1) DEFAULT NULL,
  `view_in_menu` tinyint(1) DEFAULT NULL,
  `view_submenu` tinyint(1) NOT NULL,
  `in_search` tinyint(1) DEFAULT NULL,
  `in_index` tinyint(1) DEFAULT NULL,
  `in_new_window` tinyint(1) NOT NULL DEFAULT '0',
  `title` varchar(255) DEFAULT NULL,
  `h1` varchar(255) DEFAULT NULL,
  `pseudo_url` varchar(80) DEFAULT NULL,
  `keywords` varchar(255) DEFAULT NULL,
  `description` varchar(255) DEFAULT NULL,
  `number_of_items` int(11) NOT NULL,
  `order_by` varchar(50) NOT NULL,
  `img_h1` varchar(50) DEFAULT NULL,
  `img_act` varchar(50) DEFAULT NULL,
  `img_no_act` varchar(50) DEFAULT NULL,
  `other_link` varchar(255) NOT NULL,
  `lang_id` int(11) NOT NULL,
  `template_id` int(11) NOT NULL,
  `template2_id` int(11) DEFAULT NULL,
  `domain_id` int(11) NOT NULL,
  KEY `p_obj_id` (`p_obj_id`),
  KEY `lang_id` (`lang_id`),
  KEY `template_id` (`template_id`),
  KEY `domain_id` (`domain_id`),
  KEY `bagira_pages_fk4` (`template2_id`)
) ENGINE=InnoDB DEFAULT CHARSET=cp1251;

--
-- Дамп данных таблицы `bagira_pages`
--

INSERT INTO `bagira_pages` (`p_obj_id`, `active`, `is_home_page`, `view_in_menu`, `view_submenu`, `in_search`, `in_index`, `in_new_window`, `title`, `h1`, `pseudo_url`, `keywords`, `description`, `number_of_items`, `order_by`, `img_h1`, `img_act`, `img_no_act`, `other_link`, `lang_id`, `template_id`, `template2_id`, `domain_id`) VALUES
(60, 1, 1, 0, 1, 1, 1, 0, 'Главная страница', 'Главная страница', 'glavnaya-stranitsa', '', '', 0, '', '', '', '', '', 1, 21, 20, 1),
(338, 1, 0, 1, 1, 1, 1, 1, 'Адреса и контакты', 'Адреса и контакты', 'adresa-i-kontakty', '', '', 0, '', '', '/upload/image/2e507276d797.jpg', '', '', 1, 39, 20, 1),
(339, 1, 0, 1, 1, 1, 1, 0, 'О магазине', 'О магазине', 'o-magazine', '', '', 0, '', '', '', '', '', 1, 1, 20, 1),
(340, 1, 0, 1, 1, 1, 1, 0, 'Новости', 'Новости', 'news', '', '', 0, 'publ_date DESC', '', '', '', '', 1, 1, 22, 1),
(345, 1, 0, 1, 1, 1, 1, 0, 'Каталог товаров', 'Каталог товаров', 'catalog', '', '', 0, '', '', '', '', '', 1, 45, 36, 1),
(346, 1, 0, 1, 1, 1, 1, 0, 'Телевизоры', 'Телевизоры', 'televizory', '', '', 10, '', '', '', '', '', 1, 45, 36, 1),
(347, 1, 0, 1, 1, 1, 1, 0, 'Стиральные машины', 'Стиральные машины', 'stiralnye-mashiny', '', '', 10, '', '', '', '', '', 1, 45, 36, 1),
(348, 1, 0, 1, 1, 1, 1, 0, 'Кухоная техника', 'Кухоная техника', 'kuhonaya-tehnika', '', '', 10, '', '', '', '', '', 1, 45, 36, 1),
(350, 1, 0, 1, 1, 1, 1, 0, 'Вопрос ответ', 'Вопрос ответ', 'faq', '', '', 10, '', '', '', '', '', 1, 1, 34, 1),
(1568, 1, 0, 1, 1, 1, 1, 0, 'Статьи', 'Статьи', 'article', '', '', 0, '', '', '', '', '', 1, 1, 22, 1),
(1569, 1, 0, 1, 1, 1, 1, 0, 'Оплата и доставка', 'Оплата и доставка', 'oplata-i-dostavka', '', '', 0, '', '', '', '', '', 1, 1, 20, 1),
(1570, 1, 0, 1, 1, 1, 1, 0, 'Фотогалерея', 'Фотогалерея', 'fotogalereya', '', '', 0, '', '', '', '', '', 1, 40, 41, 1),
(1571, 1, 0, 0, 1, 1, 1, 0, 'Опросы', 'Опросы', 'oprosy', '', '', 0, '', '', '', '', '', 1, 1, 20, 1),
(1572, 1, 0, 1, 1, 1, 1, 0, 'Сколько времени вы тратите на поиск свободного времени?', 'Сколько времени вы тратите на поиск свободного времени?', '1572', '', '', 0, '', '', '', '', '', 1, 1, 20, 1),
(1578, 1, 0, 0, 1, 1, 1, 0, 'Важный мелкий текст', 'Важный мелкий текст', 'vazhnyy-melkiy-tekst', '', '', 0, '', '', '', '', '', 1, 1, 20, 1),
(1579, 1, 0, 1, 1, 1, 1, 0, 'Меган Фокс присматривается к фильму Джудда Апатоу', 'Меган Фокс присматривается к фильму Джудда Апатоу', '1579', '', '', 0, '', '', '', '', '', 1, 1, 22, 1),
(1581, 1, 0, 1, 1, 1, 1, 0, 'Завершается отбор работ на фестиваль Art of Remake', 'Завершается отбор работ на фестиваль Art of Remake', '1581', '', '', 0, '', '', '', '', '', 1, 1, 22, 1),
(1582, 1, 0, 1, 1, 1, 1, 0, 'О магазине', 'О магазине', 'o-magazine', '', '', 0, '', '', '', '', '/o-magazine', 1, 1, 20, 1),
(1583, 1, 0, 1, 1, 1, 1, 0, 'Оплата и доставка', 'Оплата и доставка', 'oplata-i-dostavka', '', '', 0, '', '', '', '', '/oplata-i-dostavka', 1, 1, 20, 1),
(1584, 1, 0, 1, 1, 1, 1, 0, 'Фотогаллерея', 'Фотогаллерея', 'fotogallereya', '', '', 0, '', '', '', '', '/fotogalereya', 1, 1, 20, 1),
(1585, 1, 0, 1, 1, 1, 1, 0, 'Схема проезда', 'Схема проезда', 'shema-proezda', '', '', 0, '', '', '', '', '/adresa-i-kontakty', 1, 1, 20, 1),
(1586, 1, 0, 1, 1, 1, 1, 0, 'Как нас найти', 'Как нас найти', 'kak-nas-nayti', '', '', 0, '', '', '', '', '', 1, 39, 20, 1),
(1590, 1, 0, 1, 1, 1, 1, 0, 'Самолеты', 'Самолеты', 'samolety', '', '', 0, '', '', '', '', '', 1, 43, 42, 1),
(1597, 1, 0, 1, 1, 1, 1, 0, 'Фотография 7', 'Фотография 7', 'fotografiya-7', '', '', 0, '', '', '', '', '', 1, 40, 42, 1),
(1598, 1, 0, 1, 1, 1, 1, 0, 'Фотография 8', 'Фотография 8', 'fotografiya-8', '', '', 0, '', '', '', '', '', 1, 40, 42, 1),
(1600, 1, 0, 1, 1, 1, 1, 0, 'Фотография 10', 'Фотография 10', 'fotografiya-10', '', '', 0, '', '', '', '', '', 1, 40, 42, 1),
(1601, 1, 0, 1, 1, 1, 1, 0, 'Зеленые луга', 'Зеленые луга', 'zelenye-luga', '', '', 0, '', '', '', '', '', 1, 43, 42, 1),
(1602, 1, 0, 1, 1, 1, 1, 0, 'Фотография 1', 'Фотография 1', 'fotografiya-1', '', '', 0, '', '', '', '', '', 1, 43, 42, 1),
(1603, 1, 0, 1, 1, 1, 1, 0, 'Фотография 2', 'Фотография 2', 'fotografiya-2', '', '', 0, '', '', '', '', '', 1, 43, 42, 1),
(1611, 1, 0, 1, 1, 1, 1, 0, 'Обзор мобильной ОС Windows Phone', 'Обзор мобильной ОС Windows Phone', '1611', '', '', 0, '', '', '', '', '', 1, 1, 22, 1),
(1612, 1, 0, 1, 1, 1, 1, 0, 'Станислав Загорский', 'Станислав Загорский', '1612', '', '', 0, '', '', '', '', '', 1, 1, 34, 1),
(1624, 1, 0, 0, 1, 1, 1, 0, 'Новое', 'Новое', 'spec', '', '', 0, '', '', '', '', '', 1, 45, 36, 1),
(1625, 1, 0, 1, 1, 1, 1, 0, 'Суперпредложения', 'Суперпредложения', 'super', '', '', 0, '', '', '', '', '', 1, 45, 36, 1),
(1626, 1, 0, 1, 1, 1, 1, 0, 'Новинки', 'Новинки', 'new', '', '', 0, '', '', '', '', '', 1, 45, 36, 1),
(1627, 1, 0, 1, 1, 1, 1, 0, 'Лидеры продаж', 'Лидеры продаж', 'bestsellers', '', '', 0, '', '', '', '', '', 1, 45, 36, 1),
(1628, 1, 0, 1, 1, 1, 1, 0, 'Sony SLT-A33L + объектив 18-55', 'Sony SLT-A33L + объектив 18-55', 'sony-slt-a33lobektiv-18-55', '', '', 0, '', '', '', '', '', 1, 45, 36, 1),
(1629, 1, 0, 1, 1, 1, 1, 0, 'Nokia N8 dark grey', 'Nokia N8 dark grey', 'nokia-n8-dark-grey', '', '', 0, '', '', '', '', '', 1, 45, 36, 1),
(1630, 1, 0, 1, 1, 1, 1, 0, 'Acer Aspire 1830TZ-U542G25iss', 'Acer Aspire 1830TZ-U542G25iss', 'acer-aspire-1830tz-u542g25iss', '', '', 0, '', '', '', '', '', 1, 45, 36, 1),
(1631, 1, 0, 1, 1, 1, 1, 0, 'ASUS Eee PC 1015PЕM', 'ASUS Eee PC 1015PЕM', 'asus-eee-pc-1015pem', '', '', 0, '', '', '', '', '', 1, 45, 36, 1),
(1632, 1, 0, 1, 1, 1, 1, 0, 'Thomas 788535 Twin TT Aquafilter', 'Thomas 788535 Twin TT Aquafilter', '1632', '', '', 0, '', '', '', '', '', 1, 45, 36, 1),
(1633, 1, 0, 1, 1, 1, 1, 0, 'Комплект Wharfedale Obsidian 600 Cinema Pack, wenge', 'Комплект Wharfedale Obsidian 600 Cinema Pack, wenge', '1633', '', '', 0, '', '', '', '', '', 1, 45, 36, 1),
(1634, 1, 0, 1, 1, 1, 1, 0, 'Samsung HT-C9950W', 'Samsung HT-C9950W', 'samsung-ht-c9950w', '', '', 0, '', '', '', '', '', 1, 45, 36, 1),
(1635, 1, 0, 1, 1, 1, 1, 0, 'Canon PowerShot S95', 'Canon PowerShot S95', 'canon-powershot-s95', '', '', 0, '', '', '', '', '', 1, 45, 36, 1),
(1636, 1, 0, 1, 1, 1, 1, 0, 'JJ-Connect AutoNavigator 2100 Wide Россия', 'JJ-Connect AutoNavigator 2100 Wide Россия', '1636', '', '', 0, '', '', '', '', '', 1, 45, 36, 1),
(1637, 1, 0, 1, 1, 1, 1, 0, 'LG GW-B207FVQA', 'LG GW-B207FVQA', 'lg-gw-b207fvqa', '', '', 0, '', '', '', '', '', 1, 45, 36, 1),
(1638, 1, 0, 1, 1, 1, 1, 0, 'Gorenje MO 20 DS II', 'Gorenje MO 20 DS II', 'gorenje-mo-20-ds-ii', '', '', 0, '', '', '', '', '', 1, 45, 36, 1),
(1639, 1, 0, 1, 1, 1, 1, 0, 'Фотография 1', 'Фотография 1', 'fotografiya-1', '', '', 0, '', '', '', '', '', 1, 45, 36, 1),
(1640, 1, 0, 1, 1, 1, 1, 0, 'Фотография 2', 'Фотография 2', 'fotografiya-2', '', '', 0, '', '', '', '', '', 1, 45, 36, 1),
(1641, 1, 0, 1, 1, 1, 1, 0, 'Фотография 3', 'Фотография 3', 'fotografiya-3', '', '', 0, '', '', '', '', '', 1, 45, 36, 1),
(1642, 1, 0, 1, 1, 1, 1, 0, 'Фотография 4', 'Фотография 4', 'fotografiya-4', '', '', 0, '', '', '', '', '', 1, 45, 36, 1),
(1643, 1, 0, 1, 1, 1, 1, 0, 'Фотография 1', 'Фотография 1', 'fotografiya-1', '', '', 0, '', '', '', '', '', 1, 45, 36, 1),
(1644, 1, 0, 1, 1, 1, 1, 0, 'Фотография 2', 'Фотография 2', 'fotografiya-2', '', '', 0, '', '', '', '', '', 1, 45, 36, 1),
(1645, 1, 0, 1, 1, 1, 1, 0, 'Фотография 1', 'Фотография 1', 'fotografiya-1', '', '', 0, '', '', '', '', '', 1, 45, 36, 1),
(1646, 1, 0, 1, 1, 1, 1, 0, 'Комплект Wharfedale Obsidian 600 Cinema Pack, wenge', 'Комплект Wharfedale Obsidian 600 Cinema Pack, wenge', '16333607', '', '', 0, '', '', '', '', '', 1, 45, 36, 1),
(1647, 1, 0, 1, 1, 1, 1, 0, 'Фотография 1', 'Фотография 1', 'fotografiya-1', '', '', 0, '', '', '', '', '', 1, 45, 36, 1),
(1648, 1, 0, 1, 1, 1, 1, 0, 'Samsung HT-C9950W', 'Samsung HT-C9950W', 'samsung-ht-c9950w4275', '', '', 0, '', '', '', '', '', 1, 45, 36, 1),
(1649, 1, 0, 1, 1, 1, 1, 0, 'Canon PowerShot S95', 'Canon PowerShot S95', 'canon-powershot-s951598', '', '', 0, '', '', '', '', '', 1, 45, 36, 1),
(1713, 1, 0, 0, 1, 1, 1, 0, 'Условия регистрации для пользователей', 'Условия регистрации для пользователей', 'offer', '', '', 0, '', '', '', '', '', 1, 1, NULL, 1),
(1749, 1, 0, 1, 1, 1, 1, 0, 'Иванов2 Иван', 'Иванов2 Иван', '1749', NULL, NULL, 0, '', NULL, NULL, NULL, '', 1, 1, NULL, 1),
(1752, 1, 0, 1, 1, 1, 1, 0, 'Иванов2 Иван', 'Иванов2 Иван', '1752', NULL, NULL, 0, '', NULL, NULL, NULL, '', 1, 1, NULL, 1),
(1757, 1, 0, 1, 1, 1, 1, 0, 'Иванов2 Иван', 'Иванов2 Иван', '1757', '', '', 0, '', '', '', '', '', 1, 1, NULL, 1),
(1760, 1, 0, 1, 1, 1, 1, 0, 'Лилия Ивановна', 'Лилия Ивановна', 'liliya-ivanovna', '', '', 0, '', '', '', '', '', 1, 1, 34, 1),
(1761, 1, 0, 1, 1, 1, 1, 0, 'Даша Зверева', 'Даша Зверева', 'dasha-zvereva', '', '', 0, '', '', '', '', '', 1, 1, 34, 1),
(1762, 1, 0, 1, 1, 1, 1, 0, 'Иван Маерский', 'Иван Маерский', 'ivan-maerskiy', '', '', 0, '', '', '', '', '', 1, 1, 34, 1),
(1763, 1, 0, 1, 1, 1, 1, 0, 'Виктор Гинзбург: «Я выстрадал каждую букву сценария»', 'Виктор Гинзбург: «Я выстрадал каждую букву сценария»', '1763', '', '', 0, '', '', '', '', '', 1, 1, 22, 1),
(1764, 1, 0, 1, 1, 1, 1, 0, 'Школа. Мистерия расставания', 'Школа. Мистерия расставания', 'shkola-misteriya-rasstavaniya', '', '', 0, '', '', '', '', '', 1, 1, 22, 1),
(1765, 1, 0, 1, 1, 1, 1, 0, 'Библиотека Конгресса США открыла Музыкальный автомат', 'Библиотека Конгресса США открыла Музыкальный автомат', '1765', '', '', 0, '', '', '', '', '', 1, 1, 22, 1),
(1766, 1, 0, 1, 1, 1, 1, 0, 'Disney – это Disney, а Pixar – это Pixar', 'Disney – это Disney, а Pixar – это Pixar', '1766', '', '', 0, '', '', '', '', '', 1, 1, 22, 1),
(1767, 1, 0, 1, 1, 1, 1, 0, 'Иванов Иван', 'Иванов Иван', '1767', NULL, NULL, 0, '', NULL, NULL, NULL, '', 1, 1, NULL, 1);

-- --------------------------------------------------------

--
-- Структура таблицы `bagira_register`
--

CREATE TABLE IF NOT EXISTS `bagira_register` (
  `r_id` int(11) NOT NULL AUTO_INCREMENT,
  `r_section_id` int(11) NOT NULL DEFAULT '0',
  `r_key` varchar(200) NOT NULL DEFAULT '',
  `r_value` varchar(255) DEFAULT NULL,
  PRIMARY KEY (`r_id`),
  KEY `r_section_id` (`r_section_id`)
) ENGINE=InnoDB  DEFAULT CHARSET=cp1251 AUTO_INCREMENT=1300 ;

--
-- Дамп данных таблицы `bagira_register`
--

INSERT INTO `bagira_register` (`r_id`, `r_section_id`, `r_key`, `r_value`) VALUES
(1, 0, 'core', ''),
(8, 1, 'gzip', ''),
(9, 0, 'users', ''),
(11, 9, 'reg', '1'),
(13, 0, 'structure', ''),
(14, 13, '1', ''),
(15, 14, '1', ''),
(16, 15, 'title_prefix', '%text% | B Mart - магазин вымышленных товаров'),
(17, 15, 'keywords', ''),
(18, 15, 'description', ''),
(19, 15, 'cur_date', '0'),
(20, 15, 'no_view_no_edit', ''),
(253, 9, 'activation', '1'),
(254, 1, 'delToTrash', '1'),
(255, 9, 'errorCountCapcha', '3'),
(256, 9, 'errorCountBlock', '10'),
(388, 14, 'cur_date', ''),
(535, 15, 'view_as_catalog', '1'),
(543, 15, 'view_as_tree', '1'),
(700, 15, 'minitext', ''),
(701, 1, 'watermark', ''),
(717, 1, 'scaleBigJpeg', '1'),
(718, 1, 'sizeBigJpeg', '2000'),
(992, 1, 'noIE6', '1'),
(1118, 0, 'search', ''),
(1119, 1118, '1', ''),
(1120, 1119, '1', ''),
(1121, 1120, 'auto_index', '1'),
(1122, 1120, 'max_count', '10'),
(1123, 1120, 'index_date', '22.06.2011'),
(1124, 0, 'subscription', ''),
(1125, 1124, 'count_mails', '1'),
(1126, 1124, 'count_mails_day', '100'),
(1183, 700, '1183', 'Demo-сайт. Bagira.CMS'),
(1184, 700, '1184', 'Все товары и услуги на сайте вымышлены и не имеют связи с реальностью'),
(1250, 15, 'no_view', ''),
(1251, 1250, '0', '27'),
(1252, 1250, '1', '45'),
(1253, 1250, '2', '46'),
(1254, 1250, '3', '60'),
(1255, 1250, '4', '61'),
(1256, 1250, '5', '62'),
(1257, 1250, '6', '63'),
(1258, 0, 'eshop', ''),
(1259, 1258, 'only_reg', '1'),
(1260, 1258, 'null_order', '1'),
(1261, 1258, 'dubl_to_email', '1'),
(1262, 1258, 'nds', ''),
(1263, 1258, 'fisrt_state', '1664'),
(1264, 1258, 'check_null_order', '1'),
(1265, 1258, 'min_count', '0'),
(1266, 1258, 'check_count', ''),
(1267, 0, 'comments', ''),
(1268, 1267, 'only_reg', ''),
(1269, 1267, 'show_noactive', '1'),
(1270, 9, 'confirm', '1'),
(1278, 1, 'cur_domain', ''),
(1279, 1278, 'id', '1'),
(1280, 1278, 'name', 'bagira-cms.ru'),
(1281, 1278, 'def_lang', '1'),
(1282, 1278, 'sitename', 'Bagira.CMS'),
(1283, 1278, 'email', 'test@test.ru'),
(1284, 1278, 'online', '1'),
(1285, 1278, 'offline_msg', 'На сайте ведутся профилактические работы, пожалуйста зайдите позже!'),
(1286, 1278, 'error_msg', 'Сайт не исправен, пожалуйста зайдите позже!'),
(1290, 1119, '2', ''),
(1291, 1290, 'auto_index', ''),
(1292, 1290, 'index_date', '10.06.2011'),
(1293, 1, 'cur_lang', ''),
(1294, 1293, 'id', '1'),
(1295, 1293, 'prefix', 'ru'),
(1296, 1293, 'name', 'Русский'),
(1297, 1267, 'text_length', '3000'),
(1298, 1, 'noIE7', ''),
(1299, 1, 'noDelMiniTexts', '1');

-- --------------------------------------------------------

--
-- Структура таблицы `bagira_rels`
--

CREATE TABLE IF NOT EXISTS `bagira_rels` (
  `r_field_id` int(11) DEFAULT NULL,
  `r_parent_id` int(11) DEFAULT NULL,
  `r_children_id` int(11) NOT NULL,
  `r_position` int(11) NOT NULL,
  KEY `r_field_id` (`r_field_id`),
  KEY `r_parent_id` (`r_parent_id`),
  KEY `r_children_id` (`r_children_id`)
) ENGINE=InnoDB DEFAULT CHARSET=cp1251;

--
-- Дамп данных таблицы `bagira_rels`
--

INSERT INTO `bagira_rels` (`r_field_id`, `r_parent_id`, `r_children_id`, `r_position`) VALUES
(NULL, NULL, 60, 1),
(NULL, NULL, 345, 14),
(NULL, 345, 346, 1),
(NULL, 345, 347, 2),
(NULL, 345, 348, 3),
(NULL, 357, 358, 1),
(NULL, 338, 393, 1),
(NULL, 338, 394, 2),
(251, 402, 30, 0),
(NULL, 43, 402, 1),
(NULL, NULL, 339, 28),
(NULL, NULL, 1569, 32),
(NULL, NULL, 350, 33),
(NULL, NULL, 1570, 34),
(NULL, NULL, 338, 35),
(NULL, 1572, 1573, 1),
(NULL, 1571, 1572, 1),
(NULL, 1572, 1574, 2),
(NULL, 1572, 1575, 3),
(NULL, 1572, 1576, 4),
(NULL, 1572, 1577, 5),
(NULL, 339, 1582, 1),
(NULL, 339, 1583, 2),
(NULL, 339, 1584, 3),
(NULL, 339, 1585, 4),
(NULL, 338, 1586, 1),
(NULL, 1570, 1590, 1),
(NULL, 1590, 1597, 8),
(NULL, 1590, 1598, 9),
(NULL, 1590, 1600, 11),
(NULL, 1570, 1601, 2),
(NULL, 1601, 1602, 1),
(NULL, 1601, 1603, 2),
(NULL, 1568, 1611, 3),
(NULL, 350, 1612, 4),
(NULL, NULL, 1624, 13),
(NULL, 1624, 1625, 1),
(NULL, 1624, 1626, 2),
(NULL, 1624, 1627, 3),
(NULL, 1628, 1639, 1),
(NULL, 1628, 1640, 2),
(NULL, 1628, 1641, 3),
(NULL, 1628, 1642, 4),
(NULL, 1629, 1643, 1),
(NULL, 1629, 1644, 2),
(NULL, 1633, 1645, 1),
(NULL, NULL, 1571, 12),
(NULL, NULL, 1578, 10),
(NULL, 340, 1581, 21),
(1554, 1685, 1667, 0),
(1561, 1685, 1671, 0),
(NULL, 29, 1685, 2),
(NULL, 1685, 1686, 1),
(NULL, 1685, 1687, 2),
(1554, 1693, 1664, 0),
(1561, 1693, 1671, 0),
(NULL, 29, 1693, 5),
(NULL, 1693, 1694, 1),
(NULL, 1693, 1695, 2),
(1554, 1696, 1664, 0),
(1561, 1696, 1671, 0),
(NULL, 29, 1696, 6),
(NULL, 1696, 1697, 1),
(NULL, 1696, 1698, 2),
(1554, 1699, 1664, 0),
(1561, 1699, 1671, 0),
(NULL, 29, 1699, 7),
(NULL, 1699, 1700, 1),
(1561, 1703, 1671, 0),
(NULL, 29, 1703, 9),
(NULL, 1703, 1704, 1),
(NULL, 1703, 1705, 2),
(1561, 1706, 1671, 0),
(NULL, 29, 1706, 10),
(NULL, 1706, 1707, 1),
(NULL, 1706, 1708, 2),
(NULL, 1706, 1709, 3),
(1554, 1703, 1667, 0),
(1554, 1706, 1667, 0),
(NULL, 72, 1712, 1),
(NULL, 72, 1726, 2),
(1654, 1629, 1733, 0),
(1656, 1629, 1734, 0),
(1660, 1629, 1740, 0),
(1660, 1629, 1741, 0),
(1660, 1629, 1742, 0),
(NULL, 348, 1629, 3),
(NULL, 1625, 1629, 2),
(1654, 1631, 1731, 0),
(1656, 1631, 1732, 0),
(1660, 1631, 1738, 0),
(1660, 1631, 1739, 0),
(1660, 1631, 1740, 0),
(NULL, 347, 1631, 3),
(NULL, 1625, 1631, 4),
(1654, 1632, 1733, 0),
(1656, 1632, 1736, 0),
(1660, 1632, 1739, 0),
(1660, 1632, 1740, 0),
(1660, 1632, 1744, 0),
(NULL, 348, 1632, 5),
(NULL, 1625, 1632, 5),
(1654, 1633, 1731, 0),
(1656, 1633, 1732, 0),
(1660, 1633, 1738, 0),
(1660, 1633, 1739, 0),
(1660, 1633, 1740, 0),
(1660, 1633, 1741, 0),
(1660, 1633, 1742, 0),
(1660, 1633, 1743, 0),
(1660, 1633, 1744, 0),
(NULL, 1626, 1633, 1),
(1654, 1635, 1735, 0),
(1656, 1635, 1737, 0),
(1660, 1635, 1738, 0),
(1660, 1635, 1739, 0),
(1660, 1635, 1740, 0),
(1660, 1635, 1742, 0),
(1660, 1635, 1743, 0),
(NULL, 1626, 1635, 3),
(1654, 1636, 1733, 0),
(1656, 1636, 1734, 0),
(1660, 1636, 1739, 0),
(1660, 1636, 1740, 0),
(1660, 1636, 1743, 0),
(1660, 1636, 1744, 0),
(NULL, 1627, 1636, 1),
(1654, 1637, 1731, 0),
(1656, 1637, 1737, 0),
(1660, 1637, 1740, 0),
(1660, 1637, 1741, 0),
(NULL, 348, 1637, 6),
(NULL, 1627, 1637, 2),
(1654, 1638, 1731, 0),
(1656, 1638, 1736, 0),
(1660, 1638, 1739, 0),
(1660, 1638, 1740, 0),
(1660, 1638, 1743, 0),
(NULL, 347, 1638, 4),
(NULL, 1627, 1638, 3),
(1654, 1649, 1733, 0),
(1656, 1649, 1732, 0),
(1660, 1649, 1739, 0),
(1660, 1649, 1740, 0),
(NULL, 346, 1649, 5),
(NULL, 1628, 1749, 8),
(NULL, 1628, 1752, 11),
(NULL, 72, 1753, 3),
(NULL, 361, 1753, 1),
(NULL, 350, 1757, 5),
(1554, 1758, 1664, 0),
(1561, 1758, 1671, 0),
(NULL, 29, 1758, 11),
(NULL, 1758, 1759, 1),
(NULL, NULL, 1713, 11),
(NULL, 350, 1760, 6),
(NULL, 350, 1761, 7),
(NULL, 350, 1762, 8),
(1654, 1648, 1735, 0),
(1656, 1648, 1736, 0),
(1660, 1648, 1741, 0),
(NULL, 346, 1648, 6),
(1654, 1634, 1733, 0),
(1656, 1634, 1736, 0),
(1660, 1634, 1738, 0),
(1660, 1634, 1740, 0),
(1660, 1634, 1741, 0),
(NULL, 1626, 1634, 2),
(NULL, 340, 1764, 23),
(NULL, 340, 1765, 24),
(NULL, 1568, 1766, 4),
(NULL, 1568, 1763, 5),
(1654, 1630, 1731, 0),
(1656, 1630, 1736, 0),
(1660, 1630, 1738, 0),
(1660, 1630, 1741, 0),
(1660, 1630, 1743, 0),
(1660, 1630, 1744, 0),
(NULL, 346, 1630, 7),
(NULL, 348, 1630, 4),
(NULL, 1625, 1630, 3),
(NULL, 1628, 1767, 12),
(NULL, 72, 1768, 4),
(NULL, 361, 1768, 2),
(NULL, 72, 1768, 5),
(NULL, 361, 1768, 3),
(NULL, 72, 1768, 6),
(NULL, 361, 1768, 4),
(251, 29, 30, 0),
(NULL, 32, 29, 1),
(1628, 1628, 1630, 0),
(1628, 1628, 1649, 0),
(1627, 1628, 1630, 0),
(1627, 1628, 1631, 0),
(1627, 1628, 1632, 0),
(1654, 1628, 1735, 0),
(1656, 1628, 1737, 0),
(1660, 1628, 1738, 0),
(1660, 1628, 1739, 0),
(1660, 1628, 1744, 0),
(NULL, 347, 1628, 2),
(NULL, 348, 1628, 2),
(NULL, 1625, 1628, 1),
(NULL, 346, 1636, 8),
(NULL, NULL, 340, 26),
(NULL, NULL, 1568, 27),
(NULL, 340, 1579, 25),
(NULL, 1646, 1647, 1),
(1654, 1646, 1731, 0),
(1656, 1646, 1737, 0),
(1660, 1646, 1738, 0),
(1660, 1646, 1739, 0),
(1660, 1646, 1744, 0),
(NULL, 346, 1646, 4),
(1335, 1613, 350, 0);

-- --------------------------------------------------------

--
-- Структура таблицы `bagira_revue`
--

CREATE TABLE IF NOT EXISTS `bagira_revue` (
  `rev_id` int(11) NOT NULL AUTO_INCREMENT,
  `rev_state` int(1) NOT NULL,
  `rev_type` int(1) NOT NULL,
  `rev_obj_id` int(11) NOT NULL,
  `rev_class_id` int(11) NOT NULL,
  `rev_user_id` int(11) NOT NULL,
  `rev_user` varchar(30) NOT NULL,
  `rev_datetime` datetime NOT NULL,
  `rev_message` varchar(255) NOT NULL,
  `rev_ip` varchar(15) NOT NULL,
  PRIMARY KEY (`rev_id`),
  KEY `rev_obj_id` (`rev_obj_id`)
) ENGINE=InnoDB  DEFAULT CHARSET=cp1251 AUTO_INCREMENT=2481 ;

--
-- Дамп данных таблицы `bagira_revue`
--

INSERT INTO `bagira_revue` (`rev_id`, `rev_state`, `rev_type`, `rev_obj_id`, `rev_class_id`, `rev_user_id`, `rev_user`, `rev_datetime`, `rev_message`, `rev_ip`) VALUES
(11, 1, 0, 60, 45, 29, 'Иван', '2011-02-02 12:15:45', 'Добавил объект', '127.0.0.1'),
(12, 1, 0, 60, 45, 29, 'Иван', '2011-02-02 15:07:49', 'Изменил данные объекта', '127.0.0.1'),
(84, 1, 0, 60, 45, 29, 'Иван', '2011-02-04 09:00:57', 'Изменил данные объекта', '127.0.0.1'),
(85, 1, 0, 60, 45, 29, 'Иван', '2011-02-04 09:00:59', 'Изменил данные объекта', '127.0.0.1'),
(89, 1, 0, 338, 45, 29, 'Иван', '2011-02-11 03:52:45', 'Добавил объект', '127.0.0.1'),
(90, 1, 0, 339, 45, 29, 'Иван', '2011-02-11 03:52:50', 'Добавил объект', '127.0.0.1'),
(94, 1, 0, 60, 45, 29, 'Иван', '2011-02-11 05:13:21', 'Изменил данные объекта', '127.0.0.1'),
(95, 1, 0, 339, 45, 29, 'Иван', '2011-02-11 05:21:30', 'Изменил данные объекта', '127.0.0.1'),
(96, 1, 0, 339, 45, 29, 'Иван', '2011-02-11 05:24:28', 'Изменил данные объекта', '127.0.0.1'),
(99, 1, 0, 339, 45, 29, 'Иван', '2011-02-11 14:54:47', 'Изменил данные объекта', '127.0.0.1'),
(100, 1, 0, 338, 45, 29, 'Иван', '2011-02-11 14:54:54', 'Изменил данные объекта', '127.0.0.1'),
(101, 1, 0, 340, 60, 29, 'Иван', '2011-02-11 14:55:07', 'Добавил объект', '127.0.0.1'),
(109, 1, 0, 345, 46, 29, 'Иван', '2011-02-11 14:57:46', 'Добавил объект', '127.0.0.1'),
(110, 1, 0, 346, 46, 29, 'Иван', '2011-02-11 14:58:03', 'Добавил объект', '127.0.0.1'),
(111, 1, 0, 347, 46, 29, 'Иван', '2011-02-11 14:58:19', 'Добавил объект', '127.0.0.1'),
(112, 1, 0, 348, 46, 29, 'Иван', '2011-02-11 14:58:35', 'Добавил объект', '127.0.0.1'),
(114, 1, 0, 350, 62, 29, 'Иван', '2011-02-11 14:59:02', 'Добавил объект', '127.0.0.1'),
(134, 1, 0, 72, 57, 29, 'Иван', '2011-02-20 09:45:47', 'Возобновил рассылку 1 части выпуска sddgsfdgfdg.', '127.0.0.1'),
(135, 1, 0, 72, 57, 29, 'Иван', '2011-02-20 09:45:55', 'Завершил рассылку 1 части выпуска sddgsfdgfdg.', '127.0.0.1'),
(136, 1, 0, 72, 57, 29, 'Иван', '2011-02-20 09:50:56', 'Начал рассылку 2 части выпуска sddgsfdgfdg.', '127.0.0.1'),
(137, 1, 0, 72, 57, 29, 'Иван', '2011-02-20 09:51:06', 'Завершил рассылку 2 части выпуска sddgsfdgfdg из категории', '127.0.0.1'),
(138, 1, 0, 72, 57, 29, 'Иван', '2011-02-20 09:54:36', 'Начал отправку 3 части выпуска sddgsfdgfdg для рассылки', '127.0.0.1'),
(139, 1, 0, 72, 57, 29, 'Иван', '2011-02-20 09:54:38', 'Завершил отправку 3 части выпуска <b>sddgsfdgfdg</b> для рассылки', '127.0.0.1'),
(140, 1, 0, 72, 57, 29, 'Иван', '2011-02-20 10:01:22', 'Начал отправку 1 части выпуска <b>sddgsfdgfdg</b> для рассылки', '127.0.0.1'),
(141, 1, 0, 72, 57, 29, 'Иван', '2011-02-20 10:01:25', 'Возобновил отправку 1 части выпуска <b>sddgsfdgfdg</b> для рассылки', '127.0.0.1'),
(142, 1, 0, 72, 57, 29, 'Иван', '2011-02-20 10:01:30', 'Возобновил отправку 1 части выпуска <b>sddgsfdgfdg</b> для рассылки', '127.0.0.1'),
(143, 1, 0, 72, 57, 29, 'Иван', '2011-02-20 10:01:35', 'Завершил отправку 1 части выпуска <b>sddgsfdgfdg</b> для рассылки', '127.0.0.1'),
(144, 1, 0, 361, 57, 29, 'Иван', '2011-02-20 10:13:00', 'Начал отправку 1 части выпуска <b>К 8 марта новое поступление бытовой техники по заниженным ценам!</b> рассылки', '127.0.0.1'),
(145, 1, 0, 361, 57, 29, 'Иван', '2011-02-20 10:13:01', 'Завершил отправку 1 части выпуска <b>К 8 марта новое поступление бытовой техники по заниженным ценам!</b> рассылки', '127.0.0.1'),
(146, 1, 1, 361, 57, 29, 'Иван', '2011-02-20 10:13:50', 'Объект перемещен в корзину.', '127.0.0.1'),
(147, 1, 0, 361, 57, 29, 'Иван', '2011-02-20 10:18:00', 'Объект восстановлен.', '127.0.0.1'),
(148, 1, 0, 361, 57, 29, 'Иван', '2011-02-20 10:44:18', 'Начал отправку 1 части выпуска <b>К 8 марта новое поступление бытовой техники по заниженным ценам!</b> рассылки', '127.0.0.1'),
(149, 1, 0, 361, 57, 29, 'Иван', '2011-02-20 10:44:21', 'Завершил отправку 1 части выпуска <b>К 8 марта новое поступление бытовой техники по заниженным ценам!</b> рассылки', '127.0.0.1'),
(150, 1, 0, 361, 57, 29, 'Иван', '2011-02-20 10:46:27', 'Начал отправку 1 части выпуска <b>К 8 марта новое поступление бытовой техники по заниженным ценам!</b> рассылки', '127.0.0.1'),
(151, 1, 0, 361, 57, 29, 'Иван', '2011-02-20 10:46:27', 'Завершил отправку 1 части выпуска <b>К 8 марта новое поступление бытовой техники по заниженным ценам!</b> рассылки', '127.0.0.1'),
(152, 1, 0, 361, 57, 29, 'Иван', '2011-02-20 10:50:49', 'Начал отправку 1 части выпуска <b>К 8 марта новое поступление бытовой техники по заниженным ценам!</b> рассылки', '127.0.0.1'),
(153, 1, 0, 361, 57, 29, 'Иван', '2011-02-20 10:50:49', 'Завершил отправку 1 части выпуска <b>К 8 марта новое поступление бытовой техники по заниженным ценам!</b> рассылки', '127.0.0.1'),
(154, 1, 0, 361, 57, 29, 'Иван', '2011-02-20 10:51:13', 'Начал отправку 1 части выпуска <b>К 8 марта новое поступление бытовой техники по заниженным ценам!</b> рассылки', '127.0.0.1'),
(155, 1, 0, 361, 57, 29, 'Иван', '2011-02-20 10:51:14', 'Завершил отправку 1 части выпуска <b>К 8 марта новое поступление бытовой техники по заниженным ценам!</b> рассылки', '127.0.0.1'),
(156, 1, 0, 361, 57, 29, 'Иван', '2011-02-20 10:51:48', 'Начал отправку 1 части выпуска <b>К 8 марта новое поступление бытовой техники по заниженным ценам!</b> рассылки', '127.0.0.1'),
(157, 1, 0, 361, 57, 29, 'Иван', '2011-02-20 10:51:49', 'Завершил отправку 1 части выпуска <b>К 8 марта новое поступление бытовой техники по заниженным ценам!</b> рассылки', '127.0.0.1'),
(158, 1, 0, 361, 57, 29, 'Иван', '2011-02-20 10:52:56', 'Начал отправку 1 части выпуска <b>К 8 марта новое поступление бытовой техники по заниженным ценам!</b> рассылки', '127.0.0.1'),
(159, 1, 0, 361, 57, 29, 'Иван', '2011-02-20 10:52:58', 'Завершил отправку 1 части выпуска <b>К 8 марта новое поступление бытовой техники по заниженным ценам!</b> рассылки', '127.0.0.1'),
(160, 1, 0, 361, 57, 29, 'Иван', '2011-02-20 11:04:09', 'Начал отправку 1 части выпуска <b>К 8 марта новое поступление бытовой техники по заниженным ценам!</b> рассылки', '127.0.0.1'),
(161, 1, 0, 361, 57, 29, 'Иван', '2011-02-20 11:04:11', 'Завершил отправку 1 части выпуска <b>К 8 марта новое поступление бытовой техники по заниженным ценам!</b> рассылки', '127.0.0.1'),
(162, 1, 0, 361, 57, 29, 'Иван', '2011-02-20 11:06:56', 'Начал отправку 1 части выпуска <b>К 8 марта новое поступление бытовой техники по заниженным ценам!</b> рассылки', '127.0.0.1'),
(163, 1, 0, 361, 57, 29, 'Иван', '2011-02-20 11:09:19', 'Возобновил отправку 1 части выпуска <b>К 8 марта новое поступление бытовой техники по заниженным ценам!</b> рассылки', '127.0.0.1'),
(164, 1, 0, 361, 57, 29, 'Иван', '2011-02-20 11:09:23', 'Завершил отправку 1 части выпуска <b>К 8 марта новое поступление бытовой техники по заниженным ценам!</b> рассылки', '127.0.0.1'),
(165, 1, 0, 361, 57, 29, 'Иван', '2011-02-20 11:09:26', 'Начал отправку 1 части выпуска <b>К 8 марта новое поступление бытовой техники по заниженным ценам!</b> рассылки', '127.0.0.1'),
(166, 1, 0, 361, 57, 29, 'Иван', '2011-02-20 11:10:00', 'Завершил отправку 1 части выпуска <b>К 8 марта новое поступление бытовой техники по заниженным ценам!</b> рассылки', '127.0.0.1'),
(167, 1, 0, 361, 57, 29, 'Иван', '2011-02-20 11:10:20', 'Начал отправку 1 части выпуска <b>К 8 марта новое поступление бытовой техники по заниженным ценам!</b> рассылки', '127.0.0.1'),
(168, 1, 0, 361, 57, 29, 'Иван', '2011-02-20 11:10:32', 'Завершил отправку 1 части выпуска <b>К 8 марта новое поступление бытовой техники по заниженным ценам!</b> рассылки', '127.0.0.1'),
(169, 1, 0, 361, 57, 29, 'Иван', '2011-02-20 11:13:54', 'Начал отправку 1 части выпуска <b>К 8 марта новое поступление бытовой техники по заниженным ценам!</b> рассылки', '127.0.0.1'),
(170, 1, 0, 361, 57, 29, 'Иван', '2011-02-20 11:14:06', 'Завершил отправку 1 части выпуска <b>К 8 марта новое поступление бытовой техники по заниженным ценам!</b> рассылки', '127.0.0.1'),
(171, 1, 0, 361, 57, 29, 'Иван', '2011-02-20 11:14:49', 'Начал отправку 1 части выпуска <b>К 8 марта новое поступление бытовой техники по заниженным ценам!</b> рассылки', '127.0.0.1'),
(172, 1, 0, 361, 57, 29, 'Иван', '2011-02-20 11:14:56', 'Завершил отправку 1 части выпуска <b>К 8 марта новое поступление бытовой техники по заниженным ценам!</b> рассылки', '127.0.0.1'),
(173, 1, 0, 361, 57, 29, 'Иван', '2011-02-20 11:15:56', 'Начал отправку 1 части выпуска <b>К 8 марта новое поступление бытовой техники по заниженным ценам!</b> рассылки', '127.0.0.1'),
(174, 1, 0, 361, 57, 29, 'Иван', '2011-02-20 11:15:58', 'Завершил отправку 1 части выпуска <b>К 8 марта новое поступление бытовой техники по заниженным ценам!</b> рассылки', '127.0.0.1'),
(175, 1, 0, 72, 57, 29, 'Иван', '2011-02-20 11:17:32', 'Начал отправку 2 части выпуска <b>sddgsfdgfdg</b> рассылки', '127.0.0.1'),
(176, 1, 0, 72, 57, 29, 'Иван', '2011-02-20 11:17:53', 'Возобновил отправку 2 части выпуска <b>sddgsfdgfdg</b> рассылки', '127.0.0.1'),
(177, 1, 0, 72, 57, 29, 'Иван', '2011-02-20 11:18:02', 'Завершил отправку 2 части выпуска <b>sddgsfdgfdg</b> рассылки', '127.0.0.1'),
(181, 1, 0, 345, 46, 29, 'Иван', '2011-02-21 12:38:11', 'Изменил данные объекта', '127.0.0.1'),
(182, 1, 0, 345, 46, 29, 'Иван', '2011-02-21 12:38:14', 'Изменил данные объекта', '127.0.0.1'),
(186, 1, 0, 340, 60, 29, 'Иван', '2011-02-22 03:37:36', 'Изменил данные объекта', '127.0.0.1'),
(189, 1, 0, 340, 60, 29, 'Иван', '2011-02-22 03:38:51', 'Изменил данные объекта', '127.0.0.1'),
(192, 1, 0, 340, 60, 29, 'Иван', '2011-02-22 03:39:49', 'Изменил данные объекта', '127.0.0.1'),
(253, 1, 0, 338, 45, 29, 'Иван', '2011-02-24 05:36:53', 'Изменил данные объекта', '127.0.0.1'),
(254, 1, 0, 338, 45, 29, 'Иван', '2011-02-24 05:37:22', 'Изменил данные объекта', '127.0.0.1'),
(255, 1, 0, 338, 45, 29, 'Иван', '2011-02-24 05:37:23', 'Изменил данные объекта', '127.0.0.1'),
(256, 1, 0, 338, 45, 29, 'Иван', '2011-02-24 05:37:23', 'Изменил данные объекта', '127.0.0.1'),
(257, 1, 0, 338, 45, 29, 'Иван', '2011-02-24 05:37:24', 'Изменил данные объекта', '127.0.0.1'),
(258, 1, 0, 338, 45, 29, 'Иван', '2011-02-24 05:37:29', 'Изменил данные объекта', '127.0.0.1'),
(259, 1, 0, 338, 45, 29, 'Иван', '2011-02-24 05:38:14', 'Изменил данные объекта', '127.0.0.1'),
(272, 1, 0, 338, 45, 29, 'Иван', '2011-02-24 07:17:15', 'Изменил данные страницу', '127.0.0.1'),
(273, 1, 0, 338, 45, 29, 'Иван', '2011-02-24 07:17:22', 'Изменил данные страницу', '127.0.0.1'),
(278, 1, 0, 338, 45, 29, 'Иван', '2011-02-24 07:18:16', 'Изменил данные страницу', '127.0.0.1'),
(279, 1, 0, 338, 45, 29, 'Иван', '2011-02-24 07:19:46', 'Изменил данные страницу', '127.0.0.1'),
(280, 1, 0, 338, 45, 29, 'Иван', '2011-02-24 07:19:56', 'Изменил данные страницу', '127.0.0.1'),
(340, 1, 0, 338, 45, 29, 'Иван', '2011-02-25 06:58:37', 'Изменил данные страницу', '127.0.0.1'),
(1556, 1, 0, 338, 45, 29, 'Иван', '2011-03-10 08:46:49', 'Изменил данные страницу', '127.0.0.1'),
(1557, 1, 0, 338, 45, 29, 'Иван', '2011-03-10 08:48:15', 'Изменил данные страницу', '127.0.0.1'),
(1558, 1, 0, 338, 45, 29, 'Иван', '2011-03-10 08:48:52', 'Изменил данные страницу', '127.0.0.1'),
(1559, 1, 0, 350, 62, 29, 'Иван', '2011-03-10 08:49:07', 'Изменил данные страницу', '127.0.0.1'),
(1560, 1, 0, 339, 45, 29, 'Иван', '2011-03-10 08:49:57', 'Изменил данные страницу', '127.0.0.1'),
(1565, 1, 0, 340, 60, 29, 'Иван', '2011-03-10 10:30:02', 'Изменил данные страницу', '127.0.0.1'),
(1578, 1, 0, 345, 46, 29, 'Иван', '2011-03-10 10:30:24', 'Изменил данные страницу', '127.0.0.1'),
(1579, 1, 0, 346, 46, 29, 'Иван', '2011-03-10 10:30:24', 'Изменил данные страницу', '127.0.0.1'),
(1580, 1, 0, 347, 46, 29, 'Иван', '2011-03-10 10:30:24', 'Изменил данные страницу', '127.0.0.1'),
(1581, 1, 0, 348, 46, 29, 'Иван', '2011-03-10 10:30:24', 'Изменил данные страницу', '127.0.0.1'),
(1583, 1, 0, 346, 46, 29, 'Иван', '2011-03-10 10:30:24', 'Изменил данные страницу', '127.0.0.1'),
(1584, 1, 0, 347, 46, 29, 'Иван', '2011-03-10 10:30:24', 'Изменил данные страницу', '127.0.0.1'),
(1585, 1, 0, 348, 46, 29, 'Иван', '2011-03-10 10:30:24', 'Изменил данные страницу', '127.0.0.1'),
(1630, 1, 0, 350, 62, 29, 'Иван', '2011-03-10 11:13:01', 'Изменил данные страницу', '127.0.0.1'),
(1631, 1, 0, 345, 46, 29, 'Иван', '2011-03-15 16:46:02', 'Изменил данные страницу', '127.0.0.1'),
(1632, 1, 0, 345, 46, 29, 'Иван', '2011-03-15 16:46:03', 'Изменил данные страницу', '127.0.0.1'),
(1635, 1, 0, 339, 45, 29, 'Иван', '2011-03-15 20:52:02', 'Изменил данные страницу', '127.0.0.1'),
(1637, 1, 0, 339, 45, 29, 'Иван', '2011-03-16 10:22:29', 'Изменил данные страницу', '127.0.0.1'),
(1638, 1, 0, 339, 45, 29, 'Иван', '2011-03-16 10:23:57', 'Изменил данные страницу', '127.0.0.1'),
(1639, 1, 0, 339, 45, 29, 'Иван', '2011-03-16 10:24:47', 'Изменил данные страницу', '127.0.0.1'),
(1647, 1, 0, 340, 60, 29, 'Иван', '2011-03-16 11:38:30', 'Изменил данные страницу', '127.0.0.1'),
(1657, 1, 0, 60, 45, 29, 'Иван', '2011-03-16 22:31:28', 'Изменил данные страницу', '127.0.0.1'),
(1658, 1, 0, 339, 45, 29, 'Иван', '2011-03-17 15:39:03', 'Изменил данные страницу', '127.0.0.1'),
(1659, 1, 0, 338, 45, 29, 'Иван', '2011-03-17 15:39:27', 'Изменил данные страницу', '127.0.0.1'),
(1660, 1, 0, 1568, 60, 29, 'Иван', '2011-03-17 15:40:13', 'Добавил страницу', '127.0.0.1'),
(1661, 1, 0, 339, 45, 29, 'Иван', '2011-03-17 15:40:31', 'Изменил данные страницу', '127.0.0.1'),
(1662, 1, 0, 339, 45, 29, 'Иван', '2011-03-17 15:40:38', 'Изменил данные страницу', '127.0.0.1'),
(1663, 1, 0, 1569, 45, 29, 'Иван', '2011-03-17 15:40:59', 'Добавил страницу', '127.0.0.1'),
(1664, 1, 0, 350, 62, 29, 'Иван', '2011-03-17 15:41:05', 'Изменил данные страницу', '127.0.0.1'),
(1665, 1, 0, 1570, 61, 29, 'Иван', '2011-03-17 15:41:21', 'Добавил страницу', '127.0.0.1'),
(1666, 1, 0, 1571, 45, 29, 'Иван', '2011-03-17 17:15:02', 'Добавил страницу', '127.0.0.1'),
(1667, 1, 0, 1572, 53, 29, 'Иван', '2011-03-17 17:16:33', 'Добавил страницу', '127.0.0.1'),
(1668, 1, 0, 1572, 53, 29, 'Иван', '2011-03-17 17:16:40', 'Изменил данные страницу', '127.0.0.1'),
(1669, 1, 0, 1572, 53, 29, 'Иван', '2011-03-17 17:16:45', 'Изменил данные страницу', '127.0.0.1'),
(1670, 1, 0, 1572, 53, 29, 'Иван', '2011-03-17 17:16:53', 'Изменил данные страницу', '127.0.0.1'),
(1671, 1, 0, 1572, 53, 29, 'Иван', '2011-03-17 17:16:59', 'Изменил данные страницу', '127.0.0.1'),
(1676, 1, 0, 1578, 45, 29, 'Иван', '2011-03-17 17:36:19', 'Добавил страницу', '127.0.0.1'),
(1677, 1, 0, 1578, 45, 29, 'Иван', '2011-03-17 17:36:26', 'Изменил данные страницу', '127.0.0.1'),
(1678, 1, 0, 1572, 53, 29, 'Иван', '2011-03-17 17:45:54', 'Изменил данные страницу', '127.0.0.1'),
(1679, 1, 0, 1572, 53, 29, 'Иван', '2011-03-17 17:46:25', 'Изменил данные страницу', '127.0.0.1'),
(1680, 1, 0, 1572, 53, 29, 'Иван', '2011-03-17 17:47:02', 'Изменил данные страницу', '127.0.0.1'),
(1681, 1, 0, 1579, 47, 29, 'Иван', '2011-03-17 17:55:29', 'Добавил страницу', '127.0.0.1'),
(1682, 1, 0, 1579, 47, 29, 'Иван', '2011-03-17 18:00:16', 'Изменил данные страницу', '127.0.0.1'),
(1683, 1, 0, 1579, 47, 29, 'Иван', '2011-03-17 18:00:31', 'Изменил данные страницу', '127.0.0.1'),
(1685, 1, 0, 1581, 47, 29, 'Иван', '2011-03-17 18:01:50', 'Добавил страницу', '127.0.0.1'),
(1686, 1, 0, 1582, 45, 29, 'Иван', '2011-03-17 18:04:32', 'Добавил страницу', '127.0.0.1'),
(1687, 1, 0, 1583, 45, 29, 'Иван', '2011-03-17 18:04:56', 'Добавил страницу', '127.0.0.1'),
(1688, 1, 0, 1584, 45, 29, 'Иван', '2011-03-17 18:05:17', 'Добавил страницу', '127.0.0.1'),
(1689, 1, 0, 1585, 45, 29, 'Иван', '2011-03-17 18:05:39', 'Добавил страницу', '127.0.0.1'),
(1690, 1, 0, 338, 45, 29, 'Иван', '2011-03-17 18:06:02', 'Изменил данные страницу', '127.0.0.1'),
(1691, 1, 0, 1586, 45, 29, 'Иван', '2011-03-17 18:11:51', 'Добавил страницу', '127.0.0.1'),
(1696, 1, 0, 1590, 61, 29, 'Иван', '2011-03-17 18:37:56', 'Добавил страницу', '127.0.0.1'),
(1697, 1, 0, 1570, 61, 29, 'Иван', '2011-03-17 18:38:52', 'Изменил данные страницу', '127.0.0.1'),
(1698, 1, 0, 1570, 61, 29, 'Иван', '2011-03-17 18:38:54', 'Изменил данные страницу', '127.0.0.1'),
(1699, 1, 0, 1590, 61, 29, 'Иван', '2011-03-17 18:39:01', 'Изменил данные страницу', '127.0.0.1'),
(1700, 1, 0, 1590, 61, 29, 'Иван', '2011-03-17 18:41:39', 'Изменил данные страницу', '127.0.0.1'),
(1701, 1, 0, 1570, 61, 29, 'Иван', '2011-03-17 18:41:59', 'Изменил данные страницу', '127.0.0.1'),
(1702, 1, 0, 1590, 61, 29, 'Иван', '2011-03-17 18:42:16', 'Изменил данные страницу', '127.0.0.1'),
(1703, 1, 0, 1590, 61, 29, 'Иван', '2011-03-17 22:30:26', 'Изменил данные страницу', '127.0.0.1'),
(1704, 1, 0, 1590, 61, 29, 'Иван', '2011-03-17 22:34:39', 'Изменил данные страницу', '127.0.0.1'),
(1707, 1, 0, 1590, 61, 29, 'Иван', '2011-03-17 22:37:57', 'Изменил данные страницу', '127.0.0.1'),
(1711, 1, 0, 1590, 61, 29, 'Иван', '2011-03-17 22:51:04', 'Изменил данные страницу', '127.0.0.1'),
(1713, 1, 0, 1597, 48, 29, 'Иван', '2011-03-17 22:51:47', 'Добавил страницу', '127.0.0.1'),
(1714, 1, 0, 1598, 48, 29, 'Иван', '2011-03-17 22:52:07', 'Добавил страницу', '127.0.0.1'),
(1716, 1, 0, 1600, 48, 29, 'Иван', '2011-03-17 22:52:49', 'Добавил страницу', '127.0.0.1'),
(1717, 1, 0, 1601, 61, 29, 'Иван', '2011-03-17 22:55:27', 'Добавил страницу', '127.0.0.1'),
(1718, 1, 0, 1602, 48, 29, 'Иван', '2011-03-17 22:55:54', 'Добавил страницу', '127.0.0.1'),
(1719, 1, 0, 1603, 48, 29, 'Иван', '2011-03-17 22:56:14', 'Добавил страницу', '127.0.0.1'),
(1727, 1, 0, 1579, 47, 29, 'Иван', '2011-03-17 23:14:10', 'Изменил данные страницу', '127.0.0.1'),
(1729, 1, 0, 1579, 47, 29, 'Иван', '2011-03-17 23:34:26', 'Изменил данные страницу', '127.0.0.1'),
(1731, 1, 0, 1568, 60, 29, 'Иван', '2011-03-17 23:39:10', 'Изменил данные страницу', '127.0.0.1'),
(1732, 1, 0, 1611, 47, 29, 'Иван', '2011-03-17 23:39:55', 'Добавил страницу', '127.0.0.1'),
(1736, 1, 0, 1612, 51, 29, 'Иван', '2011-03-17 23:44:28', 'Добавил страницу', '127.0.0.1'),
(1737, 1, 0, 1612, 51, 29, 'Иван', '2011-03-17 23:47:27', 'Изменил данные страницу', '127.0.0.1'),
(1758, 1, 0, 345, 46, 29, 'Иван', '2011-03-18 12:16:48', 'Изменил данные страницу', '127.0.0.1'),
(1759, 1, 0, 346, 46, 29, 'Иван', '2011-03-18 12:16:48', 'Изменил данные страницу', '127.0.0.1'),
(1772, 1, 0, 347, 46, 29, 'Иван', '2011-03-18 12:16:50', 'Изменил данные страницу', '127.0.0.1'),
(1779, 1, 0, 348, 46, 29, 'Иван', '2011-03-18 12:16:51', 'Изменил данные страницу', '127.0.0.1'),
(1786, 1, 0, 1624, 46, 29, 'Иван', '2011-03-18 12:29:16', 'Добавил страницу', '127.0.0.1'),
(1787, 1, 0, 1625, 46, 29, 'Иван', '2011-03-18 12:29:38', 'Добавил страницу', '127.0.0.1'),
(1788, 1, 0, 1626, 46, 29, 'Иван', '2011-03-18 12:29:46', 'Добавил страницу', '127.0.0.1'),
(1789, 1, 0, 1627, 46, 29, 'Иван', '2011-03-18 12:29:53', 'Добавил страницу', '127.0.0.1'),
(1790, 1, 0, 1628, 66, 29, 'Иван', '2011-03-18 12:32:44', 'Добавил страницу', '127.0.0.1'),
(1791, 1, 0, 1627, 46, 29, 'Иван', '2011-03-18 13:03:53', 'Изменил данные страницу', '127.0.0.1'),
(1792, 1, 0, 1626, 46, 29, 'Иван', '2011-03-18 13:04:00', 'Изменил данные страницу', '127.0.0.1'),
(1793, 1, 0, 1628, 66, 29, 'Иван', '2011-03-18 13:19:13', 'Изменил данные страницу', '127.0.0.1'),
(1794, 1, 0, 1629, 66, 29, 'Иван', '2011-03-18 13:46:33', 'Добавил страницу', '127.0.0.1'),
(1795, 1, 0, 1629, 66, 29, 'Иван', '2011-03-18 13:47:43', 'Изменил данные страницу', '127.0.0.1'),
(1796, 1, 0, 1630, 66, 29, 'Иван', '2011-03-18 13:48:49', 'Добавил страницу', '127.0.0.1'),
(1797, 1, 0, 1631, 66, 29, 'Иван', '2011-03-18 13:49:24', 'Добавил страницу', '127.0.0.1'),
(1798, 1, 0, 1632, 66, 29, 'Иван', '2011-03-18 13:50:11', 'Добавил страницу', '127.0.0.1'),
(1799, 1, 0, 1628, 66, 29, 'Иван', '2011-03-18 13:57:55', 'Изменил данные страницу', '127.0.0.1'),
(1800, 1, 0, 1629, 66, 29, 'Иван', '2011-03-18 13:58:03', 'Изменил данные страницу', '127.0.0.1'),
(1805, 1, 0, 1633, 66, 29, 'Иван', '2011-03-18 14:52:43', 'Добавил страницу', '127.0.0.1'),
(1806, 1, 0, 1634, 66, 29, 'Иван', '2011-03-18 14:57:42', 'Добавил страницу', '127.0.0.1'),
(1807, 1, 0, 1635, 66, 29, 'Иван', '2011-03-18 15:00:55', 'Добавил страницу', '127.0.0.1'),
(1808, 1, 0, 1636, 66, 29, 'Иван', '2011-03-18 15:07:12', 'Добавил страницу', '127.0.0.1'),
(1809, 1, 0, 1637, 66, 29, 'Иван', '2011-03-18 15:09:15', 'Добавил страницу', '127.0.0.1'),
(1810, 1, 0, 1638, 66, 29, 'Иван', '2011-03-18 15:10:17', 'Добавил страницу', '127.0.0.1'),
(1811, 1, 0, 1639, 48, 29, 'Иван', '2011-03-18 15:21:22', 'Добавил страницу', '127.0.0.1'),
(1812, 1, 0, 1640, 48, 29, 'Иван', '2011-03-18 15:21:48', 'Добавил страницу', '127.0.0.1'),
(1813, 1, 0, 1641, 48, 29, 'Иван', '2011-03-18 15:21:59', 'Добавил страницу', '127.0.0.1'),
(1814, 1, 0, 1642, 48, 29, 'Иван', '2011-03-18 15:22:12', 'Добавил страницу', '127.0.0.1'),
(1815, 1, 0, 1628, 66, 29, 'Иван', '2011-03-18 16:10:18', 'Изменил данные страницу', '127.0.0.1'),
(1816, 1, 0, 1628, 66, 29, 'Иван', '2011-03-18 16:10:35', 'Изменил данные страницу', '127.0.0.1'),
(1817, 1, 0, 1629, 66, 29, 'Иван', '2011-03-18 16:12:27', 'Изменил данные страницу', '127.0.0.1'),
(1818, 1, 0, 1630, 66, 29, 'Иван', '2011-03-18 16:12:33', 'Изменил данные страницу', '127.0.0.1'),
(1819, 1, 0, 1631, 66, 29, 'Иван', '2011-03-18 16:12:40', 'Изменил данные страницу', '127.0.0.1'),
(1820, 1, 0, 1632, 66, 29, 'Иван', '2011-03-18 16:12:46', 'Изменил данные страницу', '127.0.0.1'),
(1821, 1, 0, 1633, 66, 29, 'Иван', '2011-03-18 16:12:58', 'Изменил данные страницу', '127.0.0.1'),
(1822, 1, 0, 1634, 66, 29, 'Иван', '2011-03-18 16:13:04', 'Изменил данные страницу', '127.0.0.1'),
(1823, 1, 0, 1635, 66, 29, 'Иван', '2011-03-18 16:13:36', 'Изменил данные страницу', '127.0.0.1'),
(1824, 1, 0, 1636, 66, 29, 'Иван', '2011-03-18 16:13:44', 'Изменил данные страницу', '127.0.0.1'),
(1825, 1, 0, 1637, 66, 29, 'Иван', '2011-03-18 16:13:59', 'Изменил данные страницу', '127.0.0.1'),
(1826, 1, 0, 1638, 66, 29, 'Иван', '2011-03-18 16:14:05', 'Изменил данные страницу', '127.0.0.1'),
(1827, 1, 0, 1643, 48, 29, 'Иван', '2011-03-18 16:14:21', 'Добавил страницу', '127.0.0.1'),
(1828, 1, 0, 1644, 48, 29, 'Иван', '2011-03-18 16:14:32', 'Добавил страницу', '127.0.0.1'),
(1829, 1, 0, 1645, 48, 29, 'Иван', '2011-03-18 16:14:43', 'Добавил страницу', '127.0.0.1'),
(1832, 1, 0, 1628, 66, 29, 'Иван', '2011-03-18 22:32:51', 'Изменил данные страницу', '127.0.0.1'),
(1833, 1, 0, 1629, 66, 29, 'Иван', '2011-03-18 22:32:55', 'Изменил данные страницу', '127.0.0.1'),
(1834, 1, 0, 1630, 66, 29, 'Иван', '2011-03-18 22:33:34', 'Изменил данные страницу', '127.0.0.1'),
(1835, 1, 0, 1631, 66, 29, 'Иван', '2011-03-18 22:33:40', 'Изменил данные страницу', '127.0.0.1'),
(1836, 1, 0, 1632, 66, 29, 'Иван', '2011-03-18 22:33:45', 'Изменил данные страницу', '127.0.0.1'),
(1837, 1, 0, 1633, 66, 29, 'Иван', '2011-03-18 22:33:51', 'Изменил данные страницу', '127.0.0.1'),
(1838, 1, 0, 1634, 66, 29, 'Иван', '2011-03-18 22:33:57', 'Изменил данные страницу', '127.0.0.1'),
(1839, 1, 0, 1635, 66, 29, 'Иван', '2011-03-18 22:34:19', 'Изменил данные страницу', '127.0.0.1'),
(1840, 1, 0, 1636, 66, 29, 'Иван', '2011-03-18 22:34:26', 'Изменил данные страницу', '127.0.0.1'),
(1841, 1, 0, 1637, 66, 29, 'Иван', '2011-03-18 22:34:31', 'Изменил данные страницу', '127.0.0.1'),
(1842, 1, 0, 1638, 66, 29, 'Иван', '2011-03-18 22:34:38', 'Изменил данные страницу', '127.0.0.1'),
(1843, 1, 0, 1646, 66, 29, 'Иван', '2011-03-18 22:35:43', 'Добавил страницу', '127.0.0.1'),
(1844, 1, 0, 1647, 48, 29, 'Иван', '2011-03-18 22:35:43', 'Добавил страницу', '127.0.0.1'),
(1845, 1, 0, 1648, 66, 29, 'Иван', '2011-03-18 22:35:49', 'Добавил страницу', '127.0.0.1'),
(1846, 1, 0, 1649, 66, 29, 'Иван', '2011-03-18 22:35:51', 'Добавил страницу', '127.0.0.1'),
(1847, 1, 0, 1646, 66, 29, 'Иван', '2011-03-18 22:36:04', 'Изменил данные страницу', '127.0.0.1'),
(1848, 1, 0, 1649, 66, 29, 'Иван', '2011-03-18 22:36:10', 'Изменил данные страницу', '127.0.0.1'),
(1849, 1, 0, 1648, 66, 29, 'Иван', '2011-03-18 22:36:20', 'Изменил данные страницу', '127.0.0.1'),
(1850, 1, 0, 1628, 66, 29, 'Иван', '2011-03-18 22:39:20', 'Изменил данные страницу', '127.0.0.1'),
(1851, 1, 0, 1629, 66, 29, 'Иван', '2011-03-18 22:40:02', 'Изменил данные страницу', '127.0.0.1'),
(1852, 1, 0, 1630, 66, 29, 'Иван', '2011-03-18 22:40:10', 'Изменил данные страницу', '127.0.0.1'),
(1853, 1, 0, 1631, 66, 29, 'Иван', '2011-03-18 22:40:18', 'Изменил данные страницу', '127.0.0.1'),
(1854, 1, 0, 1632, 66, 29, 'Иван', '2011-03-18 22:40:26', 'Изменил данные страницу', '127.0.0.1'),
(1855, 1, 0, 1637, 66, 29, 'Иван', '2011-03-18 22:40:36', 'Изменил данные страницу', '127.0.0.1'),
(1856, 1, 0, 1636, 66, 29, 'Иван', '2011-03-18 22:40:44', 'Изменил данные страницу', '127.0.0.1'),
(1857, 1, 0, 1638, 66, 29, 'Иван', '2011-03-18 22:40:51', 'Изменил данные страницу', '127.0.0.1'),
(1858, 1, 0, 1628, 66, 29, 'Иван', '2011-03-18 22:41:34', 'Изменил данные страницу', '127.0.0.1'),
(1859, 1, 0, 1628, 66, 29, 'Иван', '2011-03-18 22:42:43', 'Изменил данные страницу', '127.0.0.1'),
(1860, 1, 0, 1631, 66, 29, 'Иван', '2011-03-18 22:42:50', 'Изменил данные страницу', '127.0.0.1'),
(1861, 1, 0, 1638, 66, 29, 'Иван', '2011-03-18 22:42:56', 'Изменил данные страницу', '127.0.0.1'),
(1862, 1, 0, 1629, 66, 29, 'Иван', '2011-03-18 22:43:07', 'Изменил данные страницу', '127.0.0.1'),
(1863, 1, 0, 1630, 66, 29, 'Иван', '2011-03-18 22:43:14', 'Изменил данные страницу', '127.0.0.1'),
(1864, 1, 0, 1636, 66, 29, 'Иван', '2011-03-18 22:43:19', 'Изменил данные страницу', '127.0.0.1'),
(1865, 1, 0, 1646, 66, 29, 'Иван', '2011-03-18 22:43:25', 'Изменил данные страницу', '127.0.0.1'),
(1866, 1, 0, 1649, 66, 29, 'Иван', '2011-03-18 22:43:34', 'Изменил данные страницу', '127.0.0.1'),
(1867, 1, 0, 1648, 66, 29, 'Иван', '2011-03-18 22:43:47', 'Изменил данные страницу', '127.0.0.1'),
(1868, 1, 0, 1637, 66, 29, 'Иван', '2011-03-18 22:43:57', 'Изменил данные страницу', '127.0.0.1'),
(1869, 1, 0, 1632, 66, 29, 'Иван', '2011-03-18 22:44:07', 'Изменил данные страницу', '127.0.0.1'),
(1870, 1, 0, 339, 45, 29, 'Иван', '2011-03-18 22:49:22', 'Изменил данные страницу', '127.0.0.1'),
(1871, 1, 0, 339, 45, 29, 'Иван', '2011-03-18 22:49:26', 'Изменил данные страницу', '127.0.0.1'),
(1872, 1, 0, 339, 45, 29, 'Иван', '2011-03-18 22:49:34', 'Изменил данные страницу', '127.0.0.1'),
(1873, 1, 0, 1569, 45, 29, 'Иван', '2011-03-18 22:50:17', 'Изменил данные страницу', '127.0.0.1'),
(1874, 1, 0, 1569, 45, 29, 'Иван', '2011-03-18 22:51:15', 'Изменил данные страницу', '127.0.0.1'),
(1892, 1, 0, 1572, 53, 29, 'Иван', '2011-03-18 23:25:18', 'Изменил данные страницу', '127.0.0.1'),
(1897, 1, 0, 1572, 53, 29, 'Иван', '2011-03-18 23:25:22', 'Изменил данные страницу', '127.0.0.1'),
(1909, 1, 0, 1590, 61, 29, 'Иван', '2011-03-19 07:23:58', 'Изменил данные страницу', '127.0.0.1'),
(1917, 1, 0, 1628, 66, 29, 'Иван', '2011-04-12 03:49:31', 'Изменил данные страницу', '127.0.0.1'),
(1918, 1, 0, 1628, 66, 29, 'Иван', '2011-04-12 03:49:40', 'Изменил данные страницу', '127.0.0.1'),
(1919, 1, 0, 1628, 66, 29, 'Иван', '2011-04-12 03:53:54', 'Изменил данные страницу', '127.0.0.1'),
(1920, 1, 0, 1628, 66, 29, 'Иван', '2011-04-12 03:54:38', 'Изменил данные страницу', '127.0.0.1'),
(1921, 1, 0, 1628, 66, 29, 'Иван', '2011-04-12 03:55:06', 'Изменил данные страницу', '127.0.0.1'),
(1922, 1, 0, 1628, 66, 29, 'Иван', '2011-04-12 03:55:18', 'Изменил данные страницу', '127.0.0.1'),
(1923, 1, 0, 1628, 66, 29, 'Иван', '2011-04-12 03:55:27', 'Изменил данные страницу', '127.0.0.1'),
(1924, 1, 0, 1628, 66, 29, 'Иван', '2011-04-12 03:55:43', 'Изменил данные страницу', '127.0.0.1'),
(1925, 1, 0, 1628, 66, 29, 'Иван', '2011-04-12 03:56:43', 'Изменил данные страницу', '127.0.0.1'),
(1926, 1, 0, 1628, 66, 29, 'Иван', '2011-04-12 04:11:01', 'Изменил данные страницу', '127.0.0.1'),
(1927, 1, 0, 1628, 66, 29, 'Иван', '2011-04-12 04:11:08', 'Изменил данные страницу', '127.0.0.1'),
(1928, 1, 0, 1628, 66, 29, 'Иван', '2011-04-12 04:14:06', 'Изменил данные страницу', '127.0.0.1'),
(1929, 1, 0, 1628, 66, 29, 'Иван', '2011-04-12 04:14:52', 'Изменил данные страницу', '127.0.0.1'),
(1930, 1, 0, 1628, 66, 29, 'Иван', '2011-04-12 04:15:06', 'Изменил данные страницу', '127.0.0.1'),
(1931, 1, 0, 1628, 66, 29, 'Иван', '2011-04-12 04:16:10', 'Изменил данные страницу', '127.0.0.1'),
(1932, 1, 0, 1628, 66, 29, 'Иван', '2011-04-12 04:17:34', 'Изменил данные страницу', '127.0.0.1'),
(1933, 1, 0, 1628, 66, 29, 'Иван', '2011-04-12 04:18:03', 'Изменил данные страницу', '127.0.0.1'),
(1934, 1, 0, 1628, 66, 29, 'Иван', '2011-04-12 04:18:10', 'Изменил данные страницу', '127.0.0.1'),
(1935, 1, 0, 1628, 66, 29, 'Иван', '2011-04-12 04:18:19', 'Изменил данные страницу', '127.0.0.1'),
(1936, 1, 0, 1628, 66, 29, 'Иван', '2011-04-12 04:18:28', 'Изменил данные страницу', '127.0.0.1'),
(1937, 1, 0, 1628, 66, 29, 'Иван', '2011-04-12 04:18:35', 'Изменил данные страницу', '127.0.0.1'),
(1938, 1, 0, 1628, 66, 29, 'Иван', '2011-04-12 04:19:28', 'Изменил данные страницу', '127.0.0.1'),
(1939, 1, 0, 1628, 66, 29, 'Иван', '2011-04-12 04:19:50', 'Изменил данные страницу', '127.0.0.1'),
(1940, 1, 0, 1628, 66, 29, 'Иван', '2011-04-12 04:21:02', 'Изменил данные страницу', '127.0.0.1'),
(1941, 1, 0, 1628, 66, 29, 'Иван', '2011-04-12 04:21:23', 'Изменил данные страницу', '127.0.0.1'),
(1942, 1, 0, 1628, 66, 29, 'Иван', '2011-04-12 04:21:28', 'Изменил данные страницу', '127.0.0.1'),
(1943, 1, 0, 1628, 66, 29, 'Иван', '2011-04-12 04:21:34', 'Изменил данные страницу', '127.0.0.1'),
(1953, 1, 0, 1629, 66, 29, 'Иван', '2011-04-12 10:19:37', 'Изменил данные страницу', '127.0.0.1'),
(1954, 1, 0, 1629, 66, 29, 'Иван', '2011-04-12 10:19:43', 'Изменил данные страницу', '127.0.0.1'),
(1955, 1, 0, 1630, 66, 29, 'Иван', '2011-04-12 10:19:48', 'Изменил данные страницу', '127.0.0.1'),
(1956, 1, 0, 1630, 66, 29, 'Иван', '2011-04-12 10:19:55', 'Изменил данные страницу', '127.0.0.1'),
(1957, 1, 0, 1646, 66, 29, 'Иван', '2011-04-12 10:21:02', 'Изменил данные страницу', '127.0.0.1'),
(1958, 1, 0, 1649, 66, 29, 'Иван', '2011-04-12 10:21:17', 'Изменил данные страницу', '127.0.0.1'),
(1959, 1, 0, 1648, 66, 29, 'Иван', '2011-04-12 10:21:25', 'Изменил данные страницу', '127.0.0.1'),
(1960, 1, 0, 1636, 66, 29, 'Иван', '2011-04-12 10:21:45', 'Изменил данные страницу', '127.0.0.1'),
(1961, 1, 0, 1632, 66, 29, 'Иван', '2011-04-12 10:32:24', 'Изменил данные страницу', '127.0.0.1'),
(1962, 1, 0, 1628, 66, 29, 'Иван', '2011-04-13 02:36:24', 'Изменил данные страницу', '127.0.0.1'),
(1963, 1, 0, 340, 60, 29, 'Иван', '2011-04-13 02:43:08', 'Изменил данные страницу', '127.0.0.1'),
(1964, 1, 0, 1579, 47, 29, 'Иван', '2011-04-13 03:03:26', 'Изменил данные страницу', '127.0.0.1'),
(1968, 1, 0, 1581, 47, 29, 'Иван', '2011-04-13 04:48:51', 'Изменил данные страницу', '127.0.0.1'),
(1969, 1, 0, 1633, 66, 29, 'Иван', '2011-04-21 04:21:02', 'Изменил данные страницу', '127.0.0.1'),
(1999, 1, 0, 60, 45, 29, 'Иван', '2011-04-28 02:52:32', 'Изменил данные страницу', '127.0.0.1'),
(2009, 1, 0, 60, 45, 29, 'Иван', '2011-05-04 03:29:02', 'Изменил данные страницу', '127.0.0.1'),
(2011, 1, 0, 1571, 45, 29, 'Иван', '2011-05-05 05:19:32', 'Изменил данные страницу', '127.0.0.1'),
(2012, 1, 0, 1571, 45, 29, 'Иван', '2011-05-05 05:20:07', 'Изменил данные страницу', '127.0.0.1'),
(2013, 1, 0, 1571, 45, 29, 'Иван', '2011-05-05 05:20:24', 'Изменил данные страницу', '127.0.0.1'),
(2014, 1, 0, 1571, 45, 29, 'Иван', '2011-05-05 05:24:38', 'Изменил данные страницу', '127.0.0.1'),
(2015, 1, 0, 1571, 45, 29, 'Иван', '2011-05-05 05:25:47', 'Изменил данные страницу', '127.0.0.1'),
(2016, 1, 0, 1571, 45, 29, 'Иван', '2011-05-05 05:25:58', 'Изменил данные страницу', '127.0.0.1'),
(2018, 1, 0, 1628, 66, 29, 'Иван', '2011-05-16 03:42:03', 'Изменил данные страницу', '127.0.0.1'),
(2020, 1, 0, 60, 45, 29, 'Иван', '2011-06-02 08:00:38', 'Изменил данные страницу', '127.0.0.1'),
(2021, 1, 1, 338, 45, 29, 'Иван', '2011-06-02 08:27:19', 'Объект перемещен в корзину.', '127.0.0.1'),
(2022, 1, 0, 338, 45, 29, 'Иван', '2011-06-02 08:28:06', 'Объект восстановлен.', '127.0.0.1'),
(2023, 1, 0, 1570, 61, 29, 'Иван', '2011-06-02 08:28:14', 'Изменил данные страницу', '127.0.0.1'),
(2024, 1, 0, 1570, 61, 29, 'Иван', '2011-06-02 08:28:15', 'Изменил данные страницу', '127.0.0.1'),
(2025, 1, 0, 338, 45, 29, 'Иван', '2011-06-02 08:28:18', 'Изменил данные страницу', '127.0.0.1'),
(2026, 1, 0, 338, 45, 29, 'Иван', '2011-06-02 08:33:06', 'Изменил данные страницу', '127.0.0.1'),
(2027, 1, 0, 1611, 47, 29, 'Иван', '2011-06-02 08:33:31', 'Изменил данные страницу', '127.0.0.1'),
(2028, 1, 0, 1611, 47, 29, 'Иван', '2011-06-02 08:53:58', 'Изменил данные страницу', '127.0.0.1'),
(2029, 1, 1, 338, 45, 29, 'Иван', '2011-06-02 08:59:08', 'Объект перемещен в корзину.', '127.0.0.1'),
(2031, 1, 0, 338, 45, 29, 'Иван', '2011-06-02 10:32:37', 'Объект восстановлен.', '127.0.0.1'),
(2032, 1, 0, 338, 45, 29, 'Иван', '2011-06-02 10:32:40', 'Объект восстановлен.', '127.0.0.1'),
(2033, 1, 0, 338, 45, 29, 'Иван', '2011-06-02 10:32:45', 'Объект восстановлен.', '127.0.0.1'),
(2034, 1, 0, 338, 45, 29, 'Иван', '2011-06-02 10:32:49', 'Объект восстановлен.', '127.0.0.1'),
(2035, 1, 1, 338, 45, 29, 'Иван', '2011-06-02 10:33:18', 'Объект перемещен в корзину.', '127.0.0.1'),
(2036, 1, 0, 338, 45, 29, 'Иван', '2011-06-02 10:37:16', 'Объект восстановлен.', '127.0.0.1'),
(2037, 1, 1, 338, 45, 29, 'Иван', '2011-06-02 10:37:26', 'Объект перемещен в корзину.', '127.0.0.1'),
(2038, 1, 0, 338, 45, 29, 'Иван', '2011-06-02 10:37:43', 'Объект восстановлен.', '127.0.0.1'),
(2039, 1, 1, 338, 45, 29, 'Иван', '2011-06-02 10:38:07', 'Объект перемещен в корзину.', '127.0.0.1'),
(2040, 1, 0, 338, 45, 29, 'Иван', '2011-06-02 10:38:10', 'Объект восстановлен.', '127.0.0.1'),
(2041, 1, 0, 338, 45, 29, 'Иван', '2011-06-02 10:38:11', 'Объект восстановлен.', '127.0.0.1'),
(2042, 1, 0, 338, 45, 29, 'Иван', '2011-06-02 10:38:12', 'Объект восстановлен.', '127.0.0.1'),
(2043, 1, 0, 338, 45, 29, 'Иван', '2011-06-02 10:38:12', 'Объект восстановлен.', '127.0.0.1'),
(2044, 1, 0, 338, 45, 29, 'Иван', '2011-06-02 10:38:13', 'Объект восстановлен.', '127.0.0.1'),
(2045, 1, 1, 338, 45, 29, 'Иван', '2011-06-02 10:40:46', 'Объект перемещен в корзину.', '127.0.0.1'),
(2046, 1, 0, 338, 45, 29, 'Иван', '2011-06-02 10:41:14', 'Объект восстановлен.', '127.0.0.1'),
(2047, 1, 0, 338, 45, 29, 'Иван', '2011-06-02 10:43:53', 'Объект восстановлен.', '127.0.0.1'),
(2048, 1, 0, 338, 45, 29, 'Иван', '2011-06-02 10:44:43', 'Объект восстановлен.', '127.0.0.1'),
(2049, 1, 0, 338, 45, 29, 'Иван', '2011-06-02 10:44:55', 'Объект восстановлен.', '127.0.0.1'),
(2050, 1, 0, 338, 45, 29, 'Иван', '2011-06-02 10:44:55', 'Объект восстановлен.', '127.0.0.1'),
(2051, 1, 0, 338, 45, 29, 'Иван', '2011-06-02 10:44:56', 'Объект восстановлен.', '127.0.0.1'),
(2052, 1, 0, 338, 45, 29, 'Иван', '2011-06-02 10:45:34', 'Объект восстановлен.', '127.0.0.1'),
(2053, 1, 0, 338, 45, 29, 'Иван', '2011-06-02 10:45:55', 'Объект восстановлен.', '127.0.0.1'),
(2055, 1, 0, 338, 45, 29, 'Иван', '2011-06-02 10:46:25', 'Изменил данные страницу', '127.0.0.1'),
(2058, 1, 0, 1713, 45, 29, 'Иван', '2011-06-03 08:32:54', 'Добавил страницу', '127.0.0.1'),
(2059, 1, 0, 1713, 45, 29, 'Иван', '2011-06-03 08:33:34', 'Изменил данные страницу', '127.0.0.1'),
(2060, 1, 0, 1713, 45, 29, 'Иван', '2011-06-03 08:34:18', 'Изменил данные страницу', '127.0.0.1'),
(2061, 1, 0, 1713, 45, 29, 'Иван', '2011-06-03 08:35:05', 'Изменил данные страницу', '127.0.0.1'),
(2064, 1, 0, 1649, 66, 29, 'Иван', '2011-06-07 04:50:46', 'Изменил данные страницу', '127.0.0.1'),
(2065, 1, 0, 1649, 66, 29, 'Иван', '2011-06-07 04:51:23', 'Изменил данные страницу', '127.0.0.1'),
(2066, 1, 0, 1649, 66, 29, 'Иван', '2011-06-07 04:51:28', 'Изменил данные страницу', '127.0.0.1'),
(2067, 1, 0, 1649, 66, 29, 'Иван', '2011-06-07 04:58:54', 'Изменил данные страницу', '127.0.0.1'),
(2068, 1, 0, 1649, 66, 29, 'Иван', '2011-06-07 04:58:58', 'Изменил данные страницу', '127.0.0.1'),
(2078, 1, 0, 1649, 66, 29, 'Иван', '2011-06-07 05:02:26', 'Изменил данные страницу', '127.0.0.1'),
(2079, 1, 0, 1649, 66, 29, 'Иван', '2011-06-07 05:02:31', 'Изменил данные страницу', '127.0.0.1'),
(2080, 1, 0, 1649, 66, 29, 'Иван', '2011-06-07 05:02:37', 'Изменил данные страницу', '127.0.0.1'),
(2081, 1, 0, 1649, 66, 29, 'Иван', '2011-06-07 05:02:42', 'Изменил данные страницу', '127.0.0.1'),
(2082, 1, 0, 1649, 66, 29, 'Иван', '2011-06-07 05:04:54', 'Изменил данные страницу', '127.0.0.1'),
(2083, 1, 0, 1649, 66, 29, 'Иван', '2011-06-07 05:04:57', 'Изменил данные страницу', '127.0.0.1'),
(2084, 1, 0, 1649, 66, 29, 'Иван', '2011-06-07 05:05:03', 'Изменил данные страницу', '127.0.0.1'),
(2085, 1, 0, 1649, 66, 29, 'Иван', '2011-06-07 05:06:07', 'Изменил данные страницу', '127.0.0.1'),
(2086, 1, 0, 1649, 66, 29, 'Иван', '2011-06-07 05:06:10', 'Изменил данные страницу', '127.0.0.1'),
(2087, 1, 0, 1649, 66, 29, 'Иван', '2011-06-07 05:06:16', 'Изменил данные страницу', '127.0.0.1'),
(2088, 1, 0, 1649, 66, 29, 'Иван', '2011-06-07 05:06:20', 'Изменил данные страницу', '127.0.0.1'),
(2089, 1, 0, 1649, 66, 29, 'Иван', '2011-06-07 05:08:30', 'Изменил данные страницу', '127.0.0.1'),
(2090, 1, 0, 1649, 66, 29, 'Иван', '2011-06-07 05:08:33', 'Изменил данные страницу', '127.0.0.1'),
(2091, 1, 0, 1649, 66, 29, 'Иван', '2011-06-07 05:08:37', 'Изменил данные страницу', '127.0.0.1'),
(2092, 1, 0, 1649, 66, 29, 'Иван', '2011-06-07 05:09:35', 'Изменил данные страницу', '127.0.0.1'),
(2093, 1, 0, 1649, 66, 29, 'Иван', '2011-06-07 05:10:57', 'Изменил данные страницу', '127.0.0.1'),
(2094, 1, 0, 1649, 66, 29, 'Иван', '2011-06-07 05:11:02', 'Изменил данные страницу', '127.0.0.1'),
(2095, 1, 0, 1649, 66, 29, 'Иван', '2011-06-07 05:11:33', 'Изменил данные страницу', '127.0.0.1'),
(2096, 1, 0, 1649, 66, 29, 'Иван', '2011-06-07 05:12:09', 'Изменил данные страницу', '127.0.0.1'),
(2098, 1, 0, 72, 57, 29, 'Иван', '2011-06-07 08:19:25', 'Начал отправку 1 части выпуска <b>ваавы фавы ав</b> рассылки', '127.0.0.1'),
(2099, 1, 0, 72, 57, 29, 'Иван', '2011-06-07 08:19:25', 'Завершил отправку 1 части выпуска <b>ваавы фавы ав</b> рассылки', '127.0.0.1'),
(2108, 1, 0, 1572, 53, 29, 'Иван', '2011-06-07 08:25:25', 'Изменил данные страницу', '127.0.0.1'),
(2109, 1, 0, 1572, 53, 29, 'Иван', '2011-06-07 08:25:26', 'Изменил данные страницу', '127.0.0.1'),
(2110, 1, 0, 1630, 66, 29, 'Иван', '2011-06-07 08:27:20', 'Изменил данные страницу', '127.0.0.1'),
(2111, 1, 0, 1630, 66, 29, 'Иван', '2011-06-07 08:27:21', 'Изменил данные страницу', '127.0.0.1'),
(2112, 1, 0, 340, 60, 29, 'Иван', '2011-06-07 08:27:23', 'Изменил данные страницу', '127.0.0.1'),
(2113, 1, 0, 340, 60, 29, 'Иван', '2011-06-07 08:27:29', 'Изменил данные страницу', '127.0.0.1'),
(2115, 1, 0, 1600, 48, 29, 'Иван', '2011-06-07 08:27:51', 'Изменил данные страницу', '127.0.0.1'),
(2116, 1, 0, 1600, 48, 29, 'Иван', '2011-06-07 08:28:50', 'Изменил данные страницу', '127.0.0.1'),
(2118, 1, 0, 1649, 66, 29, 'Иван', '2011-06-08 04:24:52', 'Изменил данные страницу', '127.0.0.1'),
(2119, 1, 0, 1649, 66, 29, 'Иван', '2011-06-08 04:24:54', 'Изменил данные страницу', '127.0.0.1'),
(2120, 1, 0, 1648, 66, 29, 'Иван', '2011-06-08 04:25:51', 'Изменил данные страницу', '127.0.0.1'),
(2121, 1, 0, 1648, 66, 29, 'Иван', '2011-06-08 04:33:39', 'Изменил данные страницу', '127.0.0.1'),
(2122, 1, 0, 1649, 66, 29, 'Иван', '2011-06-08 04:33:41', 'Изменил данные страницу', '127.0.0.1'),
(2123, 1, 0, 1646, 66, 29, 'Иван', '2011-06-08 04:33:43', 'Изменил данные страницу', '127.0.0.1'),
(2124, 1, 0, 1649, 66, 29, 'Иван', '2011-06-08 04:33:44', 'Изменил данные страницу', '127.0.0.1'),
(2125, 1, 0, 1646, 66, 29, 'Иван', '2011-06-08 04:33:45', 'Изменил данные страницу', '127.0.0.1'),
(2126, 1, 0, 1646, 66, 29, 'Иван', '2011-06-08 04:34:50', 'Изменил данные страницу', '127.0.0.1');
INSERT INTO `bagira_revue` (`rev_id`, `rev_state`, `rev_type`, `rev_obj_id`, `rev_class_id`, `rev_user_id`, `rev_user`, `rev_datetime`, `rev_message`, `rev_ip`) VALUES
(2127, 1, 0, 1649, 66, 29, 'Иван', '2011-06-08 04:34:50', 'Изменил данные страницу', '127.0.0.1'),
(2128, 1, 0, 1648, 66, 29, 'Иван', '2011-06-08 04:34:50', 'Изменил данные страницу', '127.0.0.1'),
(2129, 1, 0, 1630, 66, 29, 'Иван', '2011-06-08 04:34:50', 'Изменил данные страницу', '127.0.0.1'),
(2130, 1, 0, 1636, 66, 29, 'Иван', '2011-06-08 04:34:50', 'Изменил данные страницу', '127.0.0.1'),
(2131, 1, 0, 1646, 66, 29, 'Иван', '2011-06-08 04:34:52', 'Изменил данные страницу', '127.0.0.1'),
(2132, 1, 0, 1649, 66, 29, 'Иван', '2011-06-08 04:34:52', 'Изменил данные страницу', '127.0.0.1'),
(2133, 1, 0, 1648, 66, 29, 'Иван', '2011-06-08 04:34:52', 'Изменил данные страницу', '127.0.0.1'),
(2134, 1, 0, 1630, 66, 29, 'Иван', '2011-06-08 04:34:52', 'Изменил данные страницу', '127.0.0.1'),
(2135, 1, 0, 1636, 66, 29, 'Иван', '2011-06-08 04:34:52', 'Изменил данные страницу', '127.0.0.1'),
(2136, 1, 0, 1646, 66, 29, 'Иван', '2011-06-08 04:35:05', 'Изменил данные страницу', '127.0.0.1'),
(2137, 1, 0, 1649, 66, 29, 'Иван', '2011-06-08 04:35:05', 'Изменил данные страницу', '127.0.0.1'),
(2138, 1, 0, 1648, 66, 29, 'Иван', '2011-06-08 04:35:05', 'Изменил данные страницу', '127.0.0.1'),
(2139, 1, 0, 1630, 66, 29, 'Иван', '2011-06-08 04:35:05', 'Изменил данные страницу', '127.0.0.1'),
(2140, 1, 0, 1636, 66, 29, 'Иван', '2011-06-08 04:35:05', 'Изменил данные страницу', '127.0.0.1'),
(2141, 1, 0, 1646, 66, 29, 'Иван', '2011-06-08 04:35:07', 'Изменил данные страницу', '127.0.0.1'),
(2142, 1, 0, 1649, 66, 29, 'Иван', '2011-06-08 04:35:07', 'Изменил данные страницу', '127.0.0.1'),
(2143, 1, 0, 1648, 66, 29, 'Иван', '2011-06-08 04:35:07', 'Изменил данные страницу', '127.0.0.1'),
(2144, 1, 0, 1630, 66, 29, 'Иван', '2011-06-08 04:35:07', 'Изменил данные страницу', '127.0.0.1'),
(2145, 1, 0, 1636, 66, 29, 'Иван', '2011-06-08 04:35:07', 'Изменил данные страницу', '127.0.0.1'),
(2146, 1, 0, 1648, 66, 29, 'Иван', '2011-06-08 04:35:08', 'Изменил данные страницу', '127.0.0.1'),
(2147, 1, 0, 1630, 66, 29, 'Иван', '2011-06-08 04:35:09', 'Изменил данные страницу', '127.0.0.1'),
(2148, 1, 0, 1630, 66, 29, 'Иван', '2011-06-08 04:35:10', 'Изменил данные страницу', '127.0.0.1'),
(2149, 1, 0, 1648, 66, 29, 'Иван', '2011-06-08 04:35:11', 'Изменил данные страницу', '127.0.0.1'),
(2159, 1, 0, 72, 57, 29, 'Иван', '2011-06-09 12:26:55', 'Начал отправку 1 части выпуска <b>ваавы фавы ав</b> рассылки', '127.0.0.1'),
(2160, 1, 0, 72, 57, 29, 'Иван', '2011-06-09 12:26:58', 'Завершил отправку 1 части выпуска <b>ваавы фавы ав</b> рассылки', '127.0.0.1'),
(2161, 1, 0, 72, 57, 29, 'Иван', '2011-06-09 12:40:59', 'Начал отправку 1 части выпуска <b>ваавы фавы ав</b> рассылки', '127.0.0.1'),
(2162, 1, 0, 72, 57, 29, 'Иван', '2011-06-09 12:41:00', 'Завершил отправку 1 части выпуска <b>ваавы фавы ав</b> рассылки', '127.0.0.1'),
(2167, 1, 0, 1628, 66, 29, 'Иван', '2011-06-10 10:46:05', 'Изменил данные страницу', '127.0.0.1'),
(2168, 1, 0, 1628, 66, 29, 'Иван', '2011-06-10 13:47:19', 'Изменил данные страницу', '127.0.0.1'),
(2169, 1, 0, 1628, 66, 29, 'Иван', '2011-06-10 15:55:04', 'Изменил данные страницу', '127.0.0.1'),
(2170, 1, 0, 1628, 66, 29, 'Иван', '2011-06-10 16:02:00', 'Изменил данные страницу', '127.0.0.1'),
(2171, 1, 0, 1628, 66, 29, 'Иван', '2011-06-10 16:02:16', 'Изменил данные страницу', '127.0.0.1'),
(2172, 1, 0, 1630, 66, 29, 'Иван', '2011-06-10 16:06:54', 'Изменил данные страницу', '127.0.0.1'),
(2173, 1, 0, 1630, 66, 29, 'Иван', '2011-06-10 16:07:15', 'Изменил данные страницу', '127.0.0.1'),
(2177, 1, 0, 340, 60, 29, 'Иван', '2011-06-15 10:17:50', 'Изменил данные страницу', '127.0.0.1'),
(2178, 1, 0, 1568, 60, 29, 'Иван', '2011-06-15 10:17:54', 'Изменил данные страницу', '127.0.0.1'),
(2179, 1, 0, 340, 60, 29, 'Иван', '2011-06-15 12:18:07', 'Изменил данные страницу', '127.0.0.1'),
(2180, 1, 0, 340, 60, 29, 'Иван', '2011-06-15 12:18:12', 'Изменил данные страницу', '127.0.0.1'),
(2181, 1, 0, 1628, 66, 29, 'Иван', '2011-06-17 11:13:15', 'Изменил данные страницу', '127.0.0.1'),
(2182, 1, 0, 1628, 66, 29, 'Иван', '2011-06-17 11:15:05', 'Изменил данные страницу', '127.0.0.1'),
(2183, 1, 0, 1628, 66, 29, 'Иван', '2011-06-17 11:15:17', 'Изменил данные страницу', '127.0.0.1'),
(2184, 1, 0, 1628, 66, 29, 'Иван', '2011-06-17 11:15:36', 'Изменил данные страницу', '127.0.0.1'),
(2185, 1, 0, 1628, 66, 29, 'Иван', '2011-06-17 11:15:42', 'Изменил данные страницу', '127.0.0.1'),
(2186, 1, 0, 1628, 66, 29, 'Иван', '2011-06-17 11:28:50', 'Изменил данные страницу', '127.0.0.1'),
(2187, 1, 0, 1628, 66, 29, 'Иван', '2011-06-17 11:29:05', 'Изменил данные страницу', '127.0.0.1'),
(2188, 1, 0, 1629, 66, 29, 'Иван', '2011-06-17 11:46:15', 'Изменил данные страницу', '127.0.0.1'),
(2189, 1, 0, 1630, 66, 29, 'Иван', '2011-06-17 11:46:42', 'Изменил данные страницу', '127.0.0.1'),
(2190, 1, 0, 1631, 66, 29, 'Иван', '2011-06-17 11:46:58', 'Изменил данные страницу', '127.0.0.1'),
(2191, 1, 0, 1632, 66, 29, 'Иван', '2011-06-17 11:47:31', 'Изменил данные страницу', '127.0.0.1'),
(2192, 1, 0, 1633, 66, 29, 'Иван', '2011-06-17 11:48:04', 'Изменил данные страницу', '127.0.0.1'),
(2193, 1, 0, 1634, 66, 29, 'Иван', '2011-06-17 11:48:21', 'Изменил данные страницу', '127.0.0.1'),
(2194, 1, 0, 1635, 66, 29, 'Иван', '2011-06-17 11:48:38', 'Изменил данные страницу', '127.0.0.1'),
(2195, 1, 0, 1636, 66, 29, 'Иван', '2011-06-17 11:48:58', 'Изменил данные страницу', '127.0.0.1'),
(2196, 1, 0, 1637, 66, 29, 'Иван', '2011-06-17 11:49:12', 'Изменил данные страницу', '127.0.0.1'),
(2197, 1, 0, 1638, 66, 29, 'Иван', '2011-06-17 11:49:26', 'Изменил данные страницу', '127.0.0.1'),
(2198, 1, 0, 1646, 66, 29, 'Иван', '2011-06-17 11:50:40', 'Изменил данные страницу', '127.0.0.1'),
(2199, 1, 0, 1649, 66, 29, 'Иван', '2011-06-17 11:50:54', 'Изменил данные страницу', '127.0.0.1'),
(2200, 1, 0, 1648, 66, 29, 'Иван', '2011-06-17 11:51:10', 'Изменил данные страницу', '127.0.0.1'),
(2207, 1, 0, 1749, 52, 29, 'Иван', '2011-06-20 16:35:07', 'Добавил страницу', '127.0.0.1'),
(2208, 1, 0, 1749, 52, 29, 'Иван', '2011-06-20 16:35:07', 'Изменил данные страницу', '127.0.0.1'),
(2209, 1, 0, 1749, 52, 29, 'Иван', '2011-06-20 16:38:01', 'Изменил данные страницу', '127.0.0.1'),
(2214, 1, 0, 1752, 52, 29, 'Иван', '2011-06-20 17:45:49', 'Добавил страницу', '127.0.0.1'),
(2215, 1, 0, 1752, 52, 29, 'Иван', '2011-06-20 17:45:49', 'Изменил данные страницу', '127.0.0.1'),
(2216, 1, 0, 1752, 52, 29, 'Иван', '2011-06-20 17:46:03', 'Изменил данные страницу', '127.0.0.1'),
(2232, 1, 0, 1757, 51, 29, 'Иван', '2011-06-21 13:11:26', 'Добавил страницу', '127.0.0.1'),
(2233, 1, 0, 1757, 51, 29, 'Иван', '2011-06-21 13:11:26', 'Изменил данные страницу', '127.0.0.1'),
(2234, 1, 0, 1757, 51, 29, 'Иван', '2011-06-21 13:11:39', 'Изменил данные страницу', '127.0.0.1'),
(2235, 1, 0, 1579, 47, 29, 'Иван', '2011-06-21 14:31:31', 'Изменил данные страницу', '127.0.0.1'),
(2236, 1, 0, 1568, 60, 29, 'Иван', '2011-06-21 14:36:01', 'Изменил данные страницу', '127.0.0.1'),
(2237, 1, 0, 1579, 47, 29, 'Иван', '2011-06-21 14:38:32', 'Изменил данные страницу', '127.0.0.1'),
(2238, 1, 0, 72, 57, 29, 'Иван', '2011-06-21 15:17:06', 'Начал отправку 1 части выпуска <b>Новости от 09.06.2011</b> рассылки', '127.0.0.1'),
(2239, 1, 0, 72, 57, 29, 'Иван', '2011-06-21 15:17:08', 'Завершил отправку 1 части выпуска <b>Новости от 09.06.2011</b> рассылки', '127.0.0.1'),
(2240, 1, 0, 346, 46, 29, 'Иван', '2011-06-21 15:33:58', 'Изменил данные страницу', '127.0.0.1'),
(2241, 1, 0, 347, 46, 29, 'Иван', '2011-06-21 15:34:26', 'Изменил данные страницу', '127.0.0.1'),
(2242, 1, 0, 348, 46, 29, 'Иван', '2011-06-21 15:34:34', 'Изменил данные страницу', '127.0.0.1'),
(2243, 1, 0, 347, 46, 29, 'Иван', '2011-06-21 15:35:04', 'Изменил данные страницу', '127.0.0.1'),
(2244, 1, 0, 346, 46, 29, 'Иван', '2011-06-21 15:41:39', 'Изменил данные страницу', '127.0.0.1'),
(2245, 1, 0, 346, 46, 29, 'Иван', '2011-06-21 15:41:40', 'Изменил данные страницу', '127.0.0.1'),
(2246, 1, 0, 1624, 46, 29, 'Иван', '2011-06-21 17:10:07', 'Изменил данные страницу', '127.0.0.1'),
(2247, 1, 0, 1625, 46, 29, 'Иван', '2011-06-21 17:10:15', 'Изменил данные страницу', '127.0.0.1'),
(2248, 1, 0, 350, 62, 29, 'Иван', '2011-06-21 17:13:24', 'Изменил данные страницу', '127.0.0.1'),
(2249, 1, 0, 345, 46, 29, 'Иван', '2011-06-21 17:20:28', 'Изменил данные страницу', '127.0.0.1'),
(2253, 1, 0, 1612, 51, 29, 'Иван', '2011-06-22 08:48:45', 'Изменил данные страницу', '127.0.0.1'),
(2254, 1, 0, 1760, 51, 29, 'Иван', '2011-06-22 08:50:03', 'Добавил страницу', '127.0.0.1'),
(2255, 1, 0, 1761, 51, 29, 'Иван', '2011-06-22 08:51:03', 'Добавил страницу', '127.0.0.1'),
(2256, 1, 0, 1762, 51, 29, 'Иван', '2011-06-22 08:51:38', 'Добавил страницу', '127.0.0.1'),
(2257, 1, 0, 1757, 51, 29, 'Иван', '2011-06-22 08:52:42', 'Изменил данные страницу', '127.0.0.1'),
(2258, 1, 0, 1634, 66, 29, 'Иван', '2011-06-22 08:56:18', 'Изменил данные страницу', '127.0.0.1'),
(2259, 1, 0, 1648, 66, 29, 'Иван', '2011-06-22 08:56:38', 'Изменил данные страницу', '127.0.0.1'),
(2260, 1, 0, 1634, 66, 29, 'Иван', '2011-06-22 08:56:58', 'Изменил данные страницу', '127.0.0.1'),
(2261, 1, 0, 1642, 48, 29, 'Иван', '2011-06-22 09:00:17', 'Изменил данные страницу', '127.0.0.1'),
(2262, 1, 0, 1643, 48, 29, 'Иван', '2011-06-22 09:00:47', 'Изменил данные страницу', '127.0.0.1'),
(2263, 1, 0, 1644, 48, 29, 'Иван', '2011-06-22 09:01:03', 'Изменил данные страницу', '127.0.0.1'),
(2264, 1, 0, 1763, 47, 29, 'Иван', '2011-06-22 09:06:25', 'Добавил страницу', '127.0.0.1'),
(2265, 1, 0, 1764, 47, 29, 'Иван', '2011-06-22 09:07:27', 'Добавил страницу', '127.0.0.1'),
(2266, 1, 0, 340, 60, 29, 'Иван', '2011-06-22 09:07:54', 'Изменил данные страницу', '127.0.0.1'),
(2267, 1, 0, 1765, 47, 29, 'Иван', '2011-06-22 09:10:12', 'Добавил страницу', '127.0.0.1'),
(2268, 1, 0, 1765, 47, 29, 'Иван', '2011-06-22 09:10:21', 'Изменил данные страницу', '127.0.0.1'),
(2269, 1, 0, 1766, 47, 29, 'Иван', '2011-06-22 09:11:32', 'Добавил страницу', '127.0.0.1'),
(2270, 1, 0, 1766, 47, 29, 'Иван', '2011-06-22 09:12:44', 'Изменил данные страницу', '127.0.0.1'),
(2271, 1, 0, 1766, 47, 29, 'Иван', '2011-06-22 09:13:05', 'Изменил данные страницу', '127.0.0.1'),
(2272, 1, 0, 1765, 47, 29, 'Иван', '2011-06-22 09:13:50', 'Изменил данные страницу', '127.0.0.1'),
(2273, 1, 0, 1764, 47, 29, 'Иван', '2011-06-22 09:13:57', 'Изменил данные страницу', '127.0.0.1'),
(2274, 1, 0, 1763, 47, 29, 'Иван', '2011-06-22 09:14:05', 'Изменил данные страницу', '127.0.0.1'),
(2275, 1, 0, 1766, 47, 29, 'Иван', '2011-06-22 09:15:37', 'Изменил данные страницу', '127.0.0.1'),
(2276, 1, 0, 1763, 47, 29, 'Иван', '2011-06-22 09:16:00', 'Изменил данные страницу', '127.0.0.1'),
(2277, 1, 0, 1766, 47, 29, 'Иван', '2011-06-22 09:17:04', 'Изменил данные страницу', '127.0.0.1'),
(2278, 1, 0, 1763, 47, 29, 'Иван', '2011-06-22 09:17:26', 'Изменил данные страницу', '127.0.0.1'),
(2279, 1, 0, 1764, 47, 29, 'Иван', '2011-06-22 09:17:49', 'Изменил данные страницу', '127.0.0.1'),
(2280, 1, 0, 1765, 47, 29, 'Иван', '2011-06-22 09:18:22', 'Изменил данные страницу', '127.0.0.1'),
(2281, 1, 0, 1764, 47, 29, 'Иван', '2011-06-22 09:18:55', 'Изменил данные страницу', '127.0.0.1'),
(2282, 1, 0, 1611, 47, 29, 'Иван', '2011-06-22 09:24:01', 'Изменил данные страницу', '127.0.0.1'),
(2283, 1, 0, 1765, 47, 29, 'Иван', '2011-06-22 09:30:55', 'Изменил данные страницу', '127.0.0.1'),
(2292, 1, 0, 1630, 66, 29, 'Иван', '2011-06-22 13:52:08', 'Изменил данные страницу', '127.0.0.1'),
(2293, 1, 0, 1630, 66, 29, 'Иван', '2011-06-22 13:52:08', 'Изменил данные страницу', '127.0.0.1'),
(2294, 1, 0, 345, 46, 29, 'Иван', '2011-07-14 19:28:36', 'Изменил данные страницу', '127.0.0.1'),
(2295, 1, 0, 345, 46, 29, 'Иван', '2011-07-14 19:29:08', 'Изменил данные страницу', '127.0.0.1'),
(2296, 1, 0, 1630, 66, 29, 'Иван', '2011-07-15 17:25:08', 'Изменил данные страницу', '127.0.0.1'),
(2297, 1, 0, 1767, 52, 29, 'Иван', '2011-07-15 17:43:28', 'Добавил страницу', '127.0.0.1'),
(2298, 1, 0, 1767, 52, 29, 'Иван', '2011-07-15 17:43:28', 'Изменил данные страницы', '127.0.0.1'),
(2299, 1, 0, 1767, 52, 29, 'Иван', '2011-07-15 17:43:45', 'Изменил данные страницы', '127.0.0.1'),
(2300, 1, 0, 60, 45, 29, 'Иван', '2011-07-15 18:10:44', 'Изменил данные страницы', '127.0.0.1'),
(2301, 1, 0, 60, 45, 29, 'Иван', '2011-07-15 18:11:36', 'Изменил данные страницы', '127.0.0.1'),
(2302, 1, 0, 340, 60, 29, 'Иван', '2011-07-15 18:18:52', 'Изменил данные страницы', '127.0.0.1'),
(2303, 1, 0, 340, 60, 29, 'Иван', '2011-07-15 18:22:46', 'Изменил данные страницы', '127.0.0.1'),
(2307, 1, 0, 338, 45, 29, 'Иван', '2011-07-18 12:16:35', 'Изменил данные страницы', '127.0.0.1'),
(2308, 1, 0, 72, 57, 29, 'Иван', '2011-08-17 15:18:17', 'Начал отправку 1 части выпуска <b>Новости от 09.06.2011</b> рассылки', '127.0.0.1'),
(2309, 1, 0, 72, 57, 29, 'Иван', '2011-08-17 15:18:20', 'Завершил отправку 1 части выпуска <b>Новости от 09.06.2011</b> рассылки', '127.0.0.1'),
(2316, 1, 0, 1578, 45, 29, 'Иван', '2011-08-23 10:11:04', 'Изменил данные страницы', '127.0.0.1'),
(2317, 1, 0, 1569, 45, 29, 'Иван', '2011-08-23 10:11:59', 'Изменил данные страницы', '127.0.0.1'),
(2318, 1, 0, 1569, 45, 29, 'Иван', '2011-08-23 14:02:29', 'Изменил данные страницы', '127.0.0.1'),
(2319, 1, 0, 1569, 45, 29, 'Иван', '2011-08-23 14:02:34', 'Изменил данные страницы', '127.0.0.1'),
(2320, 1, 0, 1569, 45, 29, 'Иван', '2011-08-23 14:02:40', 'Изменил данные страницы', '127.0.0.1'),
(2321, 1, 0, 1569, 45, 29, 'Иван', '2011-08-23 14:53:26', 'Изменил данные страницы', '127.0.0.1'),
(2322, 1, 0, 1569, 45, 29, 'Иван', '2011-08-23 14:53:34', 'Изменил данные страницы', '127.0.0.1'),
(2323, 1, 0, 1569, 45, 29, 'Иван', '2011-08-23 14:53:50', 'Изменил данные страницы', '127.0.0.1'),
(2324, 1, 0, 1569, 45, 29, 'Иван', '2011-08-23 14:53:57', 'Изменил данные страницы', '127.0.0.1'),
(2326, 1, 0, 1569, 45, 29, 'Иван', '2011-08-23 15:15:54', 'Изменил данные страницы', '127.0.0.1'),
(2330, 1, 0, 1569, 45, 29, 'Иван', '2011-08-23 18:05:26', 'Изменил данные страницы', '127.0.0.1'),
(2331, 1, 0, 1628, 66, 29, 'Иван', '2011-08-23 18:06:06', 'Изменил данные страницы', '127.0.0.1'),
(2332, 1, 0, 1628, 66, 29, 'Иван', '2011-08-23 18:06:10', 'Изменил данные страницы', '127.0.0.1'),
(2333, 1, 0, 340, 60, 29, 'Иван', '2011-08-25 18:14:57', 'Изменил данные страницы', '127.0.0.1'),
(2357, 1, 0, 1646, 66, 29, 'Иван', '2011-08-30 13:46:40', 'Изменил данные страницы', '127.0.0.1'),
(2358, 1, 0, 1646, 66, 29, 'Иван', '2011-08-30 13:46:50', 'Изменил данные страницы', '127.0.0.1'),
(2363, 1, 0, 1646, 66, 29, 'Иван', '2011-08-30 15:59:03', 'Изменил данные страницы', '127.0.0.1'),
(2364, 1, 0, 1646, 66, 29, 'Иван', '2011-08-30 15:59:09', 'Изменил данные страницы', '127.0.0.1'),
(2365, 1, 0, 1646, 66, 29, 'Иван', '2011-08-30 15:59:47', 'Изменил данные страницы', '127.0.0.1'),
(2366, 1, 0, 1646, 66, 29, 'Иван', '2011-08-30 16:02:32', 'Изменил данные страницы', '127.0.0.1'),
(2367, 1, 0, 1646, 66, 29, 'Иван', '2011-08-30 16:10:50', 'Изменил данные страницы', '127.0.0.1'),
(2368, 1, 0, 1624, 46, 29, 'Иван', '2012-06-20 12:41:42', 'Изменил данные страницы', '127.0.0.1'),
(2369, 1, 0, 1624, 46, 29, 'Иван', '2012-06-20 12:41:43', 'Изменил данные страницы', '127.0.0.1'),
(2370, 1, 0, 339, 45, 29, 'Иван', '2012-06-20 16:45:53', 'Изменил данные страницы', '127.0.0.1'),
(2371, 1, 0, 339, 45, 29, 'Иван', '2012-06-20 17:00:05', 'Изменил данные страницы', '127.0.0.1'),
(2372, 1, 0, 1624, 46, 29, 'Иван', '2012-06-20 17:28:29', 'Изменил данные страницы', '127.0.0.1'),
(2373, 1, 0, 1624, 46, 29, 'Иван', '2012-06-20 17:28:30', 'Изменил данные страницы', '127.0.0.1'),
(2374, 1, 0, 1624, 46, 29, 'Иван', '2012-06-20 17:39:26', 'Изменил данные страницы', '127.0.0.1'),
(2375, 1, 0, 1624, 46, 29, 'Иван', '2012-06-20 17:39:53', 'Изменил данные страницы', '127.0.0.1'),
(2376, 1, 0, 1624, 46, 29, 'Иван', '2012-06-20 17:39:56', 'Изменил данные страницы', '127.0.0.1'),
(2377, 1, 0, 1624, 46, 29, 'Иван', '2012-06-20 17:39:57', 'Изменил данные страницы', '127.0.0.1'),
(2378, 1, 0, 1624, 46, 29, 'Иван', '2012-06-20 17:39:57', 'Изменил данные страницы', '127.0.0.1'),
(2379, 1, 0, 1624, 46, 29, 'Иван', '2012-06-20 17:39:58', 'Изменил данные страницы', '127.0.0.1'),
(2380, 1, 0, 1624, 46, 29, 'Иван', '2012-06-20 17:41:01', 'Изменил данные страницы', '127.0.0.1'),
(2381, 1, 0, 1624, 46, 29, 'Иван', '2012-06-20 17:41:03', 'Изменил данные страницы', '127.0.0.1'),
(2382, 1, 0, 1624, 46, 29, 'Иван', '2012-06-20 17:41:04', 'Изменил данные страницы', '127.0.0.1'),
(2383, 1, 0, 1624, 46, 29, 'Иван', '2012-06-20 17:41:04', 'Изменил данные страницы', '127.0.0.1'),
(2384, 1, 0, 1624, 46, 29, 'Иван', '2012-06-20 17:41:04', 'Изменил данные страницы', '127.0.0.1'),
(2385, 1, 0, 1624, 46, 29, 'Иван', '2012-06-20 17:41:04', 'Изменил данные страницы', '127.0.0.1'),
(2386, 1, 0, 1624, 46, 29, 'Иван', '2012-06-20 17:41:05', 'Изменил данные страницы', '127.0.0.1'),
(2387, 1, 0, 1624, 46, 29, 'Иван', '2012-06-20 17:41:05', 'Изменил данные страницы', '127.0.0.1'),
(2388, 1, 0, 1624, 46, 29, 'Иван', '2012-06-20 17:41:05', 'Изменил данные страницы', '127.0.0.1'),
(2389, 1, 0, 1624, 46, 29, 'Иван', '2012-06-20 17:41:05', 'Изменил данные страницы', '127.0.0.1'),
(2390, 1, 0, 1624, 46, 29, 'Иван', '2012-06-20 17:41:30', 'Изменил данные страницы', '127.0.0.1'),
(2391, 1, 0, 1624, 46, 29, 'Иван', '2012-06-20 17:41:32', 'Изменил данные страницы', '127.0.0.1'),
(2392, 1, 0, 1624, 46, 29, 'Иван', '2012-06-20 17:41:36', 'Изменил данные страницы', '127.0.0.1'),
(2393, 1, 0, 1624, 46, 29, 'Иван', '2012-06-20 17:41:37', 'Изменил данные страницы', '127.0.0.1'),
(2394, 1, 0, 1624, 46, 29, 'Иван', '2012-06-20 17:41:40', 'Изменил данные страницы', '127.0.0.1'),
(2395, 1, 0, 1624, 46, 29, 'Иван', '2012-06-20 17:42:23', 'Изменил данные страницы', '127.0.0.1'),
(2396, 1, 0, 1624, 46, 29, 'Иван', '2012-06-20 17:42:25', 'Изменил данные страницы', '127.0.0.1'),
(2397, 1, 0, 1624, 46, 29, 'Иван', '2012-06-20 17:42:26', 'Изменил данные страницы', '127.0.0.1'),
(2398, 1, 0, 1624, 46, 29, 'Иван', '2012-06-20 17:42:26', 'Изменил данные страницы', '127.0.0.1'),
(2399, 1, 0, 1624, 46, 29, 'Иван', '2012-06-20 17:42:27', 'Изменил данные страницы', '127.0.0.1'),
(2400, 1, 0, 1624, 46, 29, 'Иван', '2012-06-20 17:42:27', 'Изменил данные страницы', '127.0.0.1'),
(2401, 1, 0, 1624, 46, 29, 'Иван', '2012-06-20 17:42:28', 'Изменил данные страницы', '127.0.0.1'),
(2402, 1, 0, 1624, 46, 29, 'Иван', '2012-06-20 17:42:29', 'Изменил данные страницы', '127.0.0.1'),
(2403, 1, 0, 1624, 46, 29, 'Иван', '2012-06-20 17:42:33', 'Изменил данные страницы', '127.0.0.1'),
(2404, 1, 0, 1624, 46, 29, 'Иван', '2012-06-20 17:42:34', 'Изменил данные страницы', '127.0.0.1'),
(2405, 1, 0, 1624, 46, 29, 'Иван', '2012-06-20 17:42:34', 'Изменил данные страницы', '127.0.0.1'),
(2406, 1, 0, 1624, 46, 29, 'Иван', '2012-06-20 17:46:02', 'Изменил данные страницы', '127.0.0.1'),
(2407, 1, 0, 1624, 46, 29, 'Иван', '2012-06-20 17:46:02', 'Изменил данные страницы', '127.0.0.1'),
(2408, 1, 0, 1624, 46, 29, 'Иван', '2012-06-20 17:46:03', 'Изменил данные страницы', '127.0.0.1'),
(2409, 1, 0, 1624, 46, 29, 'Иван', '2012-06-20 17:46:06', 'Изменил данные страницы', '127.0.0.1'),
(2410, 1, 0, 1624, 46, 29, 'Иван', '2012-06-20 17:46:07', 'Изменил данные страницы', '127.0.0.1'),
(2411, 1, 0, 1624, 46, 29, 'Иван', '2012-06-20 17:46:07', 'Изменил данные страницы', '127.0.0.1'),
(2412, 1, 0, 1624, 46, 29, 'Иван', '2012-06-20 17:46:08', 'Изменил данные страницы', '127.0.0.1'),
(2413, 1, 0, 1624, 46, 29, 'Иван', '2012-06-20 17:46:08', 'Изменил данные страницы', '127.0.0.1'),
(2414, 1, 0, 60, 45, 29, 'Иван', '2012-06-20 17:50:04', 'Изменил данные страницы', '127.0.0.1'),
(2415, 1, 0, 60, 45, 29, 'Иван', '2012-06-20 17:50:05', 'Изменил данные страницы', '127.0.0.1'),
(2416, 1, 0, 60, 45, 29, 'Иван', '2012-06-20 17:50:07', 'Изменил данные страницы', '127.0.0.1'),
(2417, 1, 0, 60, 45, 29, 'Иван', '2012-06-20 17:50:07', 'Изменил данные страницы', '127.0.0.1'),
(2418, 1, 0, 60, 45, 29, 'Иван', '2012-06-20 17:50:08', 'Изменил данные страницы', '127.0.0.1'),
(2419, 1, 0, 60, 45, 29, 'Иван', '2012-06-20 17:50:08', 'Изменил данные страницы', '127.0.0.1'),
(2420, 1, 0, 60, 45, 29, 'Иван', '2012-06-20 17:53:12', 'Изменил данные страницы', '127.0.0.1'),
(2421, 1, 0, 60, 45, 29, 'Иван', '2012-06-20 17:53:13', 'Изменил данные страницы', '127.0.0.1'),
(2422, 1, 0, 60, 45, 29, 'Иван', '2012-06-20 17:53:14', 'Изменил данные страницы', '127.0.0.1'),
(2423, 1, 0, 60, 45, 29, 'Иван', '2012-06-20 17:53:15', 'Изменил данные страницы', '127.0.0.1'),
(2424, 1, 0, 1624, 46, 29, 'Иван', '2012-06-20 17:56:51', 'Изменил данные страницы', '127.0.0.1'),
(2425, 1, 0, 1624, 46, 29, 'Иван', '2012-06-20 17:56:51', 'Изменил данные страницы', '127.0.0.1'),
(2426, 1, 0, 1629, 66, 29, 'Иван', '2012-06-20 18:00:14', 'Изменил данные страницы', '127.0.0.1'),
(2427, 1, 0, 1629, 66, 29, 'Иван', '2012-06-20 18:00:15', 'Изменил данные страницы', '127.0.0.1'),
(2428, 1, 0, 1643, 48, 29, 'Иван', '2012-06-20 18:00:15', 'Изменил данные страницы', '127.0.0.1'),
(2429, 1, 0, 1643, 48, 29, 'Иван', '2012-06-20 18:00:16', 'Изменил данные страницы', '127.0.0.1'),
(2430, 1, 0, 1644, 48, 29, 'Иван', '2012-06-20 18:00:16', 'Изменил данные страницы', '127.0.0.1'),
(2431, 1, 0, 1644, 48, 29, 'Иван', '2012-06-20 18:00:17', 'Изменил данные страницы', '127.0.0.1'),
(2432, 1, 0, 1644, 48, 29, 'Иван', '2012-06-20 18:00:18', 'Изменил данные страницы', '127.0.0.1'),
(2433, 1, 0, 1644, 48, 29, 'Иван', '2012-06-20 18:00:20', 'Изменил данные страницы', '127.0.0.1'),
(2434, 1, 0, 1643, 48, 29, 'Иван', '2012-06-20 18:00:21', 'Изменил данные страницы', '127.0.0.1'),
(2435, 1, 0, 1643, 48, 29, 'Иван', '2012-06-20 18:00:22', 'Изменил данные страницы', '127.0.0.1'),
(2436, 1, 0, 1630, 66, 29, 'Иван', '2012-06-20 18:00:23', 'Изменил данные страницы', '127.0.0.1'),
(2437, 1, 0, 1630, 66, 29, 'Иван', '2012-06-20 18:00:24', 'Изменил данные страницы', '127.0.0.1'),
(2438, 1, 0, 1571, 45, 29, 'Иван', '2012-06-20 18:00:30', 'Изменил данные страницы', '127.0.0.1'),
(2439, 1, 0, 1571, 45, 29, 'Иван', '2012-06-20 18:00:30', 'Изменил данные страницы', '127.0.0.1'),
(2440, 1, 0, 1568, 60, 29, 'Иван', '2012-06-22 14:43:03', 'Изменил данные страницы', '127.0.0.1'),
(2441, 1, 0, 340, 60, 29, 'Иван', '2012-06-22 14:43:08', 'Изменил данные страницы', '127.0.0.1'),
(2442, 1, 0, 1625, 46, 29, 'Иван', '2012-06-22 14:43:25', 'Изменил данные страницы', '127.0.0.1'),
(2443, 1, 0, 1626, 46, 29, 'Иван', '2012-06-22 14:43:31', 'Изменил данные страницы', '127.0.0.1'),
(2444, 1, 0, 1627, 46, 29, 'Иван', '2012-06-22 14:43:34', 'Изменил данные страницы', '127.0.0.1'),
(2445, 1, 0, 346, 46, 29, 'Иван', '2012-06-22 14:43:38', 'Изменил данные страницы', '127.0.0.1'),
(2446, 1, 0, 347, 46, 29, 'Иван', '2012-06-22 14:43:41', 'Изменил данные страницы', '127.0.0.1'),
(2447, 1, 0, 348, 46, 29, 'Иван', '2012-06-22 14:43:45', 'Изменил данные страницы', '127.0.0.1'),
(2448, 1, 0, 1590, 61, 29, 'Иван', '2012-06-22 14:43:57', 'Изменил данные страницы', '127.0.0.1'),
(2449, 1, 0, 1601, 61, 29, 'Иван', '2012-06-22 14:44:02', 'Изменил данные страницы', '127.0.0.1'),
(2450, 1, 0, 350, 62, 29, 'Иван', '2012-06-22 14:44:08', 'Изменил данные страницы', '127.0.0.1'),
(2468, 1, 0, 1569, 45, 29, 'Иван', '2012-06-22 15:10:29', 'Изменил данные страницы', '127.0.0.1'),
(2470, 1, 0, 1569, 45, 29, 'Иван', '2012-06-22 15:10:41', 'Изменил данные страницы', '127.0.0.1'),
(2476, 1, 0, 1569, 45, 29, 'Иван', '2012-06-22 15:15:27', 'Изменил данные страницы', '127.0.0.1'),
(2477, 1, 0, 1624, 46, 29, 'Иван', '2012-07-06 13:23:53', 'Изменил данные страницы', '127.0.0.1'),
(2478, 1, 0, 1624, 46, 29, 'Иван', '2012-07-06 13:23:54', 'Изменил данные страницы', '127.0.0.1'),
(2479, 1, 0, 1624, 46, 29, 'Иван', '2012-07-06 13:23:55', 'Изменил данные страницы', '127.0.0.1'),
(2480, 1, 0, 1624, 46, 29, 'Иван', '2012-07-06 13:23:55', 'Изменил данные страницы', '127.0.0.1');

-- --------------------------------------------------------

--
-- Структура таблицы `bagira_rights`
--

CREATE TABLE IF NOT EXISTS `bagira_rights` (
  `r_obj_id` int(11) NOT NULL,
  `r_state` tinyint(1) DEFAULT NULL,
  `r_group_id` int(11) DEFAULT NULL,
  KEY `r_obj_id` (`r_obj_id`),
  KEY `r_group_id` (`r_group_id`)
) ENGINE=InnoDB DEFAULT CHARSET=cp1251;

--
-- Дамп данных таблицы `bagira_rights`
--

INSERT INTO `bagira_rights` (`r_obj_id`, `r_state`, `r_group_id`) VALUES
(1582, 2, NULL),
(1583, 2, NULL),
(1584, 2, NULL),
(1585, 2, NULL),
(1586, 2, NULL),
(1570, 2, NULL),
(1597, 2, NULL),
(1598, 2, NULL),
(1600, 2, NULL),
(1602, 2, NULL),
(1603, 2, NULL),
(1639, 2, NULL),
(1640, 2, NULL),
(1641, 2, NULL),
(1645, 2, NULL),
(1647, 2, NULL),
(1572, 2, NULL),
(1581, 2, NULL),
(1571, 2, NULL),
(1713, 2, NULL),
(1629, 2, NULL),
(1631, 2, NULL),
(1632, 2, NULL),
(1633, 2, NULL),
(1635, 2, NULL),
(1636, 2, NULL),
(1637, 2, NULL),
(1638, 2, NULL),
(1649, 2, NULL),
(1749, 2, NULL),
(1752, 2, NULL),
(1579, 2, NULL),
(1624, 2, NULL),
(1612, 2, NULL),
(1760, 2, NULL),
(1761, 2, NULL),
(1762, 2, NULL),
(1757, 2, NULL),
(1648, 2, NULL),
(1634, 2, NULL),
(1642, 2, NULL),
(1643, 2, NULL),
(1644, 2, NULL),
(1766, 2, NULL),
(1763, 2, NULL),
(1764, 2, NULL),
(1611, 2, NULL),
(1765, 2, NULL),
(345, 2, NULL),
(1630, 2, NULL),
(1767, 2, NULL),
(60, 2, NULL),
(338, 2, NULL),
(1578, 2, NULL),
(1628, 2, NULL),
(1646, 2, NULL),
(339, 2, NULL),
(1568, 2, NULL),
(340, 2, NULL),
(1625, 2, NULL),
(1626, 2, NULL),
(1627, 2, NULL),
(346, 2, NULL),
(347, 2, NULL),
(348, 2, NULL),
(1590, 2, NULL),
(1601, 2, NULL),
(350, 2, NULL),
(1569, 2, NULL);

-- --------------------------------------------------------

--
-- Структура таблицы `bagira_search_rankings`
--

CREATE TABLE IF NOT EXISTS `bagira_search_rankings` (
  `sr_word_id` int(11) NOT NULL,
  `sr_rank` int(5) NOT NULL,
  `sr_obj_id` int(11) NOT NULL,
  `sr_lang_id` int(11) NOT NULL,
  `sr_domain_id` int(11) NOT NULL,
  KEY `sr_word_id` (`sr_word_id`),
  KEY `sr_obj_id` (`sr_obj_id`),
  KEY `sr_domain_id` (`sr_domain_id`),
  KEY `sr_lang_id` (`sr_lang_id`)
) ENGINE=InnoDB DEFAULT CHARSET=cp1251;

--
-- Дамп данных таблицы `bagira_search_rankings`
--

INSERT INTO `bagira_search_rankings` (`sr_word_id`, `sr_rank`, `sr_obj_id`, `sr_lang_id`, `sr_domain_id`) VALUES
(5819, 22, 1570, 1, 1),
(5821, 23, 1572, 1, 1),
(5822, 46, 1572, 1, 1),
(5823, 23, 1572, 1, 1),
(5824, 23, 1572, 1, 1),
(5825, 23, 1572, 1, 1),
(5826, 23, 1572, 1, 1),
(5827, 23, 1572, 1, 1),
(5831, 27, 1579, 1, 1),
(5832, 25, 1579, 1, 1),
(5833, 22, 1579, 1, 1),
(5834, 22, 1579, 1, 1),
(5835, 25, 1579, 1, 1),
(5836, 26, 1579, 1, 1),
(5837, 2, 1579, 1, 1),
(5838, 2, 1579, 1, 1),
(5839, 2, 1579, 1, 1),
(5840, 3, 1579, 1, 1),
(5841, 3, 1579, 1, 1),
(5842, 2, 1579, 1, 1),
(5843, 2, 1579, 1, 1),
(5844, 3, 1579, 1, 1),
(5834, 2, 1579, 1, 1),
(5845, 8, 1579, 1, 1),
(5846, 3, 1579, 1, 1),
(5847, 2, 1579, 1, 1),
(5848, 2, 1579, 1, 1),
(5849, 2, 1579, 1, 1),
(5850, 2, 1579, 1, 1),
(5851, 6, 1579, 1, 1),
(5852, 2, 1579, 1, 1),
(5853, 2, 1579, 1, 1),
(5854, 2, 1579, 1, 1),
(5855, 2, 1579, 1, 1),
(5856, 2, 1579, 1, 1),
(5857, 2, 1579, 1, 1),
(5858, 2, 1579, 1, 1),
(5859, 2, 1579, 1, 1),
(5860, 2, 1579, 1, 1),
(5861, 2, 1579, 1, 1),
(5862, 3, 1579, 1, 1),
(5863, 3, 1579, 1, 1),
(5864, 1, 1579, 1, 1),
(5865, 1, 1579, 1, 1),
(5866, 1, 1579, 1, 1),
(5867, 1, 1579, 1, 1),
(5868, 1, 1579, 1, 1),
(5869, 4, 1579, 1, 1),
(5870, 1, 1579, 1, 1),
(5871, 1, 1579, 1, 1),
(5872, 1, 1579, 1, 1),
(5873, 1, 1579, 1, 1),
(5874, 1, 1579, 1, 1),
(5875, 1, 1579, 1, 1),
(5825, 5, 1579, 1, 1),
(5876, 1, 1579, 1, 1),
(5877, 1, 1579, 1, 1),
(5878, 1, 1579, 1, 1),
(5834, 1, 1579, 1, 1),
(5879, 1, 1579, 1, 1),
(5880, 1, 1579, 1, 1),
(5881, 1, 1579, 1, 1),
(5882, 1, 1579, 1, 1),
(5883, 2, 1579, 1, 1),
(5884, 1, 1579, 1, 1),
(5874, 1, 1579, 1, 1),
(5870, 1, 1579, 1, 1),
(5885, 1, 1579, 1, 1),
(5886, 1, 1579, 1, 1),
(5887, 1, 1579, 1, 1),
(5888, 1, 1579, 1, 1),
(5889, 1, 1579, 1, 1),
(5890, 1, 1579, 1, 1),
(5891, 2, 1579, 1, 1),
(5892, 1, 1579, 1, 1),
(5893, 1, 1579, 1, 1),
(5894, 1, 1579, 1, 1),
(5895, 1, 1579, 1, 1),
(5896, 2, 1579, 1, 1),
(5897, 2, 1579, 1, 1),
(5898, 2, 1579, 1, 1),
(5899, 1, 1579, 1, 1),
(5900, 1, 1579, 1, 1),
(5901, 1, 1579, 1, 1),
(5902, 1, 1579, 1, 1),
(5903, 1, 1579, 1, 1),
(5904, 1, 1579, 1, 1),
(5905, 1, 1579, 1, 1),
(5906, 1, 1579, 1, 1),
(5907, 1, 1579, 1, 1),
(5884, 1, 1579, 1, 1),
(5908, 1, 1579, 1, 1),
(5909, 1, 1579, 1, 1),
(5910, 1, 1579, 1, 1),
(5911, 1, 1579, 1, 1),
(5912, 1, 1579, 1, 1),
(5913, 1, 1579, 1, 1),
(5914, 1, 1579, 1, 1),
(5915, 1, 1579, 1, 1),
(5916, 1, 1579, 1, 1),
(5904, 1, 1579, 1, 1),
(5917, 1, 1579, 1, 1),
(5918, 1, 1579, 1, 1),
(5919, 1, 1579, 1, 1),
(5920, 1, 1579, 1, 1),
(5921, 1, 1579, 1, 1),
(5922, 1, 1579, 1, 1),
(5923, 1, 1579, 1, 1),
(5924, 1, 1579, 1, 1),
(5925, 1, 1579, 1, 1),
(5926, 1, 1579, 1, 1),
(5927, 1, 1579, 1, 1),
(5928, 1, 1579, 1, 1),
(5929, 3, 1579, 1, 1),
(5930, 1, 1579, 1, 1),
(5931, 1, 1579, 1, 1),
(5932, 1, 1579, 1, 1),
(5933, 1, 1579, 1, 1),
(5934, 1, 1579, 1, 1),
(5935, 1, 1579, 1, 1),
(5936, 1, 1579, 1, 1),
(5834, 2, 1579, 1, 1),
(5937, 1, 1579, 1, 1),
(5938, 1, 1579, 1, 1),
(5939, 1, 1579, 1, 1),
(5940, 1, 1579, 1, 1),
(5941, 1, 1579, 1, 1),
(5942, 1, 1579, 1, 1),
(5943, 1, 1579, 1, 1),
(5944, 1, 1579, 1, 1),
(5945, 1, 1579, 1, 1),
(5946, 1, 1579, 1, 1),
(5947, 1, 1579, 1, 1),
(5948, 1, 1579, 1, 1),
(5949, 1, 1579, 1, 1),
(5950, 1, 1579, 1, 1),
(5951, 1, 1579, 1, 1),
(5952, 1, 1579, 1, 1),
(5953, 1, 1579, 1, 1),
(5954, 1, 1579, 1, 1),
(5955, 1, 1579, 1, 1),
(5956, 1, 1579, 1, 1),
(5957, 1, 1579, 1, 1),
(5958, 1, 1579, 1, 1),
(5959, 1, 1579, 1, 1),
(5960, 1, 1579, 1, 1),
(5961, 1, 1579, 1, 1),
(5962, 1, 1579, 1, 1),
(5963, 2, 1579, 1, 1),
(5964, 1, 1579, 1, 1),
(5965, 1, 1579, 1, 1),
(5966, 1, 1579, 1, 1),
(5967, 1, 1579, 1, 1),
(5968, 1, 1579, 1, 1),
(5969, 1, 1579, 1, 1),
(5970, 1, 1579, 1, 1),
(5971, 1, 1579, 1, 1),
(5972, 1, 1579, 1, 1),
(5973, 1, 1579, 1, 1),
(5974, 1, 1579, 1, 1),
(5912, 1, 1579, 1, 1),
(5975, 1, 1579, 1, 1),
(5976, 1, 1579, 1, 1),
(5977, 1, 1579, 1, 1),
(5978, 1, 1579, 1, 1),
(5888, 1, 1579, 1, 1),
(5979, 1, 1579, 1, 1),
(5980, 1, 1579, 1, 1),
(5981, 1, 1579, 1, 1),
(5982, 1, 1579, 1, 1),
(5983, 1, 1579, 1, 1),
(5984, 1, 1579, 1, 1),
(5985, 1, 1579, 1, 1),
(5986, 1, 1579, 1, 1),
(5987, 1, 1579, 1, 1),
(5988, 1, 1579, 1, 1),
(5989, 1, 1579, 1, 1),
(5990, 1, 1579, 1, 1),
(5991, 1, 1579, 1, 1),
(5992, 1, 1579, 1, 1),
(5860, 1, 1579, 1, 1),
(5861, 1, 1579, 1, 1),
(5993, 1, 1579, 1, 1),
(5994, 1, 1579, 1, 1),
(5995, 1, 1579, 1, 1),
(5996, 1, 1579, 1, 1),
(5997, 1, 1579, 1, 1),
(5998, 1, 1579, 1, 1),
(5999, 1, 1579, 1, 1),
(6000, 1, 1579, 1, 1),
(6001, 1, 1579, 1, 1),
(6002, 1, 1579, 1, 1),
(6003, 1, 1579, 1, 1),
(6004, 1, 1579, 1, 1),
(6005, 1, 1579, 1, 1),
(5974, 1, 1579, 1, 1),
(6006, 1, 1579, 1, 1),
(6007, 1, 1579, 1, 1),
(6001, 1, 1579, 1, 1),
(5916, 1, 1579, 1, 1),
(6008, 1, 1579, 1, 1),
(6009, 1, 1579, 1, 1),
(6010, 1, 1579, 1, 1),
(6011, 1, 1579, 1, 1),
(6012, 22, 1581, 1, 1),
(6013, 24, 1581, 1, 1),
(6014, 24, 1581, 1, 1),
(5825, 23, 1581, 1, 1),
(6015, 22, 1581, 1, 1),
(6016, 24, 1581, 1, 1),
(6017, 24, 1581, 1, 1),
(6018, 2, 1581, 1, 1),
(6019, 2, 1581, 1, 1),
(5948, 2, 1581, 1, 1),
(6020, 2, 1581, 1, 1),
(5841, 2, 1581, 1, 1),
(6021, 2, 1581, 1, 1),
(6022, 2, 1581, 1, 1),
(6015, 3, 1581, 1, 1),
(6023, 2, 1581, 1, 1),
(6024, 2, 1581, 1, 1),
(6025, 2, 1581, 1, 1),
(6026, 2, 1581, 1, 1),
(6027, 4, 1581, 1, 1),
(6028, 2, 1581, 1, 1),
(6029, 1, 1581, 1, 1),
(6011, 1, 1581, 1, 1),
(6030, 1, 1581, 1, 1),
(6031, 1, 1581, 1, 1),
(6032, 2, 1581, 1, 1),
(6033, 2, 1581, 1, 1),
(6034, 1, 1581, 1, 1),
(5844, 1, 1581, 1, 1),
(6035, 1, 1581, 1, 1),
(5834, 1, 1581, 1, 1),
(6036, 1, 1581, 1, 1),
(6037, 1, 1581, 1, 1),
(6038, 1, 1581, 1, 1),
(6039, 1, 1581, 1, 1),
(6040, 1, 1581, 1, 1),
(6041, 1, 1581, 1, 1),
(6042, 1, 1581, 1, 1),
(5849, 2, 1581, 1, 1),
(6011, 2, 1581, 1, 1),
(6043, 1, 1581, 1, 1),
(6044, 1, 1581, 1, 1),
(6045, 1, 1581, 1, 1),
(6046, 1, 1581, 1, 1),
(6047, 2, 1581, 1, 1),
(6048, 2, 1581, 1, 1),
(6049, 1, 1581, 1, 1),
(6050, 1, 1581, 1, 1),
(6051, 1, 1581, 1, 1),
(6052, 1, 1581, 1, 1),
(6053, 1, 1581, 1, 1),
(6054, 1, 1581, 1, 1),
(6055, 1, 1581, 1, 1),
(6056, 1, 1581, 1, 1),
(6024, 1, 1581, 1, 1),
(5850, 1, 1581, 1, 1),
(6057, 1, 1581, 1, 1),
(6058, 1, 1581, 1, 1),
(6059, 1, 1581, 1, 1),
(6060, 1, 1581, 1, 1),
(6061, 1, 1581, 1, 1),
(6062, 2, 1581, 1, 1),
(6063, 1, 1581, 1, 1),
(6064, 1, 1581, 1, 1),
(6065, 1, 1581, 1, 1),
(6066, 1, 1581, 1, 1),
(6067, 1, 1581, 1, 1),
(6068, 4, 1581, 1, 1),
(6069, 4, 1581, 1, 1),
(6070, 1, 1581, 1, 1),
(6071, 1, 1581, 1, 1),
(6072, 1, 1581, 1, 1),
(6070, 1, 1581, 1, 1),
(6061, 1, 1581, 1, 1),
(6073, 1, 1581, 1, 1),
(6074, 1, 1581, 1, 1),
(6075, 3, 1581, 1, 1),
(6076, 3, 1581, 1, 1),
(6024, 1, 1581, 1, 1),
(6077, 1, 1581, 1, 1),
(6078, 1, 1581, 1, 1),
(6079, 1, 1581, 1, 1),
(6080, 1, 1581, 1, 1),
(6081, 1, 1581, 1, 1),
(6082, 1, 1581, 1, 1),
(6083, 1, 1581, 1, 1),
(6084, 1, 1581, 1, 1),
(6085, 1, 1581, 1, 1),
(6086, 1, 1581, 1, 1),
(6080, 1, 1581, 1, 1),
(6087, 1, 1581, 1, 1),
(6088, 1, 1581, 1, 1),
(6089, 1, 1581, 1, 1),
(6090, 1, 1581, 1, 1),
(6091, 1, 1581, 1, 1),
(6092, 1, 1581, 1, 1),
(6093, 1, 1581, 1, 1),
(6094, 1, 1581, 1, 1),
(6095, 1, 1581, 1, 1),
(6016, 1, 1581, 1, 1),
(6017, 1, 1581, 1, 1),
(6096, 1, 1581, 1, 1),
(6097, 1, 1581, 1, 1),
(6098, 1, 1581, 1, 1),
(5978, 1, 1581, 1, 1),
(5805, 22, 1582, 1, 1),
(5817, 22, 1583, 1, 1),
(5818, 22, 1583, 1, 1),
(6099, 22, 1584, 1, 1),
(6100, 22, 1585, 1, 1),
(6101, 22, 1585, 1, 1),
(6037, 22, 1586, 1, 1),
(6102, 22, 1586, 1, 1),
(6103, 22, 1586, 1, 1),
(6105, 22, 1597, 1, 1),
(6105, 22, 1598, 1, 1),
(6105, 22, 1600, 1, 1),
(6106, 22, 1600, 1, 1),
(6105, 22, 1602, 1, 1),
(6105, 22, 1603, 1, 1),
(6109, 23, 1611, 1, 1),
(6110, 23, 1611, 1, 1),
(6111, 24, 1611, 1, 1),
(6112, 25, 1611, 1, 1),
(6113, 25, 1611, 1, 1),
(6114, 2, 1611, 1, 1),
(6115, 2, 1611, 1, 1),
(6116, 2, 1611, 1, 1),
(5968, 2, 1611, 1, 1),
(6117, 2, 1611, 1, 1),
(6002, 2, 1611, 1, 1),
(6118, 2, 1611, 1, 1),
(6119, 2, 1611, 1, 1),
(6120, 4, 1611, 1, 1),
(6121, 4, 1611, 1, 1),
(6122, 2, 1611, 1, 1),
(6123, 2, 1611, 1, 1),
(6124, 2, 1611, 1, 1),
(6125, 2, 1611, 1, 1),
(6126, 2, 1611, 1, 1),
(6127, 2, 1611, 1, 1),
(5825, 3, 1611, 1, 1),
(6128, 2, 1611, 1, 1),
(6129, 2, 1611, 1, 1),
(6130, 2, 1611, 1, 1),
(6131, 2, 1611, 1, 1),
(6132, 2, 1611, 1, 1),
(6133, 2, 1611, 1, 1),
(5948, 2, 1611, 1, 1),
(6134, 2, 1611, 1, 1),
(6135, 2, 1611, 1, 1),
(6136, 2, 1611, 1, 1),
(6137, 2, 1611, 1, 1),
(6138, 2, 1611, 1, 1),
(6139, 1, 1611, 1, 1),
(6140, 1, 1611, 1, 1),
(6141, 1, 1611, 1, 1),
(6142, 1, 1611, 1, 1),
(6143, 1, 1611, 1, 1),
(6144, 1, 1611, 1, 1),
(6109, 2, 1611, 1, 1),
(6145, 1, 1611, 1, 1),
(6146, 1, 1611, 1, 1),
(6090, 1, 1611, 1, 1),
(6147, 1, 1611, 1, 1),
(6148, 1, 1611, 1, 1),
(5849, 1, 1611, 1, 1),
(5865, 1, 1611, 1, 1),
(6149, 1, 1611, 1, 1),
(6150, 1, 1611, 1, 1),
(5823, 1, 1611, 1, 1),
(5967, 1, 1611, 1, 1),
(6151, 1, 1611, 1, 1),
(6152, 1, 1611, 1, 1),
(5851, 1, 1611, 1, 1),
(6153, 1, 1611, 1, 1),
(5929, 2, 1611, 1, 1),
(6154, 1, 1611, 1, 1),
(6155, 1, 1611, 1, 1),
(6156, 1, 1611, 1, 1),
(6157, 1, 1611, 1, 1),
(5907, 1, 1611, 1, 1),
(6158, 1, 1611, 1, 1),
(6159, 1, 1611, 1, 1),
(6160, 1, 1611, 1, 1),
(5993, 1, 1611, 1, 1),
(6149, 1, 1611, 1, 1),
(6134, 1, 1611, 1, 1),
(6161, 1, 1611, 1, 1),
(6162, 1, 1611, 1, 1),
(6163, 1, 1611, 1, 1),
(5967, 1, 1611, 1, 1),
(6164, 1, 1611, 1, 1),
(6165, 1, 1611, 1, 1),
(6166, 1, 1611, 1, 1),
(6167, 1, 1611, 1, 1),
(6168, 1, 1611, 1, 1),
(6169, 22, 1612, 1, 1),
(6170, 22, 1612, 1, 1),
(6171, 1, 1612, 1, 1),
(5809, 1, 1612, 1, 1),
(6172, 1, 1612, 1, 1),
(5805, 1, 1612, 1, 1),
(6173, 1, 1612, 1, 1),
(6174, 1, 1612, 1, 1),
(5821, 1, 1612, 1, 1),
(6175, 1, 1612, 1, 1),
(5825, 1, 1612, 1, 1),
(6176, 2, 1612, 1, 1),
(6177, 1, 1612, 1, 1),
(6178, 1, 1612, 1, 1),
(6179, 1, 1612, 1, 1),
(6180, 1, 1612, 1, 1),
(6181, 1, 1612, 1, 1),
(6182, 1, 1612, 1, 1),
(5948, 1, 1612, 1, 1),
(6183, 1, 1612, 1, 1),
(6025, 1, 1612, 1, 1),
(6184, 1, 1612, 1, 1),
(6185, 1, 1612, 1, 1),
(5851, 1, 1612, 1, 1),
(6186, 1, 1612, 1, 1),
(6187, 1, 1612, 1, 1),
(6188, 1, 1612, 1, 1),
(6189, 1, 1612, 1, 1),
(6190, 1, 1612, 1, 1),
(6191, 1, 1612, 1, 1),
(6192, 1, 1612, 1, 1),
(6193, 1, 1612, 1, 1),
(6194, 1, 1612, 1, 1),
(6195, 1, 1612, 1, 1),
(6196, 1, 1612, 1, 1),
(6197, 2, 1612, 1, 1),
(6198, 1, 1612, 1, 1),
(6199, 1, 1612, 1, 1),
(6200, 1, 1612, 1, 1),
(6201, 1, 1612, 1, 1),
(6202, 1, 1612, 1, 1),
(6203, 1, 1612, 1, 1),
(6204, 1, 1612, 1, 1),
(6205, 1, 1612, 1, 1),
(6206, 1, 1612, 1, 1),
(6207, 1, 1612, 1, 1),
(6208, 1, 1612, 1, 1),
(6209, 1, 1612, 1, 1),
(6210, 1, 1612, 1, 1),
(6211, 1, 1612, 1, 1),
(6212, 1, 1612, 1, 1),
(6213, 1, 1612, 1, 1),
(6214, 1, 1612, 1, 1),
(6192, 22, 1631, 1, 1),
(6232, 22, 1631, 1, 1),
(6233, 22, 1631, 1, 1),
(6234, 22, 1632, 1, 1),
(6235, 22, 1632, 1, 1),
(6236, 22, 1632, 1, 1),
(6237, 22, 1632, 1, 1),
(6238, 22, 1633, 1, 1),
(6239, 22, 1633, 1, 1),
(6240, 22, 1633, 1, 1),
(6241, 22, 1633, 1, 1),
(6242, 22, 1633, 1, 1),
(6243, 22, 1633, 1, 1),
(6244, 22, 1633, 1, 1),
(6245, 22, 1634, 1, 1),
(6246, 22, 1634, 1, 1),
(6247, 22, 1635, 1, 1),
(6248, 22, 1635, 1, 1),
(6249, 22, 1635, 1, 1),
(6250, 22, 1636, 1, 1),
(6251, 22, 1636, 1, 1),
(6252, 22, 1636, 1, 1),
(6253, 22, 1636, 1, 1),
(6254, 22, 1636, 1, 1),
(6255, 22, 1637, 1, 1),
(6256, 22, 1638, 1, 1),
(6257, 22, 1638, 1, 1),
(6105, 22, 1639, 1, 1),
(6105, 22, 1640, 1, 1),
(6105, 22, 1641, 1, 1),
(6105, 22, 1642, 1, 1),
(6105, 22, 1645, 1, 1),
(6105, 22, 1647, 1, 1),
(6245, 22, 1648, 1, 1),
(6246, 22, 1648, 1, 1),
(6247, 22, 1649, 1, 1),
(6248, 22, 1649, 1, 1),
(6249, 22, 1649, 1, 1),
(6258, 22, 1713, 1, 1),
(6259, 22, 1713, 1, 1),
(5948, 22, 1713, 1, 1),
(6124, 22, 1713, 1, 1),
(6260, 12, 1749, 1, 1),
(6260, 22, 1749, 1, 1),
(6261, 10, 1749, 1, 1),
(6262, 1, 1749, 1, 1),
(6263, 1, 1749, 1, 1),
(6264, 1, 1749, 1, 1),
(6245, 1, 1749, 1, 1),
(6265, 1, 1749, 1, 1),
(6266, 1, 1749, 1, 1),
(6267, 1, 1749, 1, 1),
(6268, 1, 1749, 1, 1),
(6269, 1, 1749, 1, 1),
(5849, 1, 1749, 1, 1),
(6270, 1, 1749, 1, 1),
(6271, 1, 1749, 1, 1),
(6272, 1, 1749, 1, 1),
(6273, 1, 1749, 1, 1),
(6274, 1, 1749, 1, 1),
(6275, 1, 1749, 1, 1),
(6162, 1, 1749, 1, 1),
(6276, 1, 1749, 1, 1),
(6277, 1, 1749, 1, 1),
(5881, 1, 1749, 1, 1),
(6278, 1, 1749, 1, 1),
(6279, 1, 1749, 1, 1),
(6280, 1, 1749, 1, 1),
(6125, 1, 1749, 1, 1),
(6281, 1, 1749, 1, 1),
(6282, 1, 1749, 1, 1),
(6283, 1, 1749, 1, 1),
(5963, 1, 1749, 1, 1),
(6284, 1, 1749, 1, 1),
(6175, 1, 1749, 1, 1),
(6285, 1, 1749, 1, 1),
(6090, 1, 1749, 1, 1),
(6286, 1, 1749, 1, 1),
(6287, 12, 1752, 1, 1),
(6288, 12, 1752, 1, 1),
(6261, 10, 1752, 1, 1),
(6260, 10, 1752, 1, 1),
(6289, 1, 1752, 1, 1),
(6290, 1, 1752, 1, 1),
(5958, 1, 1752, 1, 1),
(6291, 1, 1752, 1, 1),
(6260, 12, 1757, 1, 1),
(6260, 22, 1757, 1, 1),
(6261, 10, 1757, 1, 1),
(6037, 1, 1757, 1, 1),
(6292, 1, 1757, 1, 1),
(6214, 1, 1757, 1, 1),
(6273, 1, 1757, 1, 1),
(6293, 2, 1757, 1, 1),
(6294, 2, 1757, 1, 1),
(6295, 1, 1757, 1, 1),
(6296, 1, 1757, 1, 1),
(6065, 2, 1757, 1, 1),
(5988, 2, 1757, 1, 1),
(6297, 2, 1757, 1, 1),
(6298, 2, 1757, 1, 1),
(6299, 2, 1757, 1, 1),
(5984, 3, 1757, 1, 1),
(6296, 1, 1757, 1, 1),
(6300, 1, 1757, 1, 1),
(6301, 2, 1757, 1, 1),
(6302, 1, 1757, 1, 1),
(6303, 1, 1757, 1, 1),
(5926, 1, 1757, 1, 1),
(6304, 1, 1757, 1, 1),
(6303, 1, 1757, 1, 1),
(6305, 1, 1757, 1, 1),
(6306, 1, 1757, 1, 1),
(6307, 1, 1757, 1, 1),
(6125, 2, 1757, 1, 1),
(6284, 1, 1757, 1, 1),
(6037, 1, 1757, 1, 1),
(5891, 1, 1757, 1, 1),
(6308, 1, 1757, 1, 1),
(6309, 1, 1757, 1, 1),
(6310, 1, 1757, 1, 1),
(6311, 1, 1757, 1, 1),
(6312, 1, 1757, 1, 1),
(6313, 1, 1757, 1, 1),
(6314, 1, 1757, 1, 1),
(6315, 1, 1757, 1, 1),
(6289, 1, 1757, 1, 1),
(6316, 1, 1757, 1, 1),
(6317, 1, 1757, 1, 1),
(6318, 1, 1757, 1, 1),
(6319, 1, 1757, 1, 1),
(6320, 1, 1757, 1, 1),
(6321, 1, 1757, 1, 1),
(6322, 1, 1757, 1, 1),
(6323, 1, 1757, 1, 1),
(6324, 1, 1757, 1, 1),
(6325, 1, 1757, 1, 1),
(5929, 1, 1757, 1, 1),
(6326, 1, 1757, 1, 1),
(5851, 1, 1757, 1, 1),
(6327, 1, 1757, 1, 1),
(6328, 22, 1760, 1, 1),
(6329, 22, 1760, 1, 1),
(6330, 1, 1760, 1, 1),
(6160, 1, 1760, 1, 1),
(6331, 1, 1760, 1, 1),
(5929, 1, 1760, 1, 1),
(6332, 1, 1760, 1, 1),
(6333, 2, 1760, 1, 1),
(6334, 1, 1760, 1, 1),
(6335, 2, 1760, 1, 1),
(6336, 1, 1760, 1, 1),
(6333, 2, 1760, 1, 1),
(5850, 2, 1760, 1, 1),
(6118, 1, 1760, 1, 1),
(6337, 1, 1760, 1, 1),
(6338, 1, 1760, 1, 1),
(6125, 1, 1760, 1, 1),
(6339, 1, 1760, 1, 1),
(6340, 3, 1760, 1, 1),
(5844, 3, 1760, 1, 1),
(6334, 2, 1760, 1, 1),
(6338, 1, 1760, 1, 1),
(6341, 2, 1760, 1, 1),
(6342, 2, 1760, 1, 1),
(6343, 1, 1760, 1, 1),
(6344, 1, 1760, 1, 1),
(6345, 1, 1760, 1, 1),
(6125, 1, 1760, 1, 1),
(6346, 1, 1760, 1, 1),
(6347, 1, 1760, 1, 1),
(6333, 1, 1760, 1, 1),
(6348, 1, 1760, 1, 1),
(6349, 1, 1760, 1, 1),
(6350, 1, 1760, 1, 1),
(6351, 2, 1760, 1, 1),
(6352, 2, 1760, 1, 1),
(6333, 1, 1760, 1, 1),
(6353, 1, 1760, 1, 1),
(5950, 1, 1760, 1, 1),
(5849, 1, 1760, 1, 1),
(5851, 2, 1760, 1, 1),
(5904, 1, 1760, 1, 1),
(6354, 2, 1760, 1, 1),
(6334, 3, 1760, 1, 1),
(6355, 1, 1760, 1, 1),
(6356, 2, 1760, 1, 1),
(6357, 3, 1760, 1, 1),
(6340, 2, 1760, 1, 1),
(5967, 1, 1760, 1, 1),
(6358, 1, 1760, 1, 1),
(6359, 1, 1760, 1, 1),
(5821, 1, 1760, 1, 1),
(6360, 1, 1760, 1, 1),
(5984, 1, 1760, 1, 1),
(6361, 1, 1760, 1, 1),
(6362, 1, 1760, 1, 1),
(5876, 1, 1760, 1, 1),
(6363, 1, 1760, 1, 1),
(6364, 1, 1760, 1, 1),
(5860, 1, 1760, 1, 1),
(6365, 1, 1760, 1, 1),
(6366, 1, 1760, 1, 1),
(5858, 1, 1760, 1, 1),
(6367, 1, 1760, 1, 1),
(6368, 1, 1760, 1, 1),
(5828, 1, 1760, 1, 1),
(5908, 1, 1760, 1, 1),
(6369, 1, 1760, 1, 1),
(6168, 1, 1760, 1, 1),
(6037, 1, 1760, 1, 1),
(6370, 1, 1760, 1, 1),
(6351, 1, 1760, 1, 1),
(6371, 1, 1760, 1, 1),
(6372, 1, 1760, 1, 1),
(6373, 1, 1760, 1, 1),
(5825, 1, 1760, 1, 1),
(6374, 1, 1760, 1, 1),
(6350, 1, 1760, 1, 1),
(6375, 1, 1760, 1, 1),
(6376, 1, 1760, 1, 1),
(6377, 22, 1761, 1, 1),
(6378, 22, 1761, 1, 1),
(6379, 1, 1761, 1, 1),
(6380, 1, 1761, 1, 1),
(6381, 2, 1761, 1, 1),
(5948, 2, 1761, 1, 1),
(6105, 1, 1761, 1, 1),
(6058, 1, 1761, 1, 1),
(6382, 1, 1761, 1, 1),
(6383, 1, 1761, 1, 1),
(6384, 2, 1761, 1, 1),
(6385, 1, 1761, 1, 1),
(6386, 1, 1761, 1, 1),
(6387, 1, 1761, 1, 1),
(5865, 1, 1761, 1, 1),
(6388, 1, 1761, 1, 1),
(6389, 1, 1761, 1, 1),
(6390, 1, 1761, 1, 1),
(6391, 1, 1761, 1, 1),
(6105, 1, 1761, 1, 1),
(6392, 1, 1761, 1, 1),
(5949, 1, 1761, 1, 1),
(5968, 1, 1761, 1, 1),
(6393, 1, 1761, 1, 1),
(6158, 1, 1761, 1, 1),
(5929, 3, 1761, 1, 1),
(6394, 1, 1761, 1, 1),
(6342, 1, 1761, 1, 1),
(6395, 1, 1761, 1, 1),
(5912, 1, 1761, 1, 1),
(6214, 1, 1761, 1, 1),
(6396, 1, 1761, 1, 1),
(6397, 1, 1761, 1, 1),
(6398, 1, 1761, 1, 1),
(6399, 1, 1761, 1, 1),
(6400, 1, 1761, 1, 1),
(6401, 1, 1761, 1, 1),
(5967, 1, 1761, 1, 1),
(6345, 1, 1761, 1, 1),
(6402, 1, 1761, 1, 1),
(6403, 1, 1761, 1, 1),
(5848, 1, 1761, 1, 1),
(6404, 1, 1761, 1, 1),
(5851, 1, 1761, 1, 1),
(6405, 1, 1761, 1, 1),
(5849, 1, 1761, 1, 1),
(6406, 1, 1761, 1, 1),
(6260, 22, 1762, 1, 1),
(6407, 22, 1762, 1, 1),
(6408, 1, 1762, 1, 1),
(6380, 1, 1762, 1, 1),
(6409, 1, 1762, 1, 1),
(6410, 1, 1762, 1, 1),
(5950, 1, 1762, 1, 1),
(6411, 1, 1762, 1, 1),
(6412, 1, 1762, 1, 1),
(6413, 1, 1762, 1, 1),
(6414, 1, 1762, 1, 1),
(5849, 2, 1762, 1, 1),
(6415, 2, 1762, 1, 1),
(6338, 2, 1762, 1, 1),
(6416, 1, 1762, 1, 1),
(6417, 1, 1762, 1, 1),
(6418, 1, 1762, 1, 1),
(6419, 1, 1762, 1, 1),
(6284, 1, 1762, 1, 1),
(6420, 1, 1762, 1, 1),
(6393, 1, 1762, 1, 1),
(6421, 1, 1762, 1, 1),
(6376, 1, 1762, 1, 1),
(6422, 2, 1762, 1, 1),
(6414, 1, 1762, 1, 1),
(6002, 1, 1762, 1, 1),
(6423, 1, 1762, 1, 1),
(6424, 1, 1762, 1, 1),
(6345, 2, 1762, 1, 1),
(6425, 1, 1762, 1, 1),
(6426, 1, 1762, 1, 1),
(6427, 1, 1762, 1, 1),
(6428, 1, 1762, 1, 1),
(6429, 1, 1762, 1, 1),
(6158, 1, 1762, 1, 1),
(5929, 1, 1762, 1, 1),
(6424, 1, 1762, 1, 1),
(6430, 1, 1762, 1, 1),
(6431, 1, 1762, 1, 1),
(5898, 1, 1762, 1, 1),
(6432, 1, 1762, 1, 1),
(6433, 25, 1763, 1, 1),
(6434, 24, 1763, 1, 1),
(6435, 23, 1763, 1, 1),
(6436, 23, 1763, 1, 1),
(6437, 23, 1763, 1, 1),
(6438, 23, 1763, 1, 1),
(5845, 12, 1763, 1, 1),
(6439, 2, 1763, 1, 1),
(6440, 2, 1763, 1, 1),
(6441, 6, 1763, 1, 1),
(6142, 2, 1763, 1, 1),
(6442, 1, 1763, 1, 1),
(6443, 1, 1763, 1, 1),
(6433, 1, 1763, 1, 1),
(6444, 5, 1763, 1, 1),
(6445, 1, 1763, 1, 1),
(5948, 3, 1763, 1, 1),
(5883, 1, 1763, 1, 1),
(5991, 1, 1763, 1, 1),
(6433, 2, 1763, 1, 1),
(6434, 2, 1763, 1, 1),
(6446, 1, 1763, 1, 1),
(6058, 6, 1763, 1, 1),
(6447, 1, 1763, 1, 1),
(6448, 1, 1763, 1, 1),
(5913, 1, 1763, 1, 1),
(5834, 2, 1763, 1, 1),
(6449, 1, 1763, 1, 1),
(6450, 1, 1763, 1, 1),
(6451, 1, 1763, 1, 1),
(6404, 2, 1763, 1, 1),
(6452, 1, 1763, 1, 1),
(6453, 1, 1763, 1, 1),
(6454, 1, 1763, 1, 1),
(6455, 1, 1763, 1, 1),
(6456, 1, 1763, 1, 1),
(6381, 1, 1763, 1, 1),
(6457, 1, 1763, 1, 1),
(5918, 1, 1763, 1, 1),
(6458, 2, 1763, 1, 1),
(6459, 2, 1763, 1, 1),
(6025, 1, 1763, 1, 1),
(6460, 1, 1763, 1, 1),
(6461, 1, 1763, 1, 1),
(6446, 1, 1763, 1, 1),
(6462, 1, 1763, 1, 1),
(6463, 1, 1763, 1, 1),
(6464, 1, 1763, 1, 1),
(6465, 1, 1763, 1, 1),
(6466, 1, 1763, 1, 1),
(6467, 1, 1763, 1, 1),
(6468, 3, 1763, 1, 1),
(6469, 2, 1763, 1, 1),
(6470, 1, 1763, 1, 1),
(6471, 2, 1763, 1, 1),
(6472, 1, 1763, 1, 1),
(6473, 1, 1763, 1, 1),
(6474, 1, 1763, 1, 1),
(6475, 1, 1763, 1, 1),
(6476, 1, 1763, 1, 1),
(6477, 1, 1763, 1, 1),
(5978, 1, 1763, 1, 1),
(6478, 1, 1763, 1, 1),
(6479, 1, 1763, 1, 1),
(5929, 13, 1763, 1, 1),
(6480, 4, 1763, 1, 1),
(6481, 1, 1763, 1, 1),
(6482, 1, 1763, 1, 1),
(6483, 1, 1763, 1, 1),
(6037, 6, 1763, 1, 1),
(5823, 6, 1763, 1, 1),
(6484, 1, 1763, 1, 1),
(5825, 13, 1763, 1, 1),
(6442, 2, 1763, 1, 1),
(6118, 1, 1763, 1, 1),
(6485, 2, 1763, 1, 1),
(6486, 2, 1763, 1, 1),
(6487, 1, 1763, 1, 1),
(5874, 2, 1763, 1, 1),
(5896, 1, 1763, 1, 1),
(5834, 3, 1763, 1, 1),
(6488, 1, 1763, 1, 1),
(6489, 1, 1763, 1, 1),
(6438, 1, 1763, 1, 1),
(6490, 1, 1763, 1, 1),
(6491, 1, 1763, 1, 1),
(6410, 1, 1763, 1, 1),
(6492, 1, 1763, 1, 1),
(6493, 1, 1763, 1, 1),
(6494, 1, 1763, 1, 1),
(6495, 1, 1763, 1, 1),
(6496, 1, 1763, 1, 1),
(6497, 1, 1763, 1, 1),
(6498, 3, 1763, 1, 1),
(6284, 1, 1763, 1, 1),
(6499, 1, 1763, 1, 1),
(6500, 1, 1763, 1, 1),
(6501, 1, 1763, 1, 1),
(6502, 1, 1763, 1, 1),
(6168, 1, 1763, 1, 1),
(6503, 1, 1763, 1, 1),
(5984, 3, 1763, 1, 1),
(6504, 1, 1763, 1, 1),
(6505, 1, 1763, 1, 1),
(6506, 1, 1763, 1, 1),
(5874, 1, 1763, 1, 1),
(6289, 4, 1763, 1, 1),
(5849, 4, 1763, 1, 1),
(6342, 2, 1763, 1, 1),
(6507, 1, 1763, 1, 1),
(5869, 1, 1763, 1, 1),
(5953, 1, 1763, 1, 1),
(6362, 2, 1763, 1, 1),
(6508, 2, 1763, 1, 1),
(6509, 1, 1763, 1, 1),
(6510, 1, 1763, 1, 1),
(6324, 2, 1763, 1, 1),
(5851, 15, 1763, 1, 1),
(5957, 1, 1763, 1, 1),
(6511, 1, 1763, 1, 1),
(6512, 1, 1763, 1, 1),
(5823, 5, 1763, 1, 1),
(6301, 1, 1763, 1, 1),
(5849, 1, 1763, 1, 1),
(6513, 1, 1763, 1, 1),
(6514, 1, 1763, 1, 1),
(6392, 1, 1763, 1, 1),
(6515, 1, 1763, 1, 1),
(5912, 1, 1763, 1, 1),
(6516, 1, 1763, 1, 1),
(6517, 1, 1763, 1, 1),
(6518, 2, 1763, 1, 1),
(6519, 1, 1763, 1, 1),
(6520, 1, 1763, 1, 1),
(6521, 1, 1763, 1, 1),
(6522, 1, 1763, 1, 1),
(6523, 1, 1763, 1, 1),
(6524, 1, 1763, 1, 1),
(6254, 5, 1763, 1, 1),
(6125, 3, 1763, 1, 1),
(5904, 4, 1763, 1, 1),
(6525, 1, 1763, 1, 1),
(6526, 1, 1763, 1, 1),
(6011, 1, 1763, 1, 1),
(5907, 1, 1763, 1, 1),
(6527, 1, 1763, 1, 1),
(6528, 1, 1763, 1, 1),
(6529, 1, 1763, 1, 1),
(6530, 1, 1763, 1, 1),
(6531, 2, 1763, 1, 1),
(6015, 1, 1763, 1, 1),
(6532, 1, 1763, 1, 1),
(6533, 1, 1763, 1, 1),
(6534, 1, 1763, 1, 1),
(6451, 2, 1763, 1, 1),
(6176, 1, 1763, 1, 1),
(6535, 1, 1763, 1, 1),
(6536, 4, 1763, 1, 1),
(6498, 4, 1763, 1, 1),
(6537, 1, 1763, 1, 1),
(6538, 2, 1763, 1, 1),
(6539, 1, 1763, 1, 1),
(6540, 1, 1763, 1, 1),
(6541, 1, 1763, 1, 1),
(6146, 1, 1763, 1, 1),
(5849, 1, 1763, 1, 1),
(6542, 1, 1763, 1, 1),
(6543, 1, 1763, 1, 1),
(6544, 2, 1763, 1, 1),
(6545, 2, 1763, 1, 1),
(6546, 1, 1763, 1, 1),
(6547, 1, 1763, 1, 1),
(6444, 3, 1763, 1, 1),
(6548, 1, 1763, 1, 1),
(6129, 1, 1763, 1, 1),
(6549, 1, 1763, 1, 1),
(6550, 1, 1763, 1, 1),
(6551, 1, 1763, 1, 1),
(6552, 1, 1763, 1, 1),
(6140, 2, 1763, 1, 1),
(6553, 1, 1763, 1, 1),
(6554, 1, 1763, 1, 1),
(6555, 1, 1763, 1, 1),
(6176, 1, 1763, 1, 1),
(6556, 1, 1763, 1, 1),
(6125, 6, 1763, 1, 1),
(6557, 1, 1763, 1, 1),
(6558, 1, 1763, 1, 1),
(6559, 1, 1763, 1, 1),
(6560, 1, 1763, 1, 1),
(5881, 1, 1763, 1, 1),
(6342, 1, 1763, 1, 1),
(6561, 1, 1763, 1, 1),
(6562, 1, 1763, 1, 1),
(6563, 1, 1763, 1, 1),
(6310, 1, 1763, 1, 1),
(5844, 2, 1763, 1, 1),
(6564, 1, 1763, 1, 1),
(6565, 1, 1763, 1, 1),
(6566, 2, 1763, 1, 1),
(5816, 1, 1763, 1, 1),
(6379, 1, 1763, 1, 1),
(6380, 3, 1763, 1, 1),
(6567, 1, 1763, 1, 1),
(6568, 1, 1763, 1, 1),
(6569, 1, 1763, 1, 1),
(6570, 1, 1763, 1, 1),
(6571, 1, 1763, 1, 1),
(5898, 1, 1763, 1, 1),
(6125, 6, 1763, 1, 1),
(6572, 1, 1763, 1, 1),
(6573, 1, 1763, 1, 1),
(6574, 1, 1763, 1, 1),
(6575, 1, 1763, 1, 1),
(6345, 6, 1763, 1, 1),
(6382, 1, 1763, 1, 1),
(6576, 3, 1763, 1, 1),
(6577, 1, 1763, 1, 1),
(6578, 1, 1763, 1, 1),
(6579, 2, 1763, 1, 1),
(6580, 1, 1763, 1, 1),
(6581, 1, 1763, 1, 1),
(6470, 1, 1763, 1, 1),
(6582, 1, 1763, 1, 1),
(6583, 1, 1763, 1, 1),
(6332, 4, 1763, 1, 1),
(6584, 1, 1763, 1, 1),
(6417, 12, 1763, 1, 1),
(6585, 2, 1763, 1, 1),
(6437, 1, 1763, 1, 1),
(6586, 1, 1763, 1, 1),
(6587, 1, 1763, 1, 1),
(6037, 1, 1763, 1, 1),
(6588, 1, 1763, 1, 1),
(6090, 2, 1763, 1, 1),
(6589, 2, 1763, 1, 1),
(6590, 1, 1763, 1, 1),
(6289, 1, 1763, 1, 1),
(6591, 1, 1763, 1, 1),
(5881, 1, 1763, 1, 1),
(5866, 2, 1763, 1, 1),
(6332, 2, 1763, 1, 1),
(6592, 1, 1763, 1, 1),
(6593, 2, 1763, 1, 1),
(6594, 1, 1763, 1, 1),
(6595, 1, 1763, 1, 1),
(6596, 1, 1763, 1, 1),
(6154, 1, 1763, 1, 1),
(6354, 1, 1763, 1, 1),
(5904, 3, 1763, 1, 1),
(6339, 1, 1763, 1, 1),
(6597, 1, 1763, 1, 1),
(6598, 1, 1763, 1, 1),
(6158, 1, 1763, 1, 1),
(6599, 1, 1763, 1, 1),
(6598, 1, 1763, 1, 1),
(6406, 1, 1763, 1, 1),
(6600, 1, 1763, 1, 1),
(6151, 1, 1763, 1, 1),
(6601, 1, 1763, 1, 1),
(6602, 1, 1763, 1, 1),
(5968, 1, 1763, 1, 1),
(6603, 1, 1763, 1, 1),
(6604, 1, 1763, 1, 1),
(6605, 1, 1763, 1, 1),
(6606, 1, 1763, 1, 1),
(6037, 2, 1763, 1, 1),
(6607, 1, 1763, 1, 1),
(6608, 1, 1763, 1, 1),
(6609, 1, 1763, 1, 1),
(6125, 1, 1763, 1, 1),
(6610, 1, 1763, 1, 1),
(6611, 1, 1763, 1, 1),
(6612, 2, 1763, 1, 1),
(6613, 1, 1763, 1, 1),
(6614, 1, 1763, 1, 1),
(6615, 1, 1763, 1, 1),
(6616, 1, 1763, 1, 1),
(6617, 1, 1763, 1, 1),
(6618, 1, 1763, 1, 1),
(6619, 1, 1763, 1, 1),
(6620, 1, 1763, 1, 1),
(6621, 1, 1763, 1, 1),
(6408, 1, 1763, 1, 1),
(6622, 1, 1763, 1, 1),
(6623, 1, 1763, 1, 1),
(6624, 1, 1763, 1, 1),
(6625, 1, 1763, 1, 1),
(6014, 1, 1763, 1, 1),
(6626, 1, 1763, 1, 1),
(6627, 1, 1763, 1, 1),
(6151, 1, 1763, 1, 1),
(6438, 1, 1763, 1, 1),
(6628, 1, 1763, 1, 1),
(6411, 1, 1763, 1, 1),
(6629, 1, 1763, 1, 1),
(6630, 1, 1763, 1, 1),
(6631, 1, 1763, 1, 1),
(6444, 2, 1763, 1, 1),
(6632, 1, 1763, 1, 1),
(6633, 1, 1763, 1, 1),
(6634, 1, 1763, 1, 1),
(6034, 1, 1763, 1, 1),
(6635, 1, 1763, 1, 1),
(6636, 1, 1763, 1, 1),
(6025, 2, 1763, 1, 1),
(6637, 1, 1763, 1, 1),
(6638, 1, 1763, 1, 1),
(6451, 3, 1763, 1, 1),
(6639, 2, 1763, 1, 1),
(6536, 1, 1763, 1, 1),
(6542, 1, 1763, 1, 1),
(6181, 1, 1763, 1, 1),
(6640, 1, 1763, 1, 1),
(6641, 1, 1763, 1, 1),
(6642, 1, 1763, 1, 1),
(6470, 1, 1763, 1, 1),
(6643, 1, 1763, 1, 1),
(6644, 1, 1763, 1, 1),
(6645, 2, 1763, 1, 1),
(6646, 1, 1763, 1, 1),
(5997, 1, 1763, 1, 1),
(6025, 2, 1763, 1, 1),
(6647, 1, 1763, 1, 1),
(6648, 1, 1763, 1, 1),
(6649, 1, 1763, 1, 1),
(6650, 1, 1763, 1, 1),
(6651, 1, 1763, 1, 1),
(6652, 1, 1763, 1, 1),
(6653, 1, 1763, 1, 1),
(6654, 1, 1763, 1, 1),
(6655, 1, 1763, 1, 1),
(6656, 1, 1763, 1, 1),
(5948, 1, 1763, 1, 1),
(5828, 1, 1763, 1, 1),
(6657, 1, 1763, 1, 1),
(5950, 1, 1763, 1, 1),
(6658, 1, 1763, 1, 1),
(6659, 2, 1763, 1, 1),
(6660, 1, 1763, 1, 1),
(6661, 1, 1763, 1, 1),
(6662, 1, 1763, 1, 1),
(6663, 1, 1763, 1, 1),
(6664, 1, 1763, 1, 1),
(6665, 1, 1763, 1, 1),
(6097, 1, 1763, 1, 1),
(6661, 1, 1763, 1, 1),
(6666, 1, 1763, 1, 1),
(6666, 1, 1763, 1, 1),
(6667, 1, 1763, 1, 1),
(6453, 1, 1763, 1, 1),
(5892, 1, 1763, 1, 1),
(5963, 1, 1763, 1, 1),
(6668, 1, 1763, 1, 1),
(6669, 1, 1763, 1, 1),
(6670, 1, 1763, 1, 1),
(6671, 1, 1763, 1, 1),
(6672, 1, 1763, 1, 1),
(6673, 1, 1763, 1, 1),
(6674, 1, 1763, 1, 1),
(6142, 1, 1763, 1, 1),
(6675, 1, 1763, 1, 1),
(6676, 1, 1763, 1, 1),
(6677, 1, 1763, 1, 1),
(5834, 3, 1763, 1, 1),
(6678, 1, 1763, 1, 1),
(6679, 1, 1763, 1, 1),
(6451, 3, 1763, 1, 1),
(6680, 2, 1763, 1, 1),
(6681, 1, 1763, 1, 1),
(6682, 1, 1763, 1, 1),
(6683, 1, 1763, 1, 1),
(6154, 1, 1763, 1, 1),
(6684, 1, 1763, 1, 1),
(6685, 1, 1763, 1, 1),
(6140, 1, 1763, 1, 1),
(6686, 1, 1763, 1, 1),
(6404, 1, 1763, 1, 1),
(6687, 1, 1763, 1, 1),
(6688, 1, 1763, 1, 1),
(6689, 1, 1763, 1, 1),
(6690, 1, 1763, 1, 1),
(6691, 1, 1763, 1, 1),
(6168, 1, 1763, 1, 1),
(6692, 1, 1763, 1, 1),
(6168, 1, 1763, 1, 1),
(6693, 1, 1763, 1, 1),
(6694, 1, 1763, 1, 1),
(6695, 1, 1763, 1, 1),
(6696, 1, 1763, 1, 1),
(6504, 1, 1763, 1, 1),
(6505, 1, 1763, 1, 1),
(6697, 1, 1763, 1, 1),
(6698, 1, 1763, 1, 1),
(6699, 1, 1763, 1, 1),
(5828, 1, 1763, 1, 1),
(6700, 1, 1763, 1, 1),
(6701, 1, 1763, 1, 1),
(6702, 1, 1763, 1, 1),
(6703, 1, 1763, 1, 1),
(5907, 1, 1763, 1, 1),
(6704, 1, 1763, 1, 1),
(6011, 1, 1763, 1, 1),
(6705, 1, 1763, 1, 1),
(5851, 1, 1763, 1, 1),
(6705, 1, 1763, 1, 1),
(6706, 1, 1763, 1, 1),
(5869, 2, 1763, 1, 1),
(6707, 1, 1763, 1, 1),
(6708, 1, 1763, 1, 1),
(6709, 1, 1763, 1, 1),
(6710, 1, 1763, 1, 1),
(6711, 1, 1763, 1, 1),
(6178, 1, 1763, 1, 1),
(6712, 1, 1763, 1, 1),
(6508, 1, 1763, 1, 1),
(6713, 1, 1763, 1, 1),
(6714, 1, 1763, 1, 1),
(6715, 2, 1763, 1, 1),
(6716, 1, 1763, 1, 1),
(6717, 1, 1763, 1, 1),
(6658, 1, 1763, 1, 1),
(6718, 1, 1763, 1, 1),
(5992, 1, 1763, 1, 1),
(6719, 2, 1763, 1, 1),
(6720, 1, 1763, 1, 1),
(6721, 1, 1763, 1, 1),
(6722, 1, 1763, 1, 1),
(6723, 1, 1763, 1, 1),
(6724, 1, 1763, 1, 1),
(6725, 1, 1763, 1, 1),
(6726, 1, 1763, 1, 1),
(6727, 1, 1763, 1, 1),
(6728, 1, 1763, 1, 1),
(6729, 1, 1763, 1, 1),
(6730, 1, 1763, 1, 1),
(6731, 1, 1763, 1, 1),
(6260, 1, 1763, 1, 1),
(6732, 1, 1763, 1, 1),
(6733, 1, 1763, 1, 1),
(6734, 1, 1763, 1, 1),
(6735, 1, 1763, 1, 1),
(5904, 1, 1763, 1, 1),
(6736, 1, 1763, 1, 1),
(6737, 1, 1763, 1, 1),
(6738, 1, 1763, 1, 1),
(6739, 1, 1763, 1, 1),
(6740, 1, 1763, 1, 1),
(6741, 1, 1763, 1, 1),
(6742, 1, 1763, 1, 1),
(6536, 1, 1763, 1, 1),
(6743, 1, 1763, 1, 1),
(6744, 1, 1763, 1, 1),
(5992, 3, 1763, 1, 1),
(6745, 1, 1763, 1, 1),
(6746, 1, 1763, 1, 1),
(6747, 1, 1763, 1, 1),
(6748, 1, 1763, 1, 1),
(5969, 2, 1763, 1, 1),
(6749, 1, 1763, 1, 1),
(6750, 2, 1763, 1, 1),
(6751, 1, 1763, 1, 1),
(6125, 1, 1763, 1, 1),
(5920, 1, 1763, 1, 1),
(6752, 1, 1763, 1, 1),
(6748, 1, 1763, 1, 1),
(6362, 1, 1763, 1, 1),
(6717, 1, 1763, 1, 1),
(6753, 1, 1763, 1, 1),
(6754, 1, 1763, 1, 1),
(6027, 1, 1763, 1, 1),
(6755, 1, 1763, 1, 1),
(6756, 1, 1763, 1, 1),
(5992, 1, 1763, 1, 1),
(6757, 1, 1763, 1, 1),
(6758, 1, 1763, 1, 1),
(6759, 1, 1763, 1, 1),
(6760, 1, 1763, 1, 1),
(6761, 1, 1763, 1, 1),
(6762, 1, 1763, 1, 1),
(6428, 1, 1763, 1, 1),
(6763, 1, 1763, 1, 1),
(5929, 2, 1763, 1, 1),
(6764, 1, 1763, 1, 1),
(6716, 1, 1763, 1, 1),
(6748, 1, 1763, 1, 1),
(6765, 1, 1763, 1, 1),
(6766, 1, 1763, 1, 1),
(6767, 1, 1763, 1, 1),
(6735, 1, 1763, 1, 1),
(6768, 1, 1763, 1, 1),
(6769, 1, 1763, 1, 1),
(6770, 1, 1763, 1, 1),
(6771, 1, 1763, 1, 1),
(6710, 1, 1763, 1, 1),
(5891, 2, 1763, 1, 1),
(6772, 1, 1763, 1, 1),
(5978, 1, 1763, 1, 1),
(6748, 1, 1763, 1, 1),
(6773, 1, 1763, 1, 1),
(6774, 1, 1763, 1, 1),
(6513, 1, 1763, 1, 1),
(6404, 1, 1763, 1, 1),
(5876, 1, 1763, 1, 1),
(6748, 1, 1763, 1, 1),
(6775, 1, 1763, 1, 1),
(6776, 1, 1763, 1, 1),
(6289, 1, 1763, 1, 1),
(6777, 1, 1763, 1, 1),
(6778, 1, 1763, 1, 1),
(6779, 1, 1763, 1, 1),
(6780, 1, 1763, 1, 1),
(6781, 1, 1763, 1, 1),
(6782, 1, 1763, 1, 1),
(6000, 1, 1763, 1, 1),
(6783, 1, 1763, 1, 1),
(6784, 2, 1763, 1, 1),
(6785, 1, 1763, 1, 1),
(6786, 1, 1763, 1, 1),
(6158, 1, 1763, 1, 1),
(6787, 1, 1763, 1, 1),
(6788, 1, 1763, 1, 1),
(6789, 1, 1763, 1, 1),
(6790, 1, 1763, 1, 1),
(6791, 1, 1763, 1, 1),
(6792, 1, 1763, 1, 1),
(6022, 1, 1763, 1, 1),
(6214, 1, 1763, 1, 1),
(6338, 1, 1763, 1, 1),
(6793, 2, 1763, 1, 1),
(6780, 1, 1763, 1, 1),
(6794, 1, 1763, 1, 1),
(6795, 1, 1763, 1, 1),
(6796, 1, 1763, 1, 1),
(6783, 1, 1763, 1, 1),
(6797, 1, 1763, 1, 1),
(6090, 1, 1763, 1, 1),
(6798, 1, 1763, 1, 1),
(6799, 2, 1763, 1, 1),
(6800, 1, 1763, 1, 1),
(6801, 1, 1763, 1, 1),
(6802, 1, 1763, 1, 1),
(6803, 1, 1763, 1, 1),
(6797, 1, 1763, 1, 1),
(6804, 1, 1763, 1, 1),
(6805, 1, 1763, 1, 1),
(6806, 1, 1763, 1, 1),
(6807, 1, 1763, 1, 1),
(6029, 1, 1763, 1, 1),
(6808, 1, 1763, 1, 1),
(5834, 1, 1763, 1, 1),
(6129, 1, 1763, 1, 1),
(6376, 1, 1763, 1, 1),
(6809, 1, 1763, 1, 1),
(5894, 1, 1763, 1, 1),
(6810, 1, 1763, 1, 1),
(6811, 1, 1763, 1, 1),
(6812, 1, 1763, 1, 1),
(6813, 1, 1763, 1, 1),
(6814, 1, 1763, 1, 1),
(6156, 1, 1763, 1, 1),
(6815, 1, 1763, 1, 1),
(6816, 1, 1763, 1, 1),
(6102, 1, 1763, 1, 1),
(5858, 1, 1763, 1, 1),
(6817, 1, 1763, 1, 1),
(6818, 1, 1763, 1, 1),
(6819, 1, 1763, 1, 1),
(6820, 1, 1763, 1, 1),
(6821, 1, 1763, 1, 1),
(6822, 1, 1763, 1, 1),
(6376, 1, 1763, 1, 1),
(6823, 1, 1763, 1, 1),
(6824, 1, 1763, 1, 1),
(6825, 1, 1763, 1, 1),
(6793, 1, 1763, 1, 1),
(6826, 1, 1763, 1, 1),
(6827, 1, 1763, 1, 1),
(6123, 1, 1763, 1, 1),
(6828, 1, 1763, 1, 1),
(6811, 1, 1763, 1, 1),
(6829, 1, 1763, 1, 1),
(6830, 1, 1763, 1, 1),
(6831, 1, 1763, 1, 1),
(6832, 1, 1763, 1, 1),
(6833, 1, 1763, 1, 1),
(6834, 1, 1763, 1, 1),
(5826, 1, 1763, 1, 1),
(6835, 1, 1763, 1, 1),
(6208, 1, 1763, 1, 1),
(6836, 1, 1763, 1, 1),
(6837, 1, 1763, 1, 1),
(6838, 1, 1763, 1, 1),
(6839, 1, 1763, 1, 1),
(6840, 1, 1763, 1, 1),
(6841, 1, 1763, 1, 1),
(6842, 1, 1763, 1, 1),
(6843, 1, 1763, 1, 1),
(6844, 1, 1763, 1, 1),
(6845, 1, 1763, 1, 1),
(5872, 1, 1763, 1, 1),
(6846, 1, 1763, 1, 1),
(6847, 1, 1763, 1, 1),
(6848, 1, 1763, 1, 1),
(6849, 1, 1763, 1, 1),
(6850, 1, 1763, 1, 1),
(6368, 1, 1763, 1, 1),
(6851, 1, 1763, 1, 1),
(6022, 1, 1763, 1, 1),
(6852, 1, 1763, 1, 1),
(6131, 1, 1763, 1, 1),
(6853, 1, 1763, 1, 1),
(6854, 1, 1763, 1, 1),
(6855, 22, 1764, 1, 1),
(6856, 22, 1764, 1, 1),
(6857, 23, 1764, 1, 1),
(6009, 1, 1764, 1, 1),
(6858, 1, 1764, 1, 1),
(6859, 1, 1764, 1, 1),
(6860, 1, 1764, 1, 1),
(6861, 1, 1764, 1, 1),
(6862, 1, 1764, 1, 1),
(6863, 1, 1764, 1, 1),
(5893, 1, 1764, 1, 1),
(6855, 2, 1764, 1, 1),
(6864, 1, 1764, 1, 1),
(6865, 1, 1764, 1, 1),
(6866, 1, 1764, 1, 1),
(6762, 1, 1764, 1, 1),
(5984, 2, 1764, 1, 1),
(5971, 1, 1764, 1, 1),
(5869, 4, 1764, 1, 1),
(6408, 1, 1764, 1, 1),
(6855, 4, 1764, 1, 1),
(6867, 1, 1764, 1, 1),
(6120, 3, 1764, 1, 1),
(6695, 1, 1764, 1, 1),
(6868, 1, 1764, 1, 1),
(6869, 1, 1764, 1, 1),
(6870, 1, 1764, 1, 1),
(6416, 1, 1764, 1, 1),
(6871, 2, 1764, 1, 1),
(6862, 1, 1764, 1, 1),
(6872, 2, 1764, 1, 1),
(6441, 15, 1764, 1, 1),
(6873, 1, 1764, 1, 1),
(6874, 1, 1764, 1, 1),
(6452, 1, 1764, 1, 1),
(6392, 1, 1764, 1, 1),
(5844, 2, 1764, 1, 1),
(6036, 1, 1764, 1, 1),
(6875, 1, 1764, 1, 1),
(6876, 1, 1764, 1, 1),
(6877, 1, 1764, 1, 1),
(5948, 1, 1764, 1, 1),
(6878, 2, 1764, 1, 1),
(6879, 1, 1764, 1, 1),
(6880, 1, 1764, 1, 1),
(6881, 2, 1764, 1, 1),
(6882, 2, 1764, 1, 1),
(6883, 1, 1764, 1, 1),
(6884, 2, 1764, 1, 1),
(6885, 2, 1764, 1, 1),
(6001, 3, 1764, 1, 1),
(6886, 1, 1764, 1, 1),
(5963, 1, 1764, 1, 1),
(6887, 2, 1764, 1, 1),
(5845, 6, 1764, 1, 1),
(6888, 1, 1764, 1, 1),
(6889, 1, 1764, 1, 1),
(6890, 1, 1764, 1, 1),
(6891, 1, 1764, 1, 1),
(6892, 1, 1764, 1, 1),
(6893, 1, 1764, 1, 1),
(6894, 1, 1764, 1, 1),
(5825, 9, 1764, 1, 1),
(6895, 1, 1764, 1, 1),
(6896, 1, 1764, 1, 1),
(6175, 3, 1764, 1, 1),
(6738, 1, 1764, 1, 1),
(6897, 1, 1764, 1, 1),
(6667, 2, 1764, 1, 1),
(6898, 1, 1764, 1, 1),
(6899, 1, 1764, 1, 1),
(6900, 1, 1764, 1, 1),
(6184, 1, 1764, 1, 1),
(6058, 3, 1764, 1, 1),
(6901, 1, 1764, 1, 1),
(6902, 1, 1764, 1, 1),
(6903, 1, 1764, 1, 1),
(6904, 1, 1764, 1, 1),
(6905, 1, 1764, 1, 1),
(6906, 1, 1764, 1, 1),
(6907, 1, 1764, 1, 1),
(6755, 1, 1764, 1, 1),
(6908, 1, 1764, 1, 1),
(6784, 1, 1764, 1, 1),
(6011, 1, 1764, 1, 1),
(6909, 1, 1764, 1, 1),
(6910, 2, 1764, 1, 1),
(6911, 1, 1764, 1, 1),
(6912, 1, 1764, 1, 1),
(6913, 1, 1764, 1, 1),
(6914, 2, 1764, 1, 1),
(6915, 1, 1764, 1, 1),
(6916, 1, 1764, 1, 1),
(5967, 2, 1764, 1, 1),
(6917, 1, 1764, 1, 1),
(6918, 1, 1764, 1, 1),
(6919, 1, 1764, 1, 1),
(6736, 1, 1764, 1, 1),
(6663, 1, 1764, 1, 1),
(6920, 1, 1764, 1, 1),
(6921, 1, 1764, 1, 1),
(6922, 1, 1764, 1, 1),
(6923, 1, 1764, 1, 1),
(6924, 1, 1764, 1, 1),
(6925, 1, 1764, 1, 1),
(5869, 2, 1764, 1, 1),
(5849, 4, 1764, 1, 1),
(5904, 1, 1764, 1, 1),
(6926, 1, 1764, 1, 1),
(5920, 1, 1764, 1, 1),
(6927, 1, 1764, 1, 1),
(6928, 1, 1764, 1, 1),
(6909, 1, 1764, 1, 1),
(6929, 1, 1764, 1, 1),
(5851, 2, 1764, 1, 1),
(5891, 1, 1764, 1, 1),
(6930, 1, 1764, 1, 1),
(6892, 4, 1764, 1, 1),
(6773, 1, 1764, 1, 1),
(6931, 1, 1764, 1, 1),
(6932, 1, 1764, 1, 1),
(6298, 1, 1764, 1, 1),
(6933, 1, 1764, 1, 1),
(6934, 1, 1764, 1, 1),
(6935, 1, 1764, 1, 1),
(6936, 1, 1764, 1, 1),
(6879, 2, 1764, 1, 1),
(5848, 1, 1764, 1, 1),
(6937, 1, 1764, 1, 1),
(6938, 2, 1764, 1, 1),
(6140, 1, 1764, 1, 1),
(6786, 1, 1764, 1, 1),
(5961, 1, 1764, 1, 1),
(6939, 1, 1764, 1, 1),
(6940, 1, 1764, 1, 1),
(6941, 1, 1764, 1, 1),
(6942, 1, 1764, 1, 1),
(6593, 1, 1764, 1, 1),
(6037, 4, 1764, 1, 1),
(6276, 1, 1764, 1, 1),
(6855, 1, 1764, 1, 1),
(6519, 1, 1764, 1, 1),
(6943, 1, 1764, 1, 1),
(6944, 1, 1764, 1, 1),
(6289, 1, 1764, 1, 1),
(6945, 1, 1764, 1, 1),
(6946, 1, 1764, 1, 1),
(6947, 1, 1764, 1, 1),
(6672, 1, 1764, 1, 1),
(6126, 1, 1764, 1, 1),
(6948, 1, 1764, 1, 1),
(6856, 1, 1764, 1, 1),
(6949, 1, 1764, 1, 1),
(6950, 1, 1764, 1, 1),
(6951, 1, 1764, 1, 1),
(6952, 1, 1764, 1, 1),
(6333, 2, 1764, 1, 1),
(6953, 1, 1764, 1, 1),
(6954, 1, 1764, 1, 1),
(6310, 1, 1764, 1, 1),
(6955, 1, 1764, 1, 1),
(6956, 1, 1764, 1, 1),
(6107, 1, 1764, 1, 1),
(6957, 1, 1764, 1, 1),
(6390, 1, 1764, 1, 1),
(6958, 1, 1764, 1, 1),
(6332, 1, 1764, 1, 1),
(6959, 1, 1764, 1, 1),
(6960, 1, 1764, 1, 1),
(6961, 1, 1764, 1, 1),
(6792, 1, 1764, 1, 1),
(6962, 1, 1764, 1, 1),
(6963, 2, 1764, 1, 1),
(6964, 1, 1764, 1, 1),
(6965, 1, 1764, 1, 1),
(6452, 1, 1764, 1, 1),
(6966, 1, 1764, 1, 1),
(6967, 1, 1764, 1, 1),
(6062, 1, 1764, 1, 1),
(6929, 1, 1764, 1, 1),
(6125, 1, 1764, 1, 1),
(6968, 1, 1764, 1, 1),
(6107, 1, 1764, 1, 1),
(6969, 1, 1764, 1, 1),
(6343, 1, 1764, 1, 1),
(6970, 1, 1764, 1, 1),
(6971, 1, 1764, 1, 1),
(6972, 1, 1764, 1, 1),
(6973, 1, 1764, 1, 1),
(5963, 1, 1764, 1, 1),
(6974, 1, 1764, 1, 1),
(6975, 1, 1764, 1, 1),
(6976, 1, 1764, 1, 1),
(6029, 1, 1764, 1, 1),
(6929, 1, 1764, 1, 1),
(6977, 1, 1764, 1, 1),
(6978, 1, 1764, 1, 1),
(6979, 1, 1764, 1, 1),
(6969, 1, 1764, 1, 1),
(6364, 1, 1764, 1, 1),
(6980, 1, 1764, 1, 1),
(6981, 1, 1764, 1, 1),
(6654, 1, 1764, 1, 1),
(6982, 1, 1764, 1, 1),
(6390, 1, 1764, 1, 1),
(6437, 1, 1764, 1, 1),
(6983, 1, 1764, 1, 1),
(6984, 1, 1764, 1, 1),
(6910, 2, 1764, 1, 1),
(6985, 1, 1764, 1, 1),
(6986, 1, 1764, 1, 1),
(6987, 1, 1764, 1, 1),
(6280, 1, 1764, 1, 1),
(6988, 1, 1764, 1, 1),
(6989, 1, 1764, 1, 1),
(6767, 1, 1764, 1, 1),
(6990, 1, 1764, 1, 1),
(5865, 1, 1764, 1, 1),
(6991, 1, 1764, 1, 1),
(6992, 1, 1764, 1, 1),
(6993, 1, 1764, 1, 1),
(6994, 1, 1764, 1, 1),
(6995, 1, 1764, 1, 1),
(6996, 1, 1764, 1, 1),
(6862, 1, 1764, 1, 1),
(6997, 1, 1764, 1, 1),
(5938, 1, 1764, 1, 1),
(5975, 1, 1764, 1, 1),
(6998, 1, 1764, 1, 1),
(6999, 1, 1764, 1, 1),
(6368, 1, 1764, 1, 1),
(6406, 1, 1764, 1, 1),
(6489, 1, 1764, 1, 1),
(6669, 1, 1764, 1, 1),
(6301, 1, 1764, 1, 1),
(5849, 1, 1764, 1, 1),
(6151, 1, 1764, 1, 1),
(6536, 1, 1764, 1, 1),
(5968, 1, 1764, 1, 1),
(5841, 1, 1764, 1, 1),
(7000, 1, 1764, 1, 1),
(7001, 1, 1764, 1, 1),
(5801, 1, 1764, 1, 1),
(7002, 1, 1764, 1, 1),
(7003, 1, 1764, 1, 1),
(7004, 1, 1764, 1, 1),
(7005, 1, 1764, 1, 1),
(7006, 1, 1764, 1, 1),
(7007, 1, 1764, 1, 1),
(7008, 1, 1764, 1, 1),
(5908, 1, 1764, 1, 1),
(6002, 1, 1764, 1, 1),
(6025, 1, 1764, 1, 1),
(6145, 1, 1764, 1, 1),
(6999, 1, 1764, 1, 1),
(5841, 1, 1764, 1, 1),
(6345, 1, 1764, 1, 1),
(6376, 1, 1764, 1, 1),
(7009, 1, 1764, 1, 1),
(7010, 1, 1764, 1, 1),
(6855, 1, 1764, 1, 1),
(7011, 1, 1764, 1, 1),
(5965, 1, 1764, 1, 1),
(5971, 1, 1764, 1, 1),
(7012, 1, 1764, 1, 1),
(6158, 1, 1764, 1, 1),
(7013, 1, 1764, 1, 1),
(7014, 1, 1764, 1, 1),
(7015, 1, 1764, 1, 1),
(7016, 1, 1764, 1, 1),
(6116, 1, 1764, 1, 1),
(7017, 1, 1764, 1, 1),
(7018, 1, 1764, 1, 1),
(7015, 1, 1764, 1, 1),
(7019, 1, 1764, 1, 1),
(7020, 1, 1764, 1, 1),
(7021, 1, 1764, 1, 1),
(6870, 1, 1764, 1, 1),
(6536, 1, 1764, 1, 1),
(7022, 1, 1764, 1, 1),
(7023, 1, 1764, 1, 1),
(7024, 1, 1764, 1, 1),
(7025, 1, 1764, 1, 1),
(7026, 1, 1764, 1, 1),
(7027, 1, 1764, 1, 1),
(7028, 1, 1764, 1, 1),
(7029, 1, 1764, 1, 1),
(7030, 1, 1764, 1, 1),
(6011, 1, 1764, 1, 1),
(6409, 1, 1764, 1, 1),
(6747, 1, 1764, 1, 1),
(7031, 1, 1764, 1, 1),
(7032, 1, 1764, 1, 1),
(6324, 1, 1764, 1, 1),
(6392, 1, 1764, 1, 1),
(6532, 1, 1764, 1, 1),
(7033, 1, 1764, 1, 1),
(7034, 1, 1764, 1, 1),
(7035, 1, 1764, 1, 1),
(7036, 1, 1764, 1, 1),
(7037, 1, 1764, 1, 1),
(7038, 1, 1764, 1, 1),
(6185, 1, 1764, 1, 1),
(5927, 1, 1764, 1, 1),
(7039, 24, 1765, 1, 1),
(7040, 28, 1765, 1, 1),
(5913, 24, 1765, 1, 1),
(7041, 22, 1765, 1, 1),
(7042, 24, 1765, 1, 1),
(7043, 22, 1765, 1, 1),
(5845, 16, 1765, 1, 1),
(6065, 4, 1765, 1, 1),
(6408, 2, 1765, 1, 1),
(7044, 2, 1765, 1, 1),
(7045, 2, 1765, 1, 1),
(6913, 3, 1765, 1, 1),
(6995, 3, 1765, 1, 1),
(7046, 3, 1765, 1, 1),
(7047, 2, 1765, 1, 1),
(7048, 2, 1765, 1, 1),
(7049, 2, 1765, 1, 1),
(7050, 2, 1765, 1, 1),
(6441, 5, 1765, 1, 1),
(6029, 2, 1765, 1, 1),
(7051, 3, 1765, 1, 1),
(7052, 2, 1765, 1, 1),
(7053, 2, 1765, 1, 1),
(6410, 2, 1765, 1, 1),
(6533, 2, 1765, 1, 1),
(6125, 2, 1765, 1, 1),
(5904, 2, 1765, 1, 1),
(7054, 2, 1765, 1, 1),
(6055, 2, 1765, 1, 1),
(7055, 2, 1765, 1, 1),
(7056, 2, 1765, 1, 1),
(7039, 4, 1765, 1, 1),
(7057, 2, 1765, 1, 1),
(5825, 10, 1765, 1, 1),
(7058, 1, 1765, 1, 1),
(7059, 1, 1765, 1, 1),
(7060, 1, 1765, 1, 1),
(7061, 1, 1765, 1, 1),
(7062, 1, 1765, 1, 1),
(7063, 1, 1765, 1, 1),
(7064, 2, 1765, 1, 1),
(7065, 1, 1765, 1, 1),
(7066, 1, 1765, 1, 1),
(5948, 3, 1765, 1, 1),
(5873, 1, 1765, 1, 1),
(6862, 1, 1765, 1, 1),
(7067, 1, 1765, 1, 1),
(7068, 1, 1765, 1, 1),
(6025, 1, 1765, 1, 1),
(7069, 1, 1765, 1, 1),
(6209, 1, 1765, 1, 1),
(7070, 1, 1765, 1, 1),
(7071, 1, 1765, 1, 1),
(6106, 2, 1765, 1, 1),
(6908, 4, 1765, 1, 1),
(7072, 1, 1765, 1, 1),
(7073, 3, 1765, 1, 1),
(7051, 4, 1765, 1, 1),
(7074, 1, 1765, 1, 1),
(7075, 1, 1765, 1, 1),
(7076, 1, 1765, 1, 1),
(7050, 4, 1765, 1, 1),
(7048, 1, 1765, 1, 1),
(7077, 1, 1765, 1, 1),
(7045, 1, 1765, 1, 1),
(5926, 2, 1765, 1, 1),
(7078, 1, 1765, 1, 1),
(7079, 1, 1765, 1, 1),
(5859, 1, 1765, 1, 1),
(7080, 1, 1765, 1, 1),
(7081, 1, 1765, 1, 1),
(7082, 1, 1765, 1, 1),
(7083, 1, 1765, 1, 1),
(7084, 1, 1765, 1, 1),
(7085, 1, 1765, 1, 1),
(6773, 1, 1765, 1, 1),
(7086, 2, 1765, 1, 1),
(7087, 2, 1765, 1, 1),
(7088, 1, 1765, 1, 1),
(7089, 1, 1765, 1, 1),
(7090, 1, 1765, 1, 1),
(7091, 1, 1765, 1, 1),
(7092, 2, 1765, 1, 1),
(7042, 2, 1765, 1, 1),
(7093, 4, 1765, 1, 1),
(7094, 1, 1765, 1, 1),
(7095, 1, 1765, 1, 1),
(7096, 1, 1765, 1, 1),
(5874, 1, 1765, 1, 1),
(6219, 2, 1765, 1, 1),
(7097, 2, 1765, 1, 1),
(7098, 2, 1765, 1, 1),
(6662, 1, 1765, 1, 1),
(6593, 2, 1765, 1, 1),
(6124, 1, 1765, 1, 1),
(7099, 1, 1765, 1, 1),
(7100, 4, 1765, 1, 1),
(6339, 1, 1765, 1, 1),
(7101, 1, 1765, 1, 1),
(7102, 1, 1765, 1, 1),
(7074, 1, 1765, 1, 1),
(6995, 1, 1765, 1, 1),
(7103, 1, 1765, 1, 1),
(7104, 2, 1765, 1, 1),
(7105, 1, 1765, 1, 1),
(7106, 1, 1765, 1, 1),
(6011, 1, 1765, 1, 1),
(7056, 1, 1765, 1, 1),
(7107, 1, 1765, 1, 1),
(7108, 1, 1765, 1, 1),
(7109, 1, 1765, 1, 1),
(7110, 1, 1765, 1, 1),
(7111, 1, 1765, 1, 1),
(7112, 1, 1765, 1, 1),
(6931, 1, 1765, 1, 1),
(6125, 2, 1765, 1, 1),
(7113, 2, 1765, 1, 1),
(7114, 1, 1765, 1, 1),
(7115, 2, 1765, 1, 1),
(7039, 2, 1765, 1, 1),
(7116, 1, 1765, 1, 1),
(5865, 1, 1765, 1, 1),
(7117, 1, 1765, 1, 1),
(6125, 2, 1765, 1, 1),
(7118, 1, 1765, 1, 1),
(7119, 1, 1765, 1, 1),
(7120, 1, 1765, 1, 1),
(7121, 1, 1765, 1, 1),
(7115, 2, 1765, 1, 1),
(7122, 1, 1765, 1, 1),
(7123, 3, 1765, 1, 1),
(5849, 1, 1765, 1, 1),
(5807, 1, 1765, 1, 1),
(7124, 1, 1765, 1, 1),
(7112, 1, 1765, 1, 1),
(7125, 1, 1765, 1, 1),
(7126, 1, 1765, 1, 1),
(6058, 1, 1765, 1, 1),
(7127, 1, 1765, 1, 1),
(6175, 2, 1765, 1, 1),
(7128, 1, 1765, 1, 1),
(7129, 1, 1765, 1, 1),
(7130, 1, 1765, 1, 1),
(5963, 1, 1765, 1, 1),
(7131, 1, 1765, 1, 1),
(7132, 1, 1765, 1, 1),
(7133, 2, 1765, 1, 1),
(7134, 1, 1765, 1, 1),
(7135, 1, 1765, 1, 1),
(7136, 1, 1765, 1, 1),
(7137, 1, 1765, 1, 1),
(6851, 1, 1765, 1, 1),
(5844, 2, 1765, 1, 1),
(6036, 2, 1765, 1, 1),
(7138, 2, 1765, 1, 1),
(7139, 1, 1765, 1, 1),
(5825, 2, 1765, 1, 1),
(7140, 1, 1765, 1, 1),
(7141, 1, 1765, 1, 1),
(6094, 1, 1765, 1, 1),
(7142, 2, 1765, 1, 1),
(7143, 2, 1765, 1, 1),
(6125, 3, 1765, 1, 1),
(7144, 1, 1765, 1, 1),
(7145, 2, 1765, 1, 1),
(6342, 2, 1765, 1, 1),
(6747, 1, 1765, 1, 1),
(6476, 1, 1765, 1, 1),
(5984, 1, 1765, 1, 1),
(7146, 1, 1765, 1, 1),
(7147, 1, 1765, 1, 1),
(7148, 1, 1765, 1, 1),
(7149, 1, 1765, 1, 1),
(7150, 1, 1765, 1, 1),
(7151, 1, 1765, 1, 1),
(7152, 1, 1765, 1, 1),
(7153, 1, 1765, 1, 1),
(6011, 1, 1765, 1, 1),
(7154, 1, 1765, 1, 1),
(5954, 1, 1765, 1, 1),
(7065, 2, 1765, 1, 1),
(7155, 1, 1765, 1, 1),
(7156, 1, 1765, 1, 1),
(6406, 2, 1765, 1, 1),
(7157, 1, 1765, 1, 1),
(7158, 2, 1765, 1, 1),
(7029, 1, 1765, 1, 1),
(7159, 1, 1765, 1, 1),
(7145, 2, 1765, 1, 1),
(7160, 1, 1765, 1, 1),
(6928, 2, 1765, 1, 1),
(7161, 1, 1765, 1, 1),
(6011, 1, 1765, 1, 1),
(5904, 1, 1765, 1, 1),
(7162, 1, 1765, 1, 1),
(7067, 1, 1765, 1, 1),
(6125, 1, 1765, 1, 1),
(7163, 1, 1765, 1, 1),
(7164, 1, 1765, 1, 1),
(7165, 1, 1765, 1, 1),
(7166, 1, 1765, 1, 1),
(7167, 1, 1765, 1, 1),
(7168, 1, 1765, 1, 1),
(7139, 1, 1765, 1, 1),
(7169, 1, 1765, 1, 1),
(6289, 1, 1765, 1, 1),
(5904, 1, 1765, 1, 1),
(7170, 1, 1765, 1, 1),
(6001, 2, 1765, 1, 1),
(7171, 1, 1765, 1, 1),
(5967, 1, 1765, 1, 1),
(7172, 1, 1765, 1, 1),
(7173, 2, 1765, 1, 1),
(5851, 3, 1765, 1, 1),
(7174, 1, 1765, 1, 1),
(6037, 1, 1765, 1, 1),
(7175, 1, 1765, 1, 1),
(6432, 1, 1765, 1, 1),
(7176, 1, 1765, 1, 1),
(6293, 1, 1765, 1, 1),
(7177, 1, 1765, 1, 1),
(6886, 1, 1765, 1, 1),
(6538, 2, 1765, 1, 1),
(5929, 5, 1765, 1, 1),
(6628, 1, 1765, 1, 1),
(7178, 1, 1765, 1, 1),
(7179, 1, 1765, 1, 1),
(7180, 1, 1765, 1, 1),
(5891, 1, 1765, 1, 1),
(7142, 1, 1765, 1, 1),
(7181, 1, 1765, 1, 1),
(6598, 1, 1765, 1, 1),
(5849, 1, 1765, 1, 1),
(7145, 1, 1765, 1, 1),
(7182, 1, 1765, 1, 1),
(6513, 1, 1765, 1, 1),
(7183, 1, 1765, 1, 1),
(6168, 1, 1765, 1, 1),
(7184, 1, 1765, 1, 1),
(7185, 1, 1765, 1, 1),
(6324, 1, 1765, 1, 1),
(5907, 1, 1765, 1, 1),
(7179, 1, 1765, 1, 1),
(5869, 1, 1765, 1, 1),
(7169, 1, 1765, 1, 1),
(7186, 1, 1765, 1, 1),
(7187, 1, 1765, 1, 1),
(5849, 1, 1765, 1, 1),
(6393, 1, 1765, 1, 1),
(7188, 1, 1765, 1, 1),
(7189, 2, 1765, 1, 1),
(7190, 1, 1765, 1, 1),
(7191, 1, 1765, 1, 1),
(6589, 1, 1765, 1, 1),
(5904, 1, 1765, 1, 1),
(6158, 1, 1765, 1, 1),
(7192, 1, 1765, 1, 1),
(7193, 1, 1765, 1, 1),
(6482, 1, 1765, 1, 1),
(7194, 1, 1765, 1, 1),
(6289, 1, 1765, 1, 1),
(7195, 1, 1765, 1, 1),
(6536, 1, 1765, 1, 1),
(5849, 3, 1765, 1, 1),
(7196, 1, 1765, 1, 1),
(5869, 1, 1765, 1, 1),
(6031, 1, 1765, 1, 1),
(7197, 1, 1765, 1, 1),
(7198, 1, 1765, 1, 1),
(6662, 1, 1765, 1, 1),
(7199, 1, 1765, 1, 1),
(6196, 1, 1765, 1, 1),
(6519, 1, 1765, 1, 1),
(7200, 1, 1765, 1, 1),
(5849, 1, 1765, 1, 1),
(7201, 1, 1765, 1, 1),
(7202, 1, 1765, 1, 1),
(6154, 1, 1765, 1, 1),
(7203, 1, 1765, 1, 1),
(7142, 2, 1765, 1, 1),
(7204, 2, 1765, 1, 1),
(6103, 1, 1765, 1, 1),
(7205, 1, 1765, 1, 1),
(7206, 1, 1765, 1, 1),
(6663, 1, 1765, 1, 1),
(7207, 1, 1765, 1, 1),
(7208, 1, 1765, 1, 1),
(7209, 1, 1765, 1, 1),
(7210, 1, 1765, 1, 1),
(7211, 1, 1765, 1, 1),
(7212, 1, 1765, 1, 1),
(7213, 1, 1765, 1, 1),
(7214, 1, 1765, 1, 1),
(7215, 1, 1765, 1, 1),
(7216, 1, 1765, 1, 1),
(7217, 1, 1765, 1, 1),
(6058, 1, 1765, 1, 1),
(7218, 1, 1765, 1, 1),
(6514, 1, 1765, 1, 1),
(7219, 1, 1765, 1, 1),
(6669, 1, 1765, 1, 1),
(5959, 2, 1765, 1, 1),
(6025, 1, 1765, 1, 1),
(7220, 2, 1765, 1, 1),
(6595, 2, 1765, 1, 1),
(7033, 1, 1765, 1, 1),
(5948, 1, 1765, 1, 1),
(6102, 1, 1765, 1, 1),
(7221, 1, 1765, 1, 1),
(7222, 1, 1765, 1, 1),
(7223, 1, 1765, 1, 1),
(7224, 1, 1765, 1, 1),
(6489, 1, 1765, 1, 1),
(6368, 1, 1765, 1, 1),
(7225, 1, 1765, 1, 1),
(7226, 1, 1765, 1, 1),
(7227, 1, 1765, 1, 1),
(6907, 1, 1765, 1, 1),
(7228, 1, 1765, 1, 1),
(7229, 1, 1765, 1, 1),
(7230, 1, 1765, 1, 1),
(6485, 1, 1765, 1, 1),
(7231, 1, 1765, 1, 1),
(7232, 1, 1765, 1, 1),
(7233, 1, 1765, 1, 1),
(6871, 1, 1765, 1, 1),
(6818, 1, 1765, 1, 1),
(6908, 1, 1765, 1, 1),
(6105, 1, 1765, 1, 1),
(7234, 1, 1765, 1, 1),
(7235, 1, 1765, 1, 1),
(7236, 1, 1765, 1, 1),
(7237, 1, 1765, 1, 1),
(7238, 1, 1765, 1, 1),
(7239, 63, 1766, 1, 1),
(7240, 44, 1766, 1, 1),
(5849, 53, 1766, 1, 1),
(7241, 57, 1766, 1, 1),
(7242, 1, 1766, 1, 1),
(6009, 1, 1766, 1, 1),
(6453, 1, 1766, 1, 1),
(6780, 1, 1766, 1, 1),
(7243, 1, 1766, 1, 1),
(7244, 1, 1766, 1, 1),
(7245, 1, 1766, 1, 1),
(5834, 4, 1766, 1, 1),
(5845, 15, 1766, 1, 1),
(6126, 1, 1766, 1, 1),
(7246, 2, 1766, 1, 1),
(6441, 15, 1766, 1, 1),
(7247, 1, 1766, 1, 1),
(7248, 1, 1766, 1, 1),
(7249, 2, 1766, 1, 1),
(6449, 1, 1766, 1, 1),
(7250, 1, 1766, 1, 1),
(6011, 3, 1766, 1, 1),
(6417, 1, 1766, 1, 1),
(5991, 1, 1766, 1, 1),
(5888, 2, 1766, 1, 1),
(7251, 2, 1766, 1, 1),
(6162, 1, 1766, 1, 1),
(7252, 1, 1766, 1, 1),
(5844, 4, 1766, 1, 1),
(7253, 1, 1766, 1, 1),
(5909, 3, 1766, 1, 1),
(5926, 5, 1766, 1, 1),
(7254, 1, 1766, 1, 1),
(7255, 2, 1766, 1, 1),
(6767, 2, 1766, 1, 1),
(5909, 2, 1766, 1, 1),
(7256, 1, 1766, 1, 1),
(7257, 1, 1766, 1, 1),
(6025, 3, 1766, 1, 1),
(7258, 1, 1766, 1, 1),
(5873, 1, 1766, 1, 1),
(6181, 1, 1766, 1, 1),
(7259, 1, 1766, 1, 1),
(7260, 1, 1766, 1, 1),
(7261, 1, 1766, 1, 1),
(7251, 1, 1766, 1, 1),
(7262, 1, 1766, 1, 1),
(6046, 1, 1766, 1, 1),
(7263, 1, 1766, 1, 1),
(7264, 1, 1766, 1, 1),
(7265, 1, 1766, 1, 1),
(6542, 1, 1766, 1, 1),
(7266, 1, 1766, 1, 1),
(5906, 1, 1766, 1, 1),
(7267, 1, 1766, 1, 1),
(6463, 1, 1766, 1, 1),
(6466, 1, 1766, 1, 1),
(6467, 1, 1766, 1, 1),
(7268, 2, 1766, 1, 1),
(7269, 2, 1766, 1, 1),
(7270, 1, 1766, 1, 1),
(5888, 1, 1766, 1, 1),
(7251, 1, 1766, 1, 1),
(7271, 1, 1766, 1, 1),
(7272, 1, 1766, 1, 1),
(5984, 4, 1766, 1, 1),
(7273, 2, 1766, 1, 1),
(7274, 2, 1766, 1, 1),
(7275, 1, 1766, 1, 1),
(6174, 1, 1766, 1, 1),
(6279, 1, 1766, 1, 1),
(7276, 3, 1766, 1, 1),
(7277, 2, 1766, 1, 1),
(6819, 2, 1766, 1, 1),
(6820, 2, 1766, 1, 1),
(6545, 1, 1766, 1, 1),
(5984, 1, 1766, 1, 1),
(7278, 1, 1766, 1, 1),
(7279, 1, 1766, 1, 1),
(7280, 1, 1766, 1, 1),
(7281, 1, 1766, 1, 1),
(7282, 1, 1766, 1, 1),
(7283, 1, 1766, 1, 1),
(7284, 4, 1766, 1, 1),
(7285, 1, 1766, 1, 1),
(6593, 1, 1766, 1, 1),
(6058, 3, 1766, 1, 1),
(7286, 1, 1766, 1, 1),
(7058, 1, 1766, 1, 1),
(5825, 19, 1766, 1, 1),
(7287, 1, 1766, 1, 1),
(7288, 1, 1766, 1, 1),
(6175, 1, 1766, 1, 1),
(6738, 2, 1766, 1, 1),
(5929, 15, 1766, 1, 1),
(6909, 1, 1766, 1, 1),
(5811, 3, 1766, 1, 1),
(5947, 3, 1766, 1, 1),
(7289, 1, 1766, 1, 1),
(6125, 4, 1766, 1, 1),
(7163, 1, 1766, 1, 1),
(6630, 3, 1766, 1, 1),
(7022, 1, 1766, 1, 1),
(7290, 1, 1766, 1, 1),
(6717, 1, 1766, 1, 1),
(7291, 1, 1766, 1, 1),
(7292, 1, 1766, 1, 1),
(7293, 1, 1766, 1, 1),
(7294, 1, 1766, 1, 1),
(7291, 1, 1766, 1, 1),
(7295, 1, 1766, 1, 1),
(7296, 1, 1766, 1, 1),
(7297, 1, 1766, 1, 1),
(7298, 1, 1766, 1, 1),
(7299, 1, 1766, 1, 1),
(5904, 5, 1766, 1, 1),
(7300, 1, 1766, 1, 1),
(7301, 1, 1766, 1, 1),
(7302, 1, 1766, 1, 1),
(7303, 1, 1766, 1, 1),
(7304, 1, 1766, 1, 1),
(7027, 1, 1766, 1, 1),
(7305, 1, 1766, 1, 1),
(5904, 7, 1766, 1, 1),
(7306, 1, 1766, 1, 1),
(6285, 1, 1766, 1, 1),
(7307, 1, 1766, 1, 1),
(6630, 1, 1766, 1, 1),
(7308, 1, 1766, 1, 1),
(5904, 2, 1766, 1, 1),
(7309, 1, 1766, 1, 1),
(7310, 1, 1766, 1, 1),
(5851, 1, 1766, 1, 1),
(7311, 1, 1766, 1, 1),
(7312, 1, 1766, 1, 1),
(5851, 13, 1766, 1, 1),
(5891, 3, 1766, 1, 1),
(7310, 1, 1766, 1, 1),
(5869, 5, 1766, 1, 1),
(5969, 1, 1766, 1, 1),
(7313, 1, 1766, 1, 1),
(5947, 1, 1766, 1, 1),
(6175, 1, 1766, 1, 1),
(7314, 1, 1766, 1, 1),
(6037, 10, 1766, 1, 1),
(6332, 7, 1766, 1, 1),
(7315, 1, 1766, 1, 1),
(6671, 1, 1766, 1, 1),
(7307, 1, 1766, 1, 1),
(7316, 1, 1766, 1, 1),
(5823, 6, 1766, 1, 1),
(7317, 1, 1766, 1, 1),
(6031, 1, 1766, 1, 1),
(5834, 3, 1766, 1, 1),
(6090, 1, 1766, 1, 1),
(5811, 4, 1766, 1, 1),
(6116, 1, 1766, 1, 1),
(7318, 1, 1766, 1, 1),
(7319, 1, 1766, 1, 1),
(6368, 5, 1766, 1, 1),
(6851, 2, 1766, 1, 1),
(6025, 2, 1766, 1, 1),
(7186, 1, 1766, 1, 1),
(6533, 3, 1766, 1, 1),
(6618, 3, 1766, 1, 1),
(7320, 1, 1766, 1, 1),
(7321, 1, 1766, 1, 1),
(7322, 1, 1766, 1, 1),
(5849, 7, 1766, 1, 1),
(7323, 1, 1766, 1, 1),
(6342, 3, 1766, 1, 1),
(7324, 1, 1766, 1, 1),
(6518, 1, 1766, 1, 1),
(6408, 4, 1766, 1, 1),
(6289, 1, 1766, 1, 1),
(7325, 1, 1766, 1, 1),
(6536, 1, 1766, 1, 1),
(7326, 1, 1766, 1, 1),
(7327, 1, 1766, 1, 1),
(5834, 1, 1766, 1, 1),
(7328, 1, 1766, 1, 1),
(7329, 1, 1766, 1, 1),
(6519, 1, 1766, 1, 1),
(6871, 2, 1766, 1, 1),
(5898, 1, 1766, 1, 1),
(5864, 1, 1766, 1, 1),
(7330, 1, 1766, 1, 1),
(7331, 1, 1766, 1, 1),
(5950, 5, 1766, 1, 1),
(7332, 1, 1766, 1, 1),
(5876, 2, 1766, 1, 1),
(7333, 1, 1766, 1, 1),
(6337, 1, 1766, 1, 1),
(7334, 1, 1766, 1, 1),
(7335, 1, 1766, 1, 1),
(7336, 1, 1766, 1, 1),
(7169, 2, 1766, 1, 1),
(7337, 1, 1766, 1, 1),
(7338, 1, 1766, 1, 1),
(7339, 1, 1766, 1, 1),
(6898, 1, 1766, 1, 1),
(7340, 1, 1766, 1, 1),
(5898, 2, 1766, 1, 1),
(7341, 1, 1766, 1, 1),
(7342, 2, 1766, 1, 1),
(6630, 1, 1766, 1, 1),
(7343, 1, 1766, 1, 1),
(7344, 1, 1766, 1, 1),
(7345, 1, 1766, 1, 1),
(7346, 1, 1766, 1, 1),
(7347, 1, 1766, 1, 1),
(6406, 1, 1766, 1, 1),
(6485, 5, 1766, 1, 1),
(7348, 1, 1766, 1, 1),
(7349, 1, 1766, 1, 1),
(7350, 1, 1766, 1, 1),
(7351, 1, 1766, 1, 1),
(7352, 1, 1766, 1, 1),
(6064, 1, 1766, 1, 1),
(7353, 1, 1766, 1, 1),
(7354, 1, 1766, 1, 1),
(7355, 1, 1766, 1, 1),
(6545, 1, 1766, 1, 1),
(7356, 1, 1766, 1, 1),
(6058, 3, 1766, 1, 1),
(7357, 1, 1766, 1, 1),
(7358, 1, 1766, 1, 1),
(6154, 1, 1766, 1, 1),
(6129, 1, 1766, 1, 1),
(6684, 1, 1766, 1, 1),
(7359, 1, 1766, 1, 1),
(6120, 1, 1766, 1, 1),
(5909, 2, 1766, 1, 1),
(6058, 1, 1766, 1, 1),
(7360, 1, 1766, 1, 1),
(7279, 1, 1766, 1, 1),
(7361, 1, 1766, 1, 1),
(7334, 1, 1766, 1, 1),
(7127, 1, 1766, 1, 1),
(7362, 3, 1766, 1, 1),
(7363, 1, 1766, 1, 1),
(7364, 1, 1766, 1, 1),
(7365, 2, 1766, 1, 1),
(7366, 1, 1766, 1, 1),
(6498, 7, 1766, 1, 1),
(7367, 2, 1766, 1, 1),
(7368, 1, 1766, 1, 1),
(6289, 4, 1766, 1, 1),
(7369, 3, 1766, 1, 1),
(7370, 2, 1766, 1, 1),
(5958, 1, 1766, 1, 1),
(7371, 1, 1766, 1, 1),
(7372, 1, 1766, 1, 1),
(7373, 1, 1766, 1, 1),
(7279, 1, 1766, 1, 1),
(6748, 1, 1766, 1, 1),
(7374, 1, 1766, 1, 1),
(5874, 1, 1766, 1, 1),
(6125, 1, 1766, 1, 1),
(7375, 1, 1766, 1, 1),
(6536, 4, 1766, 1, 1),
(7376, 2, 1766, 1, 1),
(7377, 1, 1766, 1, 1),
(7378, 1, 1766, 1, 1),
(7379, 1, 1766, 1, 1),
(7380, 1, 1766, 1, 1),
(7036, 2, 1766, 1, 1),
(6404, 1, 1766, 1, 1),
(7381, 1, 1766, 1, 1),
(6533, 2, 1766, 1, 1),
(7382, 1, 1766, 1, 1),
(7383, 1, 1766, 1, 1),
(6122, 3, 1766, 1, 1),
(7384, 1, 1766, 1, 1),
(5933, 1, 1766, 1, 1),
(7385, 1, 1766, 1, 1),
(7386, 1, 1766, 1, 1),
(6208, 1, 1766, 1, 1),
(6130, 1, 1766, 1, 1),
(7387, 1, 1766, 1, 1),
(7388, 1, 1766, 1, 1),
(5971, 1, 1766, 1, 1),
(5971, 1, 1766, 1, 1),
(6345, 7, 1766, 1, 1),
(7389, 1, 1766, 1, 1),
(6208, 1, 1766, 1, 1),
(6014, 2, 1766, 1, 1),
(7390, 1, 1766, 1, 1),
(6330, 1, 1766, 1, 1),
(7391, 1, 1766, 1, 1),
(7392, 1, 1766, 1, 1),
(6526, 1, 1766, 1, 1),
(6411, 11, 1766, 1, 1),
(7393, 2, 1766, 1, 1),
(7394, 1, 1766, 1, 1),
(6542, 1, 1766, 1, 1),
(7395, 1, 1766, 1, 1),
(6508, 5, 1766, 1, 1),
(7396, 1, 1766, 1, 1),
(6161, 1, 1766, 1, 1),
(7397, 1, 1766, 1, 1),
(6025, 3, 1766, 1, 1),
(7398, 1, 1766, 1, 1),
(7399, 1, 1766, 1, 1),
(5971, 1, 1766, 1, 1),
(7400, 1, 1766, 1, 1),
(5858, 1, 1766, 1, 1),
(7401, 1, 1766, 1, 1),
(7402, 1, 1766, 1, 1),
(7403, 2, 1766, 1, 1),
(5808, 1, 1766, 1, 1),
(7404, 1, 1766, 1, 1),
(7405, 1, 1766, 1, 1),
(5912, 1, 1766, 1, 1),
(5978, 1, 1766, 1, 1),
(7406, 1, 1766, 1, 1),
(5910, 1, 1766, 1, 1),
(7407, 2, 1766, 1, 1),
(6258, 2, 1766, 1, 1),
(7405, 3, 1766, 1, 1),
(6058, 1, 1766, 1, 1),
(7408, 1, 1766, 1, 1),
(7409, 2, 1766, 1, 1),
(7410, 1, 1766, 1, 1),
(7411, 1, 1766, 1, 1),
(7412, 1, 1766, 1, 1),
(7394, 1, 1766, 1, 1),
(5834, 2, 1766, 1, 1),
(7413, 1, 1766, 1, 1),
(6417, 2, 1766, 1, 1),
(6844, 1, 1766, 1, 1),
(7414, 1, 1766, 1, 1),
(7415, 1, 1766, 1, 1),
(7199, 1, 1766, 1, 1),
(7279, 1, 1766, 1, 1),
(7416, 1, 1766, 1, 1),
(6289, 4, 1766, 1, 1),
(6793, 1, 1766, 1, 1),
(7417, 1, 1766, 1, 1),
(7418, 1, 1766, 1, 1),
(5872, 1, 1766, 1, 1),
(5978, 3, 1766, 1, 1),
(7419, 1, 1766, 1, 1),
(7420, 1, 1766, 1, 1),
(7421, 1, 1766, 1, 1),
(7422, 1, 1766, 1, 1),
(7423, 1, 1766, 1, 1),
(5843, 2, 1766, 1, 1),
(5841, 4, 1766, 1, 1),
(7424, 1, 1766, 1, 1),
(7425, 1, 1766, 1, 1),
(6411, 1, 1766, 1, 1),
(5968, 2, 1766, 1, 1),
(7421, 1, 1766, 1, 1),
(7426, 1, 1766, 1, 1);
INSERT INTO `bagira_search_rankings` (`sr_word_id`, `sr_rank`, `sr_obj_id`, `sr_lang_id`, `sr_domain_id`) VALUES
(6129, 2, 1766, 1, 1),
(7427, 1, 1766, 1, 1),
(7428, 1, 1766, 1, 1),
(7388, 1, 1766, 1, 1),
(6793, 1, 1766, 1, 1),
(5852, 1, 1766, 1, 1),
(7015, 1, 1766, 1, 1),
(7136, 2, 1766, 1, 1),
(7429, 1, 1766, 1, 1),
(7430, 1, 1766, 1, 1),
(7431, 1, 1766, 1, 1),
(7432, 1, 1766, 1, 1),
(6642, 1, 1766, 1, 1),
(6747, 1, 1766, 1, 1),
(6102, 4, 1766, 1, 1),
(7433, 1, 1766, 1, 1),
(7434, 1, 1766, 1, 1),
(7435, 1, 1766, 1, 1),
(7436, 1, 1766, 1, 1),
(7385, 1, 1766, 1, 1),
(7437, 1, 1766, 1, 1),
(6767, 1, 1766, 1, 1),
(7438, 1, 1766, 1, 1),
(7176, 1, 1766, 1, 1),
(7439, 1, 1766, 1, 1),
(7315, 1, 1766, 1, 1),
(6301, 1, 1766, 1, 1),
(5949, 1, 1766, 1, 1),
(7440, 1, 1766, 1, 1),
(5909, 2, 1766, 1, 1),
(7441, 1, 1766, 1, 1),
(7442, 1, 1766, 1, 1),
(6406, 3, 1766, 1, 1),
(5963, 2, 1766, 1, 1),
(7443, 1, 1766, 1, 1),
(7444, 1, 1766, 1, 1),
(6167, 2, 1766, 1, 1),
(7445, 1, 1766, 1, 1),
(7446, 1, 1766, 1, 1),
(7447, 1, 1766, 1, 1),
(6617, 1, 1766, 1, 1),
(6037, 1, 1766, 1, 1),
(6154, 2, 1766, 1, 1),
(7448, 1, 1766, 1, 1),
(5950, 1, 1766, 1, 1),
(6928, 1, 1766, 1, 1),
(7449, 1, 1766, 1, 1),
(7450, 1, 1766, 1, 1),
(7451, 1, 1766, 1, 1),
(7452, 1, 1766, 1, 1),
(7453, 1, 1766, 1, 1),
(7454, 1, 1766, 1, 1),
(6354, 1, 1766, 1, 1),
(6156, 1, 1766, 1, 1),
(6585, 1, 1766, 1, 1),
(6522, 1, 1766, 1, 1),
(6142, 1, 1766, 1, 1),
(6146, 1, 1766, 1, 1),
(7455, 1, 1766, 1, 1),
(6542, 1, 1766, 1, 1),
(5903, 1, 1766, 1, 1),
(7456, 1, 1766, 1, 1),
(5894, 1, 1766, 1, 1),
(7457, 1, 1766, 1, 1),
(7458, 1, 1766, 1, 1),
(7409, 1, 1766, 1, 1),
(7459, 1, 1766, 1, 1),
(7460, 1, 1766, 1, 1),
(7461, 1, 1766, 1, 1),
(5852, 1, 1766, 1, 1),
(6025, 1, 1766, 1, 1),
(5894, 1, 1766, 1, 1),
(7100, 2, 1766, 1, 1),
(7462, 1, 1766, 1, 1),
(6286, 1, 1766, 1, 1),
(6021, 1, 1766, 1, 1),
(7463, 1, 1766, 1, 1),
(5997, 1, 1766, 1, 1),
(6567, 1, 1766, 1, 1),
(6721, 1, 1766, 1, 1),
(5881, 1, 1766, 1, 1),
(6630, 1, 1766, 1, 1),
(7464, 1, 1766, 1, 1),
(7465, 1, 1766, 1, 1),
(6404, 1, 1766, 1, 1),
(5801, 1, 1766, 1, 1),
(6205, 2, 1766, 1, 1),
(6284, 1, 1766, 1, 1),
(7466, 1, 1766, 1, 1),
(5958, 1, 1766, 1, 1),
(6542, 1, 1766, 1, 1),
(6536, 1, 1766, 1, 1),
(6718, 1, 1766, 1, 1),
(7123, 1, 1766, 1, 1),
(7370, 1, 1766, 1, 1),
(5813, 1, 1766, 1, 1),
(5929, 2, 1766, 1, 1),
(6764, 2, 1766, 1, 1),
(7467, 1, 1766, 1, 1),
(6005, 1, 1766, 1, 1),
(6125, 1, 1766, 1, 1),
(7468, 1, 1766, 1, 1),
(6332, 1, 1766, 1, 1),
(7469, 1, 1766, 1, 1),
(6158, 1, 1766, 1, 1),
(6205, 1, 1766, 1, 1),
(7470, 1, 1766, 1, 1),
(6884, 2, 1766, 1, 1),
(6956, 1, 1766, 1, 1),
(6140, 1, 1766, 1, 1),
(7471, 1, 1766, 1, 1),
(6338, 2, 1766, 1, 1),
(7472, 1, 1766, 1, 1),
(7473, 1, 1766, 1, 1),
(6617, 1, 1766, 1, 1),
(7474, 1, 1766, 1, 1),
(7475, 1, 1766, 1, 1),
(7370, 1, 1766, 1, 1),
(7476, 1, 1766, 1, 1),
(7477, 1, 1766, 1, 1),
(6814, 1, 1766, 1, 1),
(7478, 1, 1766, 1, 1),
(6324, 2, 1766, 1, 1),
(7479, 1, 1766, 1, 1),
(7480, 1, 1766, 1, 1),
(5823, 2, 1766, 1, 1),
(6150, 1, 1766, 1, 1),
(6808, 1, 1766, 1, 1),
(6343, 1, 1766, 1, 1),
(6669, 1, 1766, 1, 1),
(6001, 1, 1766, 1, 1),
(6104, 1, 1766, 1, 1),
(5967, 1, 1766, 1, 1),
(6669, 1, 1766, 1, 1),
(6000, 1, 1766, 1, 1),
(7481, 1, 1766, 1, 1),
(5811, 1, 1766, 1, 1),
(7482, 2, 1766, 1, 1),
(7483, 1, 1766, 1, 1),
(7484, 1, 1766, 1, 1),
(7485, 1, 1766, 1, 1),
(7486, 1, 1766, 1, 1),
(6362, 2, 1766, 1, 1),
(7487, 1, 1766, 1, 1),
(7488, 1, 1766, 1, 1),
(7489, 1, 1766, 1, 1),
(6324, 2, 1766, 1, 1),
(7490, 1, 1766, 1, 1),
(6595, 1, 1766, 1, 1),
(6014, 1, 1766, 1, 1),
(6065, 1, 1766, 1, 1),
(5869, 1, 1766, 1, 1),
(6090, 1, 1766, 1, 1),
(5849, 2, 1766, 1, 1),
(7491, 1, 1766, 1, 1),
(6051, 1, 1766, 1, 1),
(7492, 1, 1766, 1, 1),
(6829, 1, 1766, 1, 1),
(7493, 1, 1766, 1, 1),
(7492, 1, 1766, 1, 1),
(7494, 1, 1766, 1, 1),
(7495, 1, 1766, 1, 1),
(6285, 2, 1766, 1, 1),
(7496, 1, 1766, 1, 1),
(5904, 1, 1766, 1, 1),
(7497, 1, 1766, 1, 1),
(7498, 1, 1766, 1, 1),
(7499, 1, 1766, 1, 1),
(7500, 1, 1766, 1, 1),
(6168, 1, 1766, 1, 1),
(7501, 1, 1766, 1, 1),
(7502, 1, 1766, 1, 1),
(7503, 1, 1766, 1, 1),
(7504, 1, 1766, 1, 1),
(6547, 1, 1766, 1, 1),
(5851, 1, 1766, 1, 1),
(7505, 1, 1766, 1, 1),
(6380, 2, 1766, 1, 1),
(6158, 1, 1766, 1, 1),
(7506, 1, 1766, 1, 1),
(7507, 1, 1766, 1, 1),
(7104, 2, 1766, 1, 1),
(7342, 1, 1766, 1, 1),
(7508, 1, 1766, 1, 1),
(7509, 1, 1766, 1, 1),
(7510, 1, 1766, 1, 1),
(5909, 1, 1766, 1, 1),
(5961, 1, 1766, 1, 1),
(7511, 1, 1766, 1, 1),
(7512, 1, 1766, 1, 1),
(5978, 1, 1766, 1, 1),
(7513, 1, 1766, 1, 1),
(6410, 1, 1766, 1, 1),
(7181, 1, 1766, 1, 1),
(6125, 2, 1766, 1, 1),
(7514, 1, 1766, 1, 1),
(7515, 1, 1766, 1, 1),
(7365, 1, 1766, 1, 1),
(6592, 2, 1766, 1, 1),
(7516, 1, 1766, 1, 1),
(7517, 1, 1766, 1, 1),
(7518, 1, 1766, 1, 1),
(7519, 1, 1766, 1, 1),
(7520, 1, 1766, 1, 1),
(7521, 1, 1766, 1, 1),
(6911, 1, 1766, 1, 1),
(5909, 1, 1766, 1, 1),
(7522, 1, 1766, 1, 1),
(7523, 1, 1766, 1, 1),
(7524, 1, 1766, 1, 1),
(7525, 1, 1766, 1, 1),
(7526, 1, 1766, 1, 1),
(7527, 1, 1766, 1, 1),
(7528, 1, 1766, 1, 1),
(7529, 1, 1766, 1, 1),
(7530, 1, 1766, 1, 1),
(7531, 1, 1766, 1, 1),
(7532, 1, 1766, 1, 1),
(7533, 1, 1766, 1, 1),
(7534, 1, 1766, 1, 1),
(7535, 1, 1766, 1, 1),
(5811, 1, 1766, 1, 1),
(7536, 1, 1766, 1, 1),
(7537, 1, 1766, 1, 1),
(6667, 1, 1766, 1, 1),
(7421, 1, 1766, 1, 1),
(7538, 1, 1766, 1, 1),
(7539, 1, 1766, 1, 1),
(7540, 1, 1766, 1, 1),
(7541, 1, 1766, 1, 1),
(7542, 1, 1766, 1, 1),
(7543, 1, 1766, 1, 1),
(7544, 1, 1766, 1, 1),
(6001, 1, 1766, 1, 1),
(6705, 1, 1766, 1, 1),
(7545, 1, 1766, 1, 1),
(7546, 1, 1766, 1, 1),
(7547, 1, 1766, 1, 1),
(5860, 1, 1766, 1, 1),
(7548, 1, 1766, 1, 1),
(7549, 1, 1766, 1, 1),
(5858, 1, 1766, 1, 1),
(7550, 1, 1766, 1, 1),
(7551, 1, 1766, 1, 1),
(7552, 1, 1766, 1, 1),
(6011, 2, 1766, 1, 1),
(7553, 1, 1766, 1, 1),
(7554, 1, 1766, 1, 1),
(7555, 1, 1766, 1, 1),
(6897, 1, 1766, 1, 1),
(7556, 1, 1766, 1, 1),
(7557, 1, 1766, 1, 1),
(6214, 1, 1766, 1, 1),
(6151, 2, 1766, 1, 1),
(7558, 1, 1766, 1, 1),
(5811, 3, 1766, 1, 1),
(7559, 1, 1766, 1, 1),
(7560, 1, 1766, 1, 1),
(5963, 1, 1766, 1, 1),
(7561, 1, 1766, 1, 1),
(7562, 1, 1766, 1, 1),
(7563, 1, 1766, 1, 1),
(7564, 1, 1766, 1, 1),
(7297, 1, 1766, 1, 1),
(7565, 1, 1766, 1, 1),
(7566, 2, 1766, 1, 1),
(6719, 1, 1766, 1, 1),
(7567, 1, 1766, 1, 1),
(7568, 1, 1766, 1, 1),
(7569, 1, 1766, 1, 1),
(7570, 1, 1766, 1, 1),
(7571, 1, 1766, 1, 1),
(7572, 1, 1766, 1, 1),
(7573, 1, 1766, 1, 1),
(6158, 1, 1766, 1, 1),
(7563, 1, 1766, 1, 1),
(7574, 1, 1766, 1, 1),
(6663, 1, 1766, 1, 1),
(7575, 1, 1766, 1, 1),
(6014, 1, 1766, 1, 1),
(7576, 1, 1766, 1, 1),
(6598, 1, 1766, 1, 1),
(7577, 1, 1766, 1, 1),
(7578, 1, 1766, 1, 1),
(7579, 1, 1766, 1, 1),
(7580, 1, 1766, 1, 1),
(6158, 1, 1766, 1, 1),
(7581, 1, 1766, 1, 1),
(6290, 1, 1766, 1, 1),
(7582, 1, 1766, 1, 1),
(7583, 1, 1766, 1, 1),
(7584, 1, 1766, 1, 1),
(7585, 1, 1766, 1, 1),
(7586, 1, 1766, 1, 1),
(6214, 1, 1766, 1, 1),
(7316, 1, 1766, 1, 1),
(7587, 1, 1766, 1, 1),
(7588, 1, 1766, 1, 1),
(7589, 1, 1766, 1, 1),
(7590, 1, 1766, 1, 1),
(7198, 1, 1766, 1, 1),
(6855, 1, 1766, 1, 1),
(7591, 1, 1766, 1, 1),
(7592, 1, 1766, 1, 1),
(6301, 1, 1766, 1, 1),
(6636, 1, 1766, 1, 1),
(7593, 1, 1766, 1, 1),
(6029, 1, 1766, 1, 1),
(6077, 1, 1766, 1, 1),
(7594, 1, 1766, 1, 1),
(7595, 1, 1766, 1, 1),
(7596, 1, 1766, 1, 1),
(6208, 1, 1766, 1, 1),
(7597, 1, 1766, 1, 1),
(7598, 1, 1766, 1, 1),
(7599, 1, 1766, 1, 1),
(7600, 1, 1766, 1, 1),
(6841, 1, 1766, 1, 1),
(7601, 1, 1766, 1, 1),
(7602, 1, 1766, 1, 1),
(7603, 1, 1766, 1, 1),
(7604, 2, 1766, 1, 1),
(6563, 1, 1766, 1, 1),
(7605, 1, 1766, 1, 1),
(7606, 1, 1766, 1, 1),
(6993, 1, 1766, 1, 1),
(7607, 1, 1766, 1, 1),
(6480, 1, 1766, 1, 1),
(7608, 1, 1766, 1, 1),
(6372, 1, 1766, 1, 1),
(7609, 1, 1766, 1, 1),
(5840, 1, 1766, 1, 1),
(5807, 22, 345, 1, 1),
(5808, 22, 345, 1, 1),
(6260, 22, 1767, 1, 1),
(6260, 22, 1767, 1, 1),
(7625, 1, 1767, 1, 1),
(5803, 22, 338, 1, 1),
(5804, 22, 338, 1, 1),
(5828, 22, 1578, 1, 1),
(5829, 22, 1578, 1, 1),
(5830, 22, 1578, 1, 1),
(6219, 22, 1628, 1, 1),
(6220, 22, 1628, 1, 1),
(6221, 22, 1628, 1, 1),
(6222, 22, 1628, 1, 1),
(6223, 22, 1628, 1, 1),
(6224, 22, 1628, 1, 1),
(6238, 22, 1646, 1, 1),
(6239, 22, 1646, 1, 1),
(6240, 22, 1646, 1, 1),
(6241, 22, 1646, 1, 1),
(6242, 22, 1646, 1, 1),
(6243, 22, 1646, 1, 1),
(6244, 22, 1646, 1, 1),
(5805, 22, 339, 1, 1),
(7015, 1, 339, 1, 1),
(7630, 1, 339, 1, 1),
(6470, 2, 339, 1, 1),
(7631, 1, 339, 1, 1),
(6408, 1, 339, 1, 1),
(6142, 1, 339, 1, 1),
(7029, 1, 339, 1, 1),
(6168, 2, 339, 1, 1),
(7632, 1, 339, 1, 1),
(6522, 1, 339, 1, 1),
(6125, 1, 339, 1, 1),
(5967, 2, 339, 1, 1),
(7633, 1, 339, 1, 1),
(7634, 1, 339, 1, 1),
(7635, 2, 339, 1, 1),
(7636, 1, 339, 1, 1),
(7637, 1, 339, 1, 1),
(5815, 1, 339, 1, 1),
(5825, 5, 339, 1, 1),
(5892, 1, 339, 1, 1),
(5869, 3, 339, 1, 1),
(7638, 1, 339, 1, 1),
(7639, 1, 339, 1, 1),
(7370, 1, 339, 1, 1),
(6151, 1, 339, 1, 1),
(6301, 2, 339, 1, 1),
(7640, 1, 339, 1, 1),
(7641, 1, 339, 1, 1),
(7642, 1, 339, 1, 1),
(6592, 1, 339, 1, 1),
(6125, 1, 339, 1, 1),
(5851, 15, 339, 1, 1),
(7643, 1, 339, 1, 1),
(7631, 1, 339, 1, 1),
(7644, 1, 339, 1, 1),
(5929, 13, 339, 1, 1),
(5849, 3, 339, 1, 1),
(6158, 4, 339, 1, 1),
(6812, 1, 339, 1, 1),
(6102, 2, 339, 1, 1),
(6793, 2, 339, 1, 1),
(7645, 2, 339, 1, 1),
(6368, 3, 339, 1, 1),
(7646, 1, 339, 1, 1),
(7647, 1, 339, 1, 1),
(7648, 2, 339, 1, 1),
(7649, 1, 339, 1, 1),
(6338, 1, 339, 1, 1),
(6996, 1, 339, 1, 1),
(5963, 2, 339, 1, 1),
(6808, 2, 339, 1, 1),
(7650, 1, 339, 1, 1),
(6125, 2, 339, 1, 1),
(7651, 1, 339, 1, 1),
(7652, 1, 339, 1, 1),
(7653, 1, 339, 1, 1),
(7654, 1, 339, 1, 1),
(6125, 1, 339, 1, 1),
(6342, 2, 339, 1, 1),
(7655, 1, 339, 1, 1),
(7656, 1, 339, 1, 1),
(6150, 1, 339, 1, 1),
(7657, 1, 339, 1, 1),
(7658, 1, 339, 1, 1),
(7659, 1, 339, 1, 1),
(7660, 1, 339, 1, 1),
(7661, 1, 339, 1, 1),
(5866, 2, 339, 1, 1),
(6285, 1, 339, 1, 1),
(7662, 1, 339, 1, 1),
(7663, 1, 339, 1, 1),
(7664, 1, 339, 1, 1),
(7665, 1, 339, 1, 1),
(7666, 1, 339, 1, 1),
(6884, 2, 339, 1, 1),
(7667, 1, 339, 1, 1),
(6719, 1, 339, 1, 1),
(7668, 1, 339, 1, 1),
(7669, 1, 339, 1, 1),
(7670, 1, 339, 1, 1),
(6025, 1, 339, 1, 1),
(6343, 1, 339, 1, 1),
(7671, 1, 339, 1, 1),
(7672, 1, 339, 1, 1),
(7673, 1, 339, 1, 1),
(7674, 1, 339, 1, 1),
(7675, 1, 339, 1, 1),
(7676, 1, 339, 1, 1),
(7677, 1, 339, 1, 1),
(7678, 1, 339, 1, 1),
(6025, 1, 339, 1, 1),
(7679, 1, 339, 1, 1),
(7680, 1, 339, 1, 1),
(6671, 1, 339, 1, 1),
(7681, 1, 339, 1, 1),
(7682, 1, 339, 1, 1),
(7683, 1, 339, 1, 1),
(7684, 1, 339, 1, 1),
(7685, 1, 339, 1, 1),
(6332, 2, 339, 1, 1),
(7686, 1, 339, 1, 1),
(6029, 1, 339, 1, 1),
(5844, 3, 339, 1, 1),
(6871, 2, 339, 1, 1),
(7687, 1, 339, 1, 1),
(6129, 1, 339, 1, 1),
(7688, 1, 339, 1, 1),
(7689, 1, 339, 1, 1),
(7690, 1, 339, 1, 1),
(7691, 1, 339, 1, 1),
(7692, 1, 339, 1, 1),
(5849, 1, 339, 1, 1),
(6470, 1, 339, 1, 1),
(7693, 1, 339, 1, 1),
(6286, 1, 339, 1, 1),
(6563, 1, 339, 1, 1),
(7694, 1, 339, 1, 1),
(7695, 1, 339, 1, 1),
(7696, 1, 339, 1, 1),
(7639, 1, 339, 1, 1),
(6184, 2, 339, 1, 1),
(7697, 1, 339, 1, 1),
(7698, 1, 339, 1, 1),
(7699, 1, 339, 1, 1),
(6143, 1, 339, 1, 1),
(7700, 1, 339, 1, 1),
(7701, 1, 339, 1, 1),
(7702, 1, 339, 1, 1),
(7652, 1, 339, 1, 1),
(6285, 1, 339, 1, 1),
(7703, 1, 339, 1, 1),
(7704, 1, 339, 1, 1),
(6158, 2, 339, 1, 1),
(7705, 1, 339, 1, 1),
(6393, 3, 339, 1, 1),
(6037, 3, 339, 1, 1),
(7706, 2, 339, 1, 1),
(7403, 2, 339, 1, 1),
(5822, 2, 339, 1, 1),
(5971, 1, 339, 1, 1),
(5968, 3, 339, 1, 1),
(6508, 1, 339, 1, 1),
(7707, 1, 339, 1, 1),
(7708, 1, 339, 1, 1),
(7709, 1, 339, 1, 1),
(7710, 1, 339, 1, 1),
(6980, 1, 339, 1, 1),
(7711, 3, 339, 1, 1),
(7711, 1, 339, 1, 1),
(7197, 1, 339, 1, 1),
(7712, 1, 339, 1, 1),
(7713, 1, 339, 1, 1),
(7714, 1, 339, 1, 1),
(7715, 1, 339, 1, 1),
(6297, 1, 339, 1, 1),
(7716, 1, 339, 1, 1),
(5841, 2, 339, 1, 1),
(7717, 1, 339, 1, 1),
(6536, 1, 339, 1, 1),
(7718, 1, 339, 1, 1),
(7719, 1, 339, 1, 1),
(7720, 1, 339, 1, 1),
(7721, 1, 339, 1, 1),
(7722, 1, 339, 1, 1),
(6404, 1, 339, 1, 1),
(7723, 1, 339, 1, 1),
(7724, 1, 339, 1, 1),
(6738, 1, 339, 1, 1),
(7725, 1, 339, 1, 1),
(6380, 2, 339, 1, 1),
(7726, 1, 339, 1, 1),
(7727, 1, 339, 1, 1),
(7728, 1, 339, 1, 1),
(7729, 1, 339, 1, 1),
(7730, 1, 339, 1, 1),
(7731, 1, 339, 1, 1),
(7732, 1, 339, 1, 1),
(6630, 1, 339, 1, 1),
(6345, 1, 339, 1, 1),
(5869, 1, 339, 1, 1),
(6392, 1, 339, 1, 1),
(7733, 1, 339, 1, 1),
(7593, 2, 339, 1, 1),
(6273, 1, 339, 1, 1),
(7403, 1, 339, 1, 1),
(7734, 1, 339, 1, 1),
(6895, 1, 339, 1, 1),
(7533, 1, 339, 1, 1),
(7129, 1, 339, 1, 1),
(5823, 2, 339, 1, 1),
(6289, 1, 339, 1, 1),
(7735, 1, 339, 1, 1),
(7736, 2, 339, 1, 1),
(6568, 1, 339, 1, 1),
(6332, 1, 339, 1, 1),
(7737, 1, 339, 1, 1),
(6154, 1, 339, 1, 1),
(6141, 1, 339, 1, 1),
(7738, 1, 339, 1, 1),
(5823, 4, 339, 1, 1),
(7739, 1, 339, 1, 1),
(7740, 1, 339, 1, 1),
(6649, 1, 339, 1, 1),
(7136, 1, 339, 1, 1),
(7741, 1, 339, 1, 1),
(7742, 1, 339, 1, 1),
(7743, 1, 339, 1, 1),
(7744, 2, 339, 1, 1),
(7745, 1, 339, 1, 1),
(7746, 1, 339, 1, 1),
(7747, 1, 339, 1, 1),
(6338, 1, 339, 1, 1),
(7748, 1, 339, 1, 1),
(7749, 1, 339, 1, 1),
(7750, 1, 339, 1, 1),
(7751, 1, 339, 1, 1),
(7752, 1, 339, 1, 1),
(6480, 1, 339, 1, 1),
(7520, 1, 339, 1, 1),
(7753, 1, 339, 1, 1),
(7474, 1, 339, 1, 1),
(7754, 1, 339, 1, 1),
(5841, 1, 339, 1, 1),
(7755, 1, 339, 1, 1),
(6176, 1, 339, 1, 1),
(6214, 1, 339, 1, 1),
(5848, 1, 339, 1, 1),
(7756, 1, 339, 1, 1),
(5949, 2, 339, 1, 1),
(7757, 1, 339, 1, 1),
(7758, 1, 339, 1, 1),
(5984, 3, 339, 1, 1),
(5849, 3, 339, 1, 1),
(7759, 1, 339, 1, 1),
(7760, 1, 339, 1, 1),
(7761, 1, 339, 1, 1),
(6324, 1, 339, 1, 1),
(7762, 1, 339, 1, 1),
(7763, 1, 339, 1, 1),
(7764, 1, 339, 1, 1),
(7765, 1, 339, 1, 1),
(6294, 1, 339, 1, 1),
(7766, 1, 339, 1, 1),
(6309, 1, 339, 1, 1),
(7767, 1, 339, 1, 1),
(7768, 1, 339, 1, 1),
(7769, 1, 339, 1, 1),
(7365, 1, 339, 1, 1),
(6002, 1, 339, 1, 1),
(5950, 1, 339, 1, 1),
(7159, 1, 339, 1, 1),
(6161, 1, 339, 1, 1),
(6470, 1, 339, 1, 1),
(7770, 1, 339, 1, 1),
(6533, 1, 339, 1, 1),
(7771, 1, 339, 1, 1),
(7772, 1, 339, 1, 1),
(7333, 1, 339, 1, 1),
(6156, 1, 339, 1, 1),
(7773, 1, 339, 1, 1),
(7774, 1, 339, 1, 1),
(7775, 1, 339, 1, 1),
(6417, 3, 339, 1, 1),
(7776, 1, 339, 1, 1),
(7777, 1, 339, 1, 1),
(6593, 1, 339, 1, 1),
(5904, 1, 339, 1, 1),
(7778, 1, 339, 1, 1),
(7779, 1, 339, 1, 1),
(7663, 1, 339, 1, 1),
(7780, 1, 339, 1, 1),
(6125, 1, 339, 1, 1),
(6208, 1, 339, 1, 1),
(7781, 1, 339, 1, 1),
(7782, 1, 339, 1, 1),
(6708, 1, 339, 1, 1),
(7783, 1, 339, 1, 1),
(6376, 1, 339, 1, 1),
(6311, 1, 339, 1, 1),
(7784, 1, 339, 1, 1),
(7785, 1, 339, 1, 1),
(7786, 1, 339, 1, 1),
(6835, 1, 339, 1, 1),
(7787, 1, 339, 1, 1),
(5801, 22, 60, 1, 1),
(5802, 22, 60, 1, 1),
(6225, 22, 1629, 1, 1),
(6226, 22, 1629, 1, 1),
(6227, 22, 1629, 1, 1),
(6105, 22, 1644, 1, 1),
(6105, 22, 1643, 1, 1),
(6228, 22, 1630, 1, 1),
(6229, 22, 1630, 1, 1),
(6230, 22, 1630, 1, 1),
(6231, 22, 1630, 1, 1),
(5820, 22, 1571, 1, 1),
(5816, 22, 1568, 1, 1),
(5806, 22, 340, 1, 1),
(6215, 22, 1625, 1, 1),
(6216, 22, 1626, 1, 1),
(6217, 22, 1627, 1, 1),
(6218, 22, 1627, 1, 1),
(5809, 22, 346, 1, 1),
(5810, 22, 347, 1, 1),
(5811, 22, 347, 1, 1),
(5812, 22, 348, 1, 1),
(5813, 22, 348, 1, 1),
(6104, 22, 1590, 1, 1),
(6107, 22, 1601, 1, 1),
(6108, 22, 1601, 1, 1),
(5814, 22, 350, 1, 1),
(5815, 22, 350, 1, 1),
(5817, 22, 1569, 1, 1),
(5818, 22, 1569, 1, 1),
(7797, 1, 1569, 1, 1),
(5825, 31, 1569, 1, 1),
(7798, 1, 1569, 1, 1),
(5844, 11, 1569, 1, 1),
(7799, 1, 1569, 1, 1),
(6536, 1, 1569, 1, 1),
(7800, 1, 1569, 1, 1),
(6630, 1, 1569, 1, 1),
(7801, 1, 1569, 1, 1),
(7802, 1, 1569, 1, 1),
(6392, 1, 1569, 1, 1),
(7219, 1, 1569, 1, 1),
(7803, 2, 1569, 1, 1),
(6025, 1, 1569, 1, 1),
(6301, 3, 1569, 1, 1),
(7804, 1, 1569, 1, 1),
(5904, 5, 1569, 1, 1),
(7805, 1, 1569, 1, 1),
(7806, 1, 1569, 1, 1),
(7132, 1, 1569, 1, 1),
(7807, 1, 1569, 1, 1),
(6214, 1, 1569, 1, 1),
(6669, 1, 1569, 1, 1),
(6871, 4, 1569, 1, 1),
(6430, 1, 1569, 1, 1),
(5948, 4, 1569, 1, 1),
(7474, 2, 1569, 1, 1),
(7808, 1, 1569, 1, 1),
(7803, 3, 1569, 1, 1),
(6718, 1, 1569, 1, 1),
(6522, 2, 1569, 1, 1),
(7809, 2, 1569, 1, 1),
(6498, 5, 1569, 1, 1),
(7685, 1, 1569, 1, 1),
(7635, 1, 1569, 1, 1),
(5841, 5, 1569, 1, 1),
(7810, 1, 1569, 1, 1),
(7811, 1, 1569, 1, 1),
(7812, 1, 1569, 1, 1),
(6406, 6, 1569, 1, 1),
(7813, 1, 1569, 1, 1),
(7814, 1, 1569, 1, 1),
(6533, 2, 1569, 1, 1),
(7815, 1, 1569, 1, 1),
(7816, 2, 1569, 1, 1),
(7580, 2, 1569, 1, 1),
(7817, 1, 1569, 1, 1),
(7818, 2, 1569, 1, 1),
(7819, 1, 1569, 1, 1),
(7820, 1, 1569, 1, 1),
(7821, 1, 1569, 1, 1),
(5950, 2, 1569, 1, 1),
(7822, 1, 1569, 1, 1),
(5869, 1, 1569, 1, 1),
(7823, 1, 1569, 1, 1),
(6128, 4, 1569, 1, 1),
(7015, 1, 1569, 1, 1),
(6536, 4, 1569, 1, 1),
(7824, 1, 1569, 1, 1),
(7825, 1, 1569, 1, 1),
(7145, 1, 1569, 1, 1),
(7826, 1, 1569, 1, 1),
(5937, 1, 1569, 1, 1),
(5849, 2, 1569, 1, 1),
(7827, 1, 1569, 1, 1),
(6120, 1, 1569, 1, 1),
(7136, 1, 1569, 1, 1),
(6121, 1, 1569, 1, 1),
(6128, 4, 1569, 1, 1),
(7828, 1, 1569, 1, 1),
(7829, 1, 1569, 1, 1),
(7830, 1, 1569, 1, 1),
(7831, 1, 1569, 1, 1),
(7832, 1, 1569, 1, 1),
(7833, 1, 1569, 1, 1),
(7834, 1, 1569, 1, 1),
(7835, 1, 1569, 1, 1),
(7836, 1, 1569, 1, 1),
(7837, 1, 1569, 1, 1),
(7838, 1, 1569, 1, 1),
(7839, 1, 1569, 1, 1),
(7840, 1, 1569, 1, 1),
(6595, 3, 1569, 1, 1),
(7841, 2, 1569, 1, 1),
(7842, 1, 1569, 1, 1),
(7843, 1, 1569, 1, 1),
(7844, 2, 1569, 1, 1),
(7845, 1, 1569, 1, 1),
(7846, 1, 1569, 1, 1),
(7847, 1, 1569, 1, 1),
(6165, 2, 1569, 1, 1),
(7848, 1, 1569, 1, 1),
(7849, 1, 1569, 1, 1),
(7850, 3, 1569, 1, 1),
(7851, 1, 1569, 1, 1),
(7852, 1, 1569, 1, 1),
(6895, 1, 1569, 1, 1),
(7853, 1, 1569, 1, 1),
(7854, 1, 1569, 1, 1),
(7855, 1, 1569, 1, 1),
(7856, 1, 1569, 1, 1),
(7857, 1, 1569, 1, 1),
(7858, 1, 1569, 1, 1),
(6037, 6, 1569, 1, 1),
(7859, 1, 1569, 1, 1),
(7860, 1, 1569, 1, 1),
(7861, 1, 1569, 1, 1),
(7862, 1, 1569, 1, 1),
(7863, 1, 1569, 1, 1),
(7864, 1, 1569, 1, 1),
(6411, 6, 1569, 1, 1),
(7865, 1, 1569, 1, 1),
(7866, 1, 1569, 1, 1),
(7867, 1, 1569, 1, 1),
(6675, 3, 1569, 1, 1),
(7868, 1, 1569, 1, 1),
(7225, 1, 1569, 1, 1),
(6792, 4, 1569, 1, 1),
(7869, 2, 1569, 1, 1),
(7870, 2, 1569, 1, 1),
(7871, 1, 1569, 1, 1),
(7872, 1, 1569, 1, 1),
(7873, 1, 1569, 1, 1),
(7874, 1, 1569, 1, 1),
(7875, 1, 1569, 1, 1),
(7876, 1, 1569, 1, 1),
(7877, 1, 1569, 1, 1),
(7878, 4, 1569, 1, 1),
(7879, 1, 1569, 1, 1),
(6630, 2, 1569, 1, 1),
(7880, 3, 1569, 1, 1),
(5849, 1, 1569, 1, 1),
(7881, 1, 1569, 1, 1),
(6592, 2, 1569, 1, 1),
(5929, 15, 1569, 1, 1),
(5904, 4, 1569, 1, 1),
(5841, 4, 1569, 1, 1),
(7882, 1, 1569, 1, 1),
(7883, 1, 1569, 1, 1),
(7786, 45, 1569, 1, 1),
(6128, 3, 1569, 1, 1),
(5988, 1, 1569, 1, 1),
(6907, 1, 1569, 1, 1),
(6671, 1, 1569, 1, 1),
(7884, 1, 1569, 1, 1),
(7885, 1, 1569, 1, 1),
(7886, 2, 1569, 1, 1),
(7370, 2, 1569, 1, 1),
(7887, 1, 1569, 1, 1),
(7481, 2, 1569, 1, 1),
(7888, 1, 1569, 1, 1),
(7817, 3, 1569, 1, 1),
(6851, 1, 1569, 1, 1),
(7889, 1, 1569, 1, 1),
(6286, 1, 1569, 1, 1),
(7890, 1, 1569, 1, 1),
(6545, 1, 1569, 1, 1),
(5971, 1, 1569, 1, 1),
(5978, 1, 1569, 1, 1),
(7891, 1, 1569, 1, 1),
(7878, 1, 1569, 1, 1),
(6719, 1, 1569, 1, 1),
(7252, 2, 1569, 1, 1),
(6802, 1, 1569, 1, 1),
(6406, 3, 1569, 1, 1),
(7892, 1, 1569, 1, 1),
(7893, 1, 1569, 1, 1),
(7894, 1, 1569, 1, 1),
(7895, 1, 1569, 1, 1),
(7896, 1, 1569, 1, 1),
(6938, 7, 1569, 1, 1),
(6140, 3, 1569, 1, 1),
(5851, 16, 1569, 1, 1),
(7897, 3, 1569, 1, 1),
(5875, 1, 1569, 1, 1),
(6345, 3, 1569, 1, 1),
(6125, 2, 1569, 1, 1),
(7898, 1, 1569, 1, 1),
(7899, 1, 1569, 1, 1),
(5849, 2, 1569, 1, 1),
(6661, 1, 1569, 1, 1),
(7900, 1, 1569, 1, 1),
(5851, 1, 1569, 1, 1),
(7901, 1, 1569, 1, 1),
(5963, 5, 1569, 1, 1),
(7902, 1, 1569, 1, 1),
(7903, 1, 1569, 1, 1),
(7904, 1, 1569, 1, 1),
(7905, 1, 1569, 1, 1),
(7906, 1, 1569, 1, 1),
(7907, 1, 1569, 1, 1),
(7908, 1, 1569, 1, 1),
(5825, 3, 1569, 1, 1),
(6176, 2, 1569, 1, 1),
(7909, 1, 1569, 1, 1),
(7910, 1, 1569, 1, 1),
(6747, 2, 1569, 1, 1),
(7911, 1, 1569, 1, 1),
(7912, 1, 1569, 1, 1),
(7913, 1, 1569, 1, 1),
(7914, 1, 1569, 1, 1),
(6125, 4, 1569, 1, 1),
(7915, 1, 1569, 1, 1),
(6001, 4, 1569, 1, 1),
(7916, 1, 1569, 1, 1),
(7917, 1, 1569, 1, 1),
(6333, 1, 1569, 1, 1),
(6384, 1, 1569, 1, 1),
(6417, 3, 1569, 1, 1),
(7918, 1, 1569, 1, 1),
(6125, 2, 1569, 1, 1),
(6926, 2, 1569, 1, 1),
(7919, 1, 1569, 1, 1),
(7920, 1, 1569, 1, 1),
(7921, 1, 1569, 1, 1),
(7922, 1, 1569, 1, 1),
(7923, 1, 1569, 1, 1),
(7924, 1, 1569, 1, 1),
(7925, 1, 1569, 1, 1),
(7926, 1, 1569, 1, 1),
(7927, 1, 1569, 1, 1),
(7928, 1, 1569, 1, 1),
(6297, 1, 1569, 1, 1),
(7929, 1, 1569, 1, 1),
(6176, 1, 1569, 1, 1),
(7930, 2, 1569, 1, 1),
(6125, 9, 1569, 1, 1),
(6770, 4, 1569, 1, 1),
(7931, 6, 1569, 1, 1),
(6289, 6, 1569, 1, 1),
(6978, 1, 1569, 1, 1),
(7932, 1, 1569, 1, 1),
(7933, 1, 1569, 1, 1),
(7934, 1, 1569, 1, 1),
(7935, 1, 1569, 1, 1),
(7936, 6, 1569, 1, 1),
(6411, 1, 1569, 1, 1),
(6600, 2, 1569, 1, 1),
(7937, 1, 1569, 1, 1),
(6618, 1, 1569, 1, 1),
(7938, 1, 1569, 1, 1),
(7735, 1, 1569, 1, 1),
(5823, 3, 1569, 1, 1),
(7675, 2, 1569, 1, 1),
(7939, 1, 1569, 1, 1),
(7940, 1, 1569, 1, 1),
(6158, 1, 1569, 1, 1),
(7941, 1, 1569, 1, 1),
(7942, 1, 1569, 1, 1),
(6173, 1, 1569, 1, 1),
(6174, 1, 1569, 1, 1),
(7744, 1, 1569, 1, 1),
(5849, 4, 1569, 1, 1),
(6208, 1, 1569, 1, 1),
(7943, 1, 1569, 1, 1),
(7030, 1, 1569, 1, 1),
(6332, 1, 1569, 1, 1),
(7944, 1, 1569, 1, 1),
(7652, 1, 1569, 1, 1),
(7945, 1, 1569, 1, 1),
(7946, 1, 1569, 1, 1),
(7725, 1, 1569, 1, 1),
(7947, 1, 1569, 1, 1),
(7948, 1, 1569, 1, 1),
(7949, 3, 1569, 1, 1),
(7950, 1, 1569, 1, 1),
(7951, 2, 1569, 1, 1),
(6946, 1, 1569, 1, 1),
(7952, 1, 1569, 1, 1),
(6563, 1, 1569, 1, 1),
(7953, 1, 1569, 1, 1),
(6011, 1, 1569, 1, 1),
(7409, 1, 1569, 1, 1),
(6518, 4, 1569, 1, 1),
(6158, 8, 1569, 1, 1),
(7954, 1, 1569, 1, 1),
(7751, 2, 1569, 1, 1),
(7955, 1, 1569, 1, 1),
(5849, 2, 1569, 1, 1),
(7956, 1, 1569, 1, 1),
(7957, 1, 1569, 1, 1),
(6125, 5, 1569, 1, 1),
(7958, 1, 1569, 1, 1),
(7959, 2, 1569, 1, 1),
(7960, 1, 1569, 1, 1),
(7533, 3, 1569, 1, 1),
(7961, 1, 1569, 1, 1),
(6332, 1, 1569, 1, 1),
(7962, 1, 1569, 1, 1),
(7963, 1, 1569, 1, 1),
(6145, 2, 1569, 1, 1),
(7964, 1, 1569, 1, 1),
(7965, 1, 1569, 1, 1),
(7966, 1, 1569, 1, 1),
(6058, 7, 1569, 1, 1),
(6129, 1, 1569, 1, 1),
(6332, 1, 1569, 1, 1),
(7967, 1, 1569, 1, 1),
(7968, 1, 1569, 1, 1),
(7969, 1, 1569, 1, 1),
(7530, 1, 1569, 1, 1),
(7549, 1, 1569, 1, 1),
(7970, 1, 1569, 1, 1),
(7971, 1, 1569, 1, 1),
(7972, 1, 1569, 1, 1),
(7973, 1, 1569, 1, 1),
(7974, 1, 1569, 1, 1),
(6368, 4, 1569, 1, 1),
(7975, 1, 1569, 1, 1),
(7976, 2, 1569, 1, 1),
(6405, 2, 1569, 1, 1),
(7977, 1, 1569, 1, 1),
(5823, 4, 1569, 1, 1),
(6065, 3, 1569, 1, 1),
(7633, 1, 1569, 1, 1),
(5841, 1, 1569, 1, 1),
(7978, 1, 1569, 1, 1),
(6090, 2, 1569, 1, 1),
(6052, 1, 1569, 1, 1),
(7979, 1, 1569, 1, 1),
(7980, 1, 1569, 1, 1),
(6533, 1, 1569, 1, 1),
(7981, 1, 1569, 1, 1),
(6639, 1, 1569, 1, 1),
(7982, 1, 1569, 1, 1),
(7983, 1, 1569, 1, 1),
(7984, 1, 1569, 1, 1),
(7985, 1, 1569, 1, 1),
(7370, 1, 1569, 1, 1),
(7986, 2, 1569, 1, 1),
(6167, 1, 1569, 1, 1),
(6167, 1, 1569, 1, 1),
(7987, 1, 1569, 1, 1),
(5936, 1, 1569, 1, 1),
(7988, 1, 1569, 1, 1),
(7989, 1, 1569, 1, 1),
(7990, 1, 1569, 1, 1),
(7991, 1, 1569, 1, 1),
(7524, 7, 1569, 1, 1),
(6593, 2, 1569, 1, 1),
(7680, 1, 1569, 1, 1),
(6007, 1, 1569, 1, 1),
(7992, 1, 1569, 1, 1),
(6612, 1, 1569, 1, 1),
(7993, 1, 1569, 1, 1),
(5971, 1, 1569, 1, 1),
(7994, 1, 1569, 1, 1),
(5971, 1, 1569, 1, 1),
(7995, 2, 1569, 1, 1),
(6308, 1, 1569, 1, 1),
(7844, 2, 1569, 1, 1),
(7810, 1, 1569, 1, 1),
(7996, 1, 1569, 1, 1),
(5869, 1, 1569, 1, 1),
(7997, 1, 1569, 1, 1),
(7998, 1, 1569, 1, 1),
(7999, 1, 1569, 1, 1),
(7638, 1, 1569, 1, 1),
(8000, 1, 1569, 1, 1),
(8001, 1, 1569, 1, 1),
(5869, 4, 1569, 1, 1),
(6662, 1, 1569, 1, 1),
(8002, 1, 1569, 1, 1),
(6281, 1, 1569, 1, 1),
(6790, 1, 1569, 1, 1),
(8003, 1, 1569, 1, 1),
(6185, 1, 1569, 1, 1),
(6025, 1, 1569, 1, 1),
(7414, 1, 1569, 1, 1),
(8004, 2, 1569, 1, 1),
(7027, 1, 1569, 1, 1),
(8005, 1, 1569, 1, 1),
(8006, 1, 1569, 1, 1),
(6980, 1, 1569, 1, 1),
(8007, 1, 1569, 1, 1),
(7821, 1, 1569, 1, 1),
(5884, 2, 1569, 1, 1),
(6022, 1, 1569, 1, 1),
(8008, 1, 1569, 1, 1),
(8009, 2, 1569, 1, 1),
(8010, 1, 1569, 1, 1),
(8011, 1, 1569, 1, 1),
(8012, 1, 1569, 1, 1),
(7854, 1, 1569, 1, 1),
(8013, 1, 1569, 1, 1),
(8014, 1, 1569, 1, 1),
(8015, 1, 1569, 1, 1),
(8016, 1, 1569, 1, 1),
(8017, 1, 1569, 1, 1),
(7117, 1, 1569, 1, 1),
(7403, 1, 1569, 1, 1),
(8018, 1, 1569, 1, 1),
(7817, 1, 1569, 1, 1),
(8019, 1, 1569, 1, 1),
(8020, 1, 1569, 1, 1),
(8021, 3, 1569, 1, 1),
(8022, 2, 1569, 1, 1),
(8023, 1, 1569, 1, 1),
(8024, 1, 1569, 1, 1),
(8025, 1, 1569, 1, 1),
(8026, 1, 1569, 1, 1),
(6598, 1, 1569, 1, 1),
(8027, 1, 1569, 1, 1),
(8028, 2, 1569, 1, 1),
(8029, 1, 1569, 1, 1),
(8030, 1, 1569, 1, 1),
(8031, 1, 1569, 1, 1),
(6386, 1, 1569, 1, 1),
(8032, 1, 1569, 1, 1),
(8033, 1, 1569, 1, 1),
(8034, 1, 1569, 1, 1),
(8035, 1, 1569, 1, 1),
(8036, 1, 1569, 1, 1),
(6062, 1, 1569, 1, 1),
(7494, 1, 1569, 1, 1),
(8037, 1, 1569, 1, 1),
(8038, 1, 1569, 1, 1),
(8039, 2, 1569, 1, 1),
(8040, 1, 1569, 1, 1),
(7884, 1, 1569, 1, 1),
(6532, 1, 1569, 1, 1),
(5904, 6, 1569, 1, 1),
(8041, 2, 1569, 1, 1),
(8042, 1, 1569, 1, 1),
(8043, 1, 1569, 1, 1),
(6175, 1, 1569, 1, 1),
(8044, 1, 1569, 1, 1),
(8045, 1, 1569, 1, 1),
(6341, 1, 1569, 1, 1),
(8046, 1, 1569, 1, 1),
(6829, 1, 1569, 1, 1),
(7854, 2, 1569, 1, 1),
(7176, 2, 1569, 1, 1),
(8047, 1, 1569, 1, 1),
(6102, 5, 1569, 1, 1),
(6168, 1, 1569, 1, 1),
(8048, 1, 1569, 1, 1),
(7995, 1, 1569, 1, 1),
(6128, 1, 1569, 1, 1),
(8049, 1, 1569, 1, 1),
(8050, 1, 1569, 1, 1),
(8051, 1, 1569, 1, 1),
(6143, 1, 1569, 1, 1),
(7844, 2, 1569, 1, 1),
(8052, 1, 1569, 1, 1),
(8053, 1, 1569, 1, 1),
(8054, 1, 1569, 1, 1),
(8055, 1, 1569, 1, 1),
(8056, 1, 1569, 1, 1),
(8057, 1, 1569, 1, 1),
(8058, 2, 1569, 1, 1),
(8059, 2, 1569, 1, 1),
(7811, 1, 1569, 1, 1),
(8060, 1, 1569, 1, 1),
(5955, 1, 1569, 1, 1),
(6931, 1, 1569, 1, 1),
(8061, 1, 1569, 1, 1),
(7750, 1, 1569, 1, 1),
(8062, 1, 1569, 1, 1),
(8063, 1, 1569, 1, 1),
(6058, 1, 1569, 1, 1),
(8064, 1, 1569, 1, 1),
(6121, 1, 1569, 1, 1),
(6185, 1, 1569, 1, 1),
(8065, 1, 1569, 1, 1),
(6973, 1, 1569, 1, 1),
(7852, 1, 1569, 1, 1),
(8066, 1, 1569, 1, 1),
(8067, 1, 1569, 1, 1),
(5898, 3, 1569, 1, 1),
(6343, 1, 1569, 1, 1),
(8068, 1, 1569, 1, 1),
(8069, 1, 1569, 1, 1),
(6851, 3, 1569, 1, 1),
(8070, 1, 1569, 1, 1),
(8071, 1, 1569, 1, 1),
(8072, 1, 1569, 1, 1),
(7778, 1, 1569, 1, 1),
(8073, 1, 1569, 1, 1),
(6909, 1, 1569, 1, 1),
(5849, 1, 1569, 1, 1),
(8074, 1, 1569, 1, 1),
(5993, 1, 1569, 1, 1),
(8075, 1, 1569, 1, 1),
(8076, 1, 1569, 1, 1),
(8077, 1, 1569, 1, 1),
(8078, 1, 1569, 1, 1),
(8079, 1, 1569, 1, 1),
(8080, 1, 1569, 1, 1),
(8081, 1, 1569, 1, 1),
(6810, 1, 1569, 1, 1),
(8082, 1, 1569, 1, 1),
(8083, 1, 1569, 1, 1),
(6376, 1, 1569, 1, 1),
(7826, 1, 1569, 1, 1),
(8084, 1, 1569, 1, 1),
(8021, 1, 1569, 1, 1),
(6143, 1, 1569, 1, 1),
(8085, 1, 1569, 1, 1),
(8086, 1, 1569, 1, 1),
(8087, 1, 1569, 1, 1),
(8088, 1, 1569, 1, 1),
(6672, 1, 1569, 1, 1),
(5929, 2, 1569, 1, 1),
(8089, 2, 1569, 1, 1),
(8090, 2, 1569, 1, 1),
(6401, 1, 1569, 1, 1),
(8091, 1, 1569, 1, 1),
(8092, 1, 1569, 1, 1),
(6404, 1, 1569, 1, 1),
(7370, 1, 1569, 1, 1),
(8093, 1, 1569, 1, 1),
(8094, 1, 1569, 1, 1),
(8095, 1, 1569, 1, 1),
(6281, 1, 1569, 1, 1),
(8096, 1, 1569, 1, 1),
(8097, 1, 1569, 1, 1),
(8098, 1, 1569, 1, 1),
(7852, 2, 1569, 1, 1),
(7164, 1, 1569, 1, 1),
(6158, 1, 1569, 1, 1),
(8099, 1, 1569, 1, 1),
(8100, 1, 1569, 1, 1),
(8101, 1, 1569, 1, 1),
(8102, 1, 1569, 1, 1),
(8103, 1, 1569, 1, 1),
(8039, 1, 1569, 1, 1),
(8104, 1, 1569, 1, 1),
(8105, 1, 1569, 1, 1),
(8106, 1, 1569, 1, 1),
(6369, 2, 1569, 1, 1),
(5825, 1, 1569, 1, 1),
(8107, 1, 1569, 1, 1),
(8108, 1, 1569, 1, 1),
(8109, 1, 1569, 1, 1),
(8110, 1, 1569, 1, 1),
(8111, 1, 1569, 1, 1),
(6414, 1, 1569, 1, 1),
(8112, 1, 1569, 1, 1),
(8113, 1, 1569, 1, 1),
(8114, 1, 1569, 1, 1),
(5829, 1, 1569, 1, 1),
(8115, 1, 1569, 1, 1),
(7725, 1, 1569, 1, 1),
(8116, 1, 1569, 1, 1),
(8117, 1, 1569, 1, 1),
(8118, 1, 1569, 1, 1),
(8119, 1, 1569, 1, 1),
(8120, 1, 1569, 1, 1),
(8121, 1, 1569, 1, 1),
(8022, 1, 1569, 1, 1),
(8122, 1, 1569, 1, 1),
(8123, 1, 1569, 1, 1),
(8124, 1, 1569, 1, 1),
(8125, 1, 1569, 1, 1),
(8126, 1, 1569, 1, 1),
(8127, 1, 1569, 1, 1),
(6544, 1, 1569, 1, 1),
(8128, 1, 1569, 1, 1),
(5904, 2, 1569, 1, 1),
(8129, 1, 1569, 1, 1),
(8130, 1, 1569, 1, 1),
(8131, 1, 1569, 1, 1),
(7818, 1, 1569, 1, 1),
(5851, 1, 1569, 1, 1),
(8132, 1, 1569, 1, 1),
(8133, 1, 1569, 1, 1),
(6289, 3, 1569, 1, 1),
(8134, 1, 1569, 1, 1),
(8135, 1, 1569, 1, 1),
(8136, 1, 1569, 1, 1),
(8122, 2, 1569, 1, 1),
(8137, 1, 1569, 1, 1),
(7875, 1, 1569, 1, 1),
(8138, 1, 1569, 1, 1),
(8106, 1, 1569, 1, 1),
(7059, 1, 1569, 1, 1),
(8139, 1, 1569, 1, 1),
(8140, 1, 1569, 1, 1),
(8141, 1, 1569, 1, 1),
(7029, 1, 1569, 1, 1),
(8142, 1, 1569, 1, 1),
(8143, 1, 1569, 1, 1),
(8144, 1, 1569, 1, 1),
(6120, 1, 1569, 1, 1),
(8145, 1, 1569, 1, 1),
(8146, 1, 1569, 1, 1),
(8147, 2, 1569, 1, 1),
(8148, 1, 1569, 1, 1),
(8149, 1, 1569, 1, 1),
(6630, 1, 1569, 1, 1),
(8150, 1, 1569, 1, 1),
(7953, 1, 1569, 1, 1),
(8151, 1, 1569, 1, 1),
(8152, 1, 1569, 1, 1),
(8094, 1, 1569, 1, 1),
(7830, 1, 1569, 1, 1),
(6585, 1, 1569, 1, 1),
(8153, 1, 1569, 1, 1),
(8154, 1, 1569, 1, 1),
(8155, 1, 1569, 1, 1),
(8156, 1, 1569, 1, 1),
(8157, 2, 1569, 1, 1),
(8158, 1, 1569, 1, 1),
(8159, 1, 1569, 1, 1),
(8160, 1, 1569, 1, 1),
(8161, 1, 1569, 1, 1),
(8162, 1, 1569, 1, 1),
(6324, 1, 1569, 1, 1),
(8163, 1, 1569, 1, 1),
(8164, 1, 1569, 1, 1),
(6798, 1, 1569, 1, 1),
(8165, 1, 1569, 1, 1),
(7170, 1, 1569, 1, 1),
(6675, 2, 1569, 1, 1),
(8166, 1, 1569, 1, 1),
(8167, 1, 1569, 1, 1),
(8168, 1, 1569, 1, 1),
(8169, 1, 1569, 1, 1),
(6121, 1, 1569, 1, 1),
(8170, 1, 1569, 1, 1),
(8171, 1, 1569, 1, 1),
(6472, 1, 1569, 1, 1),
(7891, 1, 1569, 1, 1),
(6103, 1, 1569, 1, 1),
(5971, 1, 1569, 1, 1),
(8172, 1, 1569, 1, 1),
(8173, 1, 1569, 1, 1),
(8174, 1, 1569, 1, 1),
(5912, 1, 1569, 1, 1),
(7761, 1, 1569, 1, 1),
(8175, 1, 1569, 1, 1),
(8176, 1, 1569, 1, 1),
(8106, 1, 1569, 1, 1),
(6663, 1, 1569, 1, 1),
(8177, 1, 1569, 1, 1),
(8178, 1, 1569, 1, 1),
(8179, 1, 1569, 1, 1),
(8180, 1, 1569, 1, 1),
(6895, 1, 1569, 1, 1),
(6806, 1, 1569, 1, 1),
(8181, 1, 1569, 1, 1),
(8182, 1, 1569, 1, 1),
(8183, 1, 1569, 1, 1),
(8184, 1, 1569, 1, 1),
(8185, 1, 1569, 1, 1),
(7935, 1, 1569, 1, 1),
(8186, 1, 1569, 1, 1),
(8187, 1, 1569, 1, 1),
(6652, 1, 1569, 1, 1),
(8172, 1, 1569, 1, 1),
(8177, 1, 1569, 1, 1),
(8188, 1, 1569, 1, 1),
(8189, 1, 1569, 1, 1),
(6897, 1, 1569, 1, 1),
(8190, 1, 1569, 1, 1),
(6118, 2, 1569, 1, 1),
(8191, 1, 1569, 1, 1),
(8192, 1, 1569, 1, 1),
(8193, 2, 1569, 1, 1),
(7175, 1, 1569, 1, 1),
(6792, 1, 1569, 1, 1),
(8194, 1, 1569, 1, 1),
(8195, 1, 1569, 1, 1),
(7198, 1, 1569, 1, 1),
(8196, 1, 1569, 1, 1),
(8197, 1, 1569, 1, 1),
(8198, 1, 1569, 1, 1),
(8199, 1, 1569, 1, 1),
(8200, 1, 1569, 1, 1),
(8201, 1, 1569, 1, 1),
(8202, 1, 1569, 1, 1),
(8203, 1, 1569, 1, 1),
(7714, 1, 1569, 1, 1),
(8204, 1, 1569, 1, 1),
(8022, 1, 1569, 1, 1),
(8205, 1, 1569, 1, 1),
(7432, 1, 1569, 1, 1),
(8206, 1, 1569, 1, 1),
(8207, 1, 1569, 1, 1),
(6025, 1, 1569, 1, 1),
(7186, 1, 1569, 1, 1),
(6037, 1, 1569, 1, 1),
(8208, 1, 1569, 1, 1),
(8209, 1, 1569, 1, 1),
(8210, 1, 1569, 1, 1),
(6380, 1, 1569, 1, 1),
(8211, 1, 1569, 1, 1),
(8212, 1, 1569, 1, 1),
(8213, 1, 1569, 1, 1),
(8214, 1, 1569, 1, 1),
(8215, 1, 1569, 1, 1),
(5923, 1, 1569, 1, 1),
(8216, 1, 1569, 1, 1),
(6793, 1, 1569, 1, 1),
(8217, 1, 1569, 1, 1),
(5967, 1, 1569, 1, 1),
(8218, 1, 1569, 1, 1),
(8219, 1, 1569, 1, 1),
(8220, 1, 1569, 1, 1),
(7444, 1, 1569, 1, 1),
(8221, 1, 1569, 1, 1),
(8222, 1, 1569, 1, 1),
(8223, 1, 1569, 1, 1),
(8224, 1, 1569, 1, 1),
(8225, 1, 1569, 1, 1),
(6151, 1, 1569, 1, 1),
(7657, 1, 1569, 1, 1),
(8226, 1, 1569, 1, 1),
(6392, 1, 1569, 1, 1),
(8227, 1, 1569, 1, 1),
(8228, 1, 1569, 1, 1),
(8229, 1, 1569, 1, 1),
(8230, 1, 1569, 1, 1),
(8231, 1, 1569, 1, 1),
(6335, 1, 1569, 1, 1),
(8232, 1, 1569, 1, 1),
(8233, 1, 1569, 1, 1),
(8234, 1, 1569, 1, 1),
(8235, 1, 1569, 1, 1),
(6150, 1, 1569, 1, 1),
(8236, 1, 1569, 1, 1),
(6667, 1, 1569, 1, 1),
(8237, 1, 1569, 1, 1),
(8238, 1, 1569, 1, 1),
(8239, 1, 1569, 1, 1),
(8240, 1, 1569, 1, 1),
(8241, 1, 1569, 1, 1),
(6835, 1, 1569, 1, 1),
(8242, 1, 1569, 1, 1),
(6337, 1, 1569, 1, 1),
(8243, 1, 1569, 1, 1),
(8244, 1, 1569, 1, 1),
(8245, 1, 1569, 1, 1),
(7771, 3, 1569, 1, 1),
(8246, 1, 1569, 1, 1),
(8247, 1, 1569, 1, 1),
(7156, 1, 1569, 1, 1),
(8248, 1, 1569, 1, 1),
(8249, 1, 1569, 1, 1),
(8250, 1, 1569, 1, 1),
(5949, 1, 1569, 1, 1),
(8251, 1, 1569, 1, 1),
(8252, 2, 1569, 1, 1),
(8253, 1, 1569, 1, 1),
(8254, 1, 1569, 1, 1),
(8255, 1, 1569, 1, 1),
(8256, 1, 1569, 1, 1),
(8257, 1, 1569, 1, 1),
(8258, 2, 1569, 1, 1),
(8259, 1, 1569, 1, 1),
(8260, 1, 1569, 1, 1),
(8261, 1, 1569, 1, 1),
(6037, 1, 1569, 1, 1),
(8262, 1, 1569, 1, 1),
(8263, 1, 1569, 1, 1),
(8264, 1, 1569, 1, 1),
(8265, 1, 1569, 1, 1),
(8266, 1, 1569, 1, 1),
(7924, 1, 1569, 1, 1),
(8267, 1, 1569, 1, 1),
(6973, 1, 1569, 1, 1),
(8268, 1, 1569, 1, 1),
(6289, 1, 1569, 1, 1),
(8269, 1, 1569, 1, 1),
(7369, 1, 1569, 1, 1),
(8270, 1, 1569, 1, 1),
(6589, 1, 1569, 1, 1),
(7535, 1, 1569, 1, 1),
(8271, 1, 1569, 1, 1),
(8272, 1, 1569, 1, 1),
(8273, 1, 1569, 1, 1),
(7036, 1, 1569, 1, 1),
(8274, 1, 1569, 1, 1),
(8275, 1, 1569, 1, 1),
(6324, 1, 1569, 1, 1),
(7104, 1, 1569, 1, 1),
(6168, 1, 1569, 1, 1),
(8276, 1, 1569, 1, 1),
(8277, 1, 1569, 1, 1),
(8278, 1, 1569, 1, 1),
(8142, 1, 1569, 1, 1),
(8279, 1, 1569, 1, 1),
(8280, 1, 1569, 1, 1),
(8281, 1, 1569, 1, 1),
(6583, 1, 1569, 1, 1),
(6090, 1, 1569, 1, 1),
(6286, 1, 1569, 1, 1),
(8282, 1, 1569, 1, 1),
(8283, 1, 1569, 1, 1),
(8284, 1, 1569, 1, 1),
(6214, 1, 1569, 1, 1),
(8285, 1, 1569, 1, 1),
(7713, 1, 1569, 1, 1),
(8286, 1, 1569, 1, 1),
(7530, 1, 1569, 1, 1),
(8287, 1, 1569, 1, 1),
(8288, 1, 1569, 1, 1),
(6285, 1, 1569, 1, 1),
(8289, 1, 1569, 1, 1),
(8290, 1, 1569, 1, 1),
(6000, 2, 1569, 1, 1),
(5927, 1, 1569, 1, 1),
(8291, 1, 1569, 1, 1),
(8292, 1, 1569, 1, 1),
(7635, 1, 1569, 1, 1),
(7357, 1, 1569, 1, 1),
(7736, 1, 1569, 1, 1),
(8293, 1, 1569, 1, 1),
(8294, 1, 1569, 1, 1),
(7123, 1, 1569, 1, 1),
(8295, 1, 1569, 1, 1),
(8296, 1, 1569, 1, 1),
(8297, 1, 1569, 1, 1),
(6332, 1, 1569, 1, 1),
(6532, 1, 1569, 1, 1),
(6806, 1, 1569, 1, 1),
(6586, 1, 1569, 1, 1),
(8298, 1, 1569, 1, 1),
(6029, 1, 1569, 1, 1),
(5987, 1, 1569, 1, 1),
(8299, 1, 1569, 1, 1),
(8300, 1, 1569, 1, 1),
(8301, 1, 1569, 1, 1),
(8302, 1, 1569, 1, 1),
(8303, 1, 1569, 1, 1),
(8304, 1, 1569, 1, 1),
(6410, 1, 1569, 1, 1),
(6865, 1, 1569, 1, 1),
(8305, 1, 1569, 1, 1),
(5965, 22, 1624, 1, 1);

-- --------------------------------------------------------

--
-- Структура таблицы `bagira_search_words`
--

CREATE TABLE IF NOT EXISTS `bagira_search_words` (
  `w_id` int(11) NOT NULL AUTO_INCREMENT,
  `w_name` varchar(50) NOT NULL,
  PRIMARY KEY (`w_id`)
) ENGINE=InnoDB  DEFAULT CHARSET=cp1251 AUTO_INCREMENT=8389 ;

--
-- Дамп данных таблицы `bagira_search_words`
--

INSERT INTO `bagira_search_words` (`w_id`, `w_name`) VALUES
(5801, 'Главн'),
(5802, 'страниц'),
(5803, 'Адрес'),
(5804, 'контакт'),
(5805, 'магазин'),
(5806, 'Новост'),
(5807, 'Каталог'),
(5808, 'товар'),
(5809, 'Телевизор'),
(5810, 'Стиральн'),
(5811, 'машин'),
(5812, 'Кухон'),
(5813, 'техн'),
(5814, 'Вопрос'),
(5815, 'ответ'),
(5816, 'Стат'),
(5817, 'Опл'),
(5818, 'достав'),
(5819, 'Фотогалере'),
(5820, 'Опрос'),
(5821, 'Скольк'),
(5822, 'времен'),
(5823, 'вы'),
(5824, 'тратит'),
(5825, 'на'),
(5826, 'поиск'),
(5827, 'свободн'),
(5828, 'Важ'),
(5829, 'мелк'),
(5830, 'текст'),
(5831, 'Меган'),
(5832, 'Фокс'),
(5833, 'присматривает'),
(5834, 'фильм'),
(5835, 'Джудд'),
(5836, 'Апат'),
(5837, 'Очередн'),
(5838, 'комед'),
(5839, 'расскажет'),
(5840, 'об'),
(5841, 'уж'),
(5842, 'знакомых'),
(5843, 'персонаж'),
(5844, 'из'),
(5845, '&laquo'),
(5846, 'Немножк'),
(5847, 'беременна&raquo'),
(5848, 'Правд'),
(5849, 'эт'),
(5850, 'будут'),
(5851, 'не'),
(5852, 'гер'),
(5853, 'Се'),
(5854, 'Роген'),
(5855, 'Кэтрин'),
(5856, 'Хайгл'),
(5857, 'семейн'),
(5858, 'пар'),
(5859, 'исполнен'),
(5860, 'Пол'),
(5861, 'Радд'),
(5862, 'Лесл'),
(5863, 'Манн'),
(5864, 'Ког'),
(5865, 'имен'),
(5866, 'может'),
(5867, 'сыгр'),
(5868, 'разглашает'),
(5869, 'но'),
(5870, 'актрис'),
(5871, 'ведет'),
(5872, 'переговор'),
(5873, 'участ'),
(5874, 'проект'),
(5875, 'Несмотр'),
(5876, 'сво'),
(5877, 'комедийну'),
(5878, 'сущнос'),
(5879, 'ознаменует'),
(5880, 'возвращен'),
(5881, 'мир'),
(5882, 'серьезн'),
(5883, 'ки'),
(5884, 'Последн'),
(5885, 'постигл'),
(5886, 'плачевн'),
(5887, 'учас'),
(5888, 'Джон'),
(5889, 'Хекс&raquo'),
(5890, 'понравил'),
(5891, 'тольк'),
(5892, 'крит'),
(5893, 'большинств'),
(5894, 'зрител'),
(5895, 'лен'),
(5896, 'Игр'),
(5897, 'страсти&raquo'),
(5898, 'гд'),
(5899, 'снялас'),
(5900, 'Мик'),
(5901, 'Рурк'),
(5902, 'вовс'),
(5903, 'должн'),
(5904, 'был'),
(5905, 'мин'),
(5906, 'большой'),
(5907, 'экран'),
(5908, 'момент'),
(5909, 'студ'),
(5910, 'решил'),
(5911, 'выпуст'),
(5912, 'картин'),
(5913, 'США'),
(5914, 'ма'),
(5915, 'ограниченным'),
(5916, 'релиз'),
(5917, 'показан'),
(5918, 'кинофестивал'),
(5919, 'Торонт'),
(5920, 'прошл'),
(5921, 'сентябр'),
(5922, 'удостоилис'),
(5923, 'крайн'),
(5924, 'негативной'),
(5925, 'реакц'),
(5926, 'Такж'),
(5927, 'стоит'),
(5928, 'помн'),
(5929, 'чт'),
(5930, 'вылетел'),
(5931, 'успешной'),
(5932, 'франшиз'),
(5933, 'Майкл'),
(5934, 'Бэ'),
(5935, 'Трансформеры&raquo'),
(5936, 'третьем'),
(5937, 'мест'),
(5938, 'подруг'),
(5939, 'Шай'),
(5940, 'ЛаБаф'),
(5941, 'занял'),
(5942, 'английск'),
(5943, 'супермодел'),
(5944, 'Роуз'),
(5945, 'Хантингтон'),
(5946, 'Уайтл'),
(5947, 'Поэтом'),
(5948, 'дл'),
(5949, 'тог'),
(5950, 'чтоб'),
(5951, 'удерж'),
(5952, 'плав'),
(5953, 'Голливуд'),
(5954, 'молодой'),
(5955, 'звезд'),
(5956, 'отчаян'),
(5957, 'нужен'),
(5958, 'хорош'),
(5959, 'материал'),
(5960, 'Вполн'),
(5961, 'возмож'),
(5962, 'придаст'),
(5963, 'ее'),
(5964, 'карьер'),
(5965, 'нов'),
(5966, 'тол'),
(5967, 'ил'),
(5968, 'же'),
(5969, 'вообщ'),
(5970, 'направит'),
(5971, 'друг'),
(5972, 'русл'),
(5973, 'закончил'),
(5974, 'съем'),
(5975, 'Друз'),
(5976, 'детьми&raquo'),
(5977, 'коллег'),
(5978, 'стал'),
(5979, 'Хэмм'),
(5980, 'Кристен'),
(5981, 'Уиг'),
(5982, 'Спин'),
(5983, 'офф'),
(5984, 'от'),
(5985, 'беременной&raquo'),
(5986, 'сегодняшн'),
(5987, 'ден'),
(5988, 'имеет'),
(5989, 'назван'),
(5990, 'Супруг'),
(5991, 'режиссер'),
(5992, 'актер'),
(5993, 'сн'),
(5994, 'играют'),
(5995, 'Дебб'),
(5996, 'Пи'),
(5997, 'действ'),
(5998, 'развернет'),
(5999, 'спуст'),
(6000, 'пя'),
(6001, 'лет'),
(6002, 'посл'),
(6003, 'событ'),
(6004, 'показанных'),
(6005, 'оригинальн'),
(6006, 'начнут'),
(6007, 'этим'),
(6008, 'намечен'),
(6009, 'июн'),
(6010, '2012'),
(6011, 'год'),
(6012, 'Завершает'),
(6013, 'отбор'),
(6014, 'работ'),
(6015, 'фестивал'),
(6016, 'Art'),
(6017, 'Remake'),
(6018, 'Подходит'),
(6019, 'завершен'),
(6020, 'проходящег'),
(6021, 'трет'),
(6022, 'раз'),
(6023, 'объявлен'),
(6024, 'победител'),
(6025, 'котор'),
(6026, 'состоит'),
(6027, '30'),
(6028, 'мар'),
(6029, 'Кажд'),
(6030, 'участн'),
(6031, 'смотр'),
(6032, 'предлагают'),
(6033, 'пересн'),
(6034, 'сцен'),
(6035, 'легендарных'),
(6036, 'таких'),
(6037, 'как'),
(6038, 'Криминальн'),
(6039, 'чтив'),
(6040, 'Матриц'),
(6041, 'Звездн'),
(6042, 'войн'),
(6043, 'организатор'),
(6044, 'фильммейкер'),
(6045, 'любител'),
(6046, 'лент'),
(6047, 'Пят'),
(6048, 'элемент'),
(6049, 'Лю'),
(6050, 'Бессон'),
(6051, 'Брат'),
(6052, 'Алексе'),
(6053, 'Балабан'),
(6054, 'Пил'),
(6055, 'Джеймс'),
(6056, 'Ван'),
(6057, 'разделен'),
(6058, 'по'),
(6059, 'нескольким'),
(6060, 'категор'),
(6061, 'номинац'),
(6062, 'Лучш'),
(6063, 'ремейк'),
(6064, 'наград'),
(6065, 'здес'),
(6066, 'составляет'),
(6067, '50'),
(6068, '000'),
(6069, 'рубл'),
(6070, 'призер'),
(6071, 'выберет'),
(6072, 'жюр'),
(6073, 'продакт'),
(6074, 'плейсмент'),
(6075, 'Efes'),
(6076, 'Pilsener'),
(6077, 'получит'),
(6078, 'Незабываем'),
(6079, 'впечатлен'),
(6080, 'приз'),
(6081, 'равняет'),
(6082, '45'),
(6083, 'отберет'),
(6084, 'бренд'),
(6085, 'команд'),
(6086, 'Обладател'),
(6087, 'зрительских'),
(6088, 'симпат'),
(6089, 'определит'),
(6090, 'пр'),
(6091, 'помощ'),
(6092, 'зрительск'),
(6093, 'голосован'),
(6094, 'сайт'),
(6095, 'http'),
(6096, 'главной'),
(6097, 'жертвой'),
(6098, 'кинолюбител'),
(6099, 'Фотогаллере'),
(6100, 'Схем'),
(6101, 'проезд'),
(6102, 'нас'),
(6103, 'найт'),
(6104, 'Самолет'),
(6105, 'Фотограф'),
(6106, '10'),
(6107, 'Зелен'),
(6108, 'луг'),
(6109, 'Обзор'),
(6110, 'мобильной'),
(6111, 'ОС'),
(6112, 'Windows'),
(6113, 'Phone'),
(6114, 'Реб'),
(6115, 'Microsoft'),
(6116, 'кон'),
(6117, 'молодц'),
(6118, 'долг'),
(6119, 'затиш'),
(6120, 'со'),
(6121, 'сторон'),
(6122, 'компан'),
(6123, 'ожидан'),
(6124, 'пользовател'),
(6125, 'он'),
(6126, 'та'),
(6127, 'выдал'),
(6128, 'гор'),
(6129, 'св'),
(6130, 'детищ'),
(6131, '&mdash'),
(6132, 'операционну'),
(6133, 'сист'),
(6134, 'смартфон'),
(6135, 'Постараем'),
(6136, 'разобр'),
(6137, 'максимал'),
(6138, 'детал'),
(6139, 'Прежд'),
(6140, 'чем'),
(6141, 'скаж'),
(6142, 'перв'),
(6143, 'сл'),
(6144, 'касател'),
(6145, 'хо'),
(6146, 'рассказ'),
(6147, 'мед'),
(6148, 'составляющу'),
(6149, 'скриншот'),
(6150, 'Знает'),
(6151, 'нет'),
(6152, 'WP7'),
(6153, 'предполагает'),
(6154, 'вам'),
(6155, 'понадобит'),
(6156, 'сдел'),
(6157, 'сним'),
(6158, 'Так'),
(6159, 'наилучшим'),
(6160, 'способ'),
(6161, 'этой'),
(6162, 'являет'),
(6163, 'iPhone'),
(6164, 'любой'),
(6165, 'другой'),
(6166, 'фотоаппарат'),
(6167, 'тепер'),
(6168, 'тем'),
(6169, 'Станислав'),
(6170, 'Загорск'),
(6171, 'купил'),
(6172, 'вашем'),
(6173, 'скажит'),
(6174, 'пожалуйс'),
(6175, 'мож'),
(6176, 'нем'),
(6177, 'настр'),
(6178, 'канал'),
(6179, 'Дан'),
(6180, 'ноутбук'),
(6181, 'создан'),
(6182, 'специал'),
(6183, 'аудиофил'),
(6184, 'даж'),
(6185, 'дорог'),
(6186, 'хотят'),
(6187, 'расстав'),
(6188, 'музыкой'),
(6189, 'реализован'),
(6190, 'разработанн'),
(6191, 'специалис'),
(6192, 'ASUS'),
(6193, 'Bang'),
(6194, 'Olufsen'),
(6195, 'ICEpower'),
(6196, 'технолог'),
(6197, 'SonicMaster'),
(6198, 'представляющ'),
(6199, 'собой'),
(6200, 'комплекс'),
(6201, 'аппаратных'),
(6202, 'программных'),
(6203, 'средств'),
(6204, 'улучшен'),
(6205, 'качеств'),
(6206, 'зв'),
(6207, 'изменит'),
(6208, 'ваш'),
(6209, 'представлен'),
(6210, 'звучан'),
(6211, 'мобильных'),
(6212, 'компьютеров!'),
(6213, 'Узн'),
(6214, 'больш'),
(6215, 'Суперпредложен'),
(6216, 'Новин'),
(6217, 'Лидер'),
(6218, 'продаж'),
(6219, 'Sony'),
(6220, 'SLT'),
(6221, 'A33L'),
(6222, 'объектив'),
(6223, '18'),
(6224, '55'),
(6225, 'Nokia'),
(6226, 'dark'),
(6227, 'grey'),
(6228, 'Acer'),
(6229, 'Aspire'),
(6230, '1830TZ'),
(6231, 'U542G25iss'),
(6232, 'Eee'),
(6233, '1015PЕM'),
(6234, 'Thomas'),
(6235, '788535'),
(6236, 'Twin'),
(6237, 'Aquafilter'),
(6238, 'Комплект'),
(6239, 'Wharfedale'),
(6240, 'Obsidian'),
(6241, '600'),
(6242, 'Cinema'),
(6243, 'Pack'),
(6244, 'wenge'),
(6245, 'Samsung'),
(6246, 'C9950W'),
(6247, 'Canon'),
(6248, 'PowerShot'),
(6249, 'S95'),
(6250, 'Connect'),
(6251, 'AutoNavigator'),
(6252, '2100'),
(6253, 'Wide'),
(6254, 'Росс'),
(6255, 'B207FVQA'),
(6256, 'Gorenje'),
(6257, '20'),
(6258, 'Услов'),
(6259, 'регистрац'),
(6260, 'Иван'),
(6261, 'Иванов2'),
(6262, 'новейш'),
(6263, 'цифровой'),
(6264, 'фотокамер'),
(6265, 'ST60'),
(6266, 'гармон'),
(6267, 'сочетают'),
(6268, 'компактнос'),
(6269, 'высокойфункциональность'),
(6270, 'стильн'),
(6271, 'камер'),
(6272, 'толщиной'),
(6273, 'всег'),
(6274, '16'),
(6275, '5мм'),
(6276, 'самой'),
(6277, 'тонкой'),
(6278, 'камерой'),
(6279, 'своем'),
(6280, 'класс'),
(6281, 'легк'),
(6282, 'умещает'),
(6283, 'карман'),
(6284, 'всегд'),
(6285, 'им'),
(6286, 'себ'),
(6287, 'Кирилл'),
(6288, 'Наум'),
(6289, 'мн'),
(6290, 'нравит'),
(6291, 'мыльница!'),
(6292, 'професс'),
(6293, 'сейчас'),
(6294, 'нужн'),
(6295, 'человечеств'),
(6296, 'инженер'),
(6297, 'вид'),
(6298, 'обширн'),
(6299, 'понят'),
(6300, 'энергет'),
(6301, 'до'),
(6302, 'робототехн'),
(6303, 'программист'),
(6304, 'прикладных'),
(6305, 'зd'),
(6306, 'дизайнер'),
(6307, 'вра'),
(6308, 'нашл'),
(6309, 'лекарств'),
(6310, 'одной'),
(6311, 'болезн'),
(6312, 'появляют'),
(6313, 'новых'),
(6314, 'заболеван'),
(6315, 'эколог'),
(6316, 'ваканс'),
(6317, 'ООН'),
(6318, 'Грин'),
(6319, 'Пис'),
(6320, 'альтернативн'),
(6321, 'источн'),
(6322, 'энерг'),
(6323, 'након'),
(6324, 'люд'),
(6325, 'вспомнил'),
(6326, 'млекопитающ'),
(6327, 'паразит'),
(6328, 'Лил'),
(6329, 'Ивановн'),
(6330, 'Ка'),
(6331, 'доб'),
(6332, 'бы'),
(6333, 'цвет'),
(6334, 'ваз'),
(6335, 'стоял'),
(6336, 'дольш'),
(6337, 'ст'),
(6338, 'есл'),
(6339, 'полу'),
(6340, 'вод'),
(6341, 'нал'),
(6342, 'прост'),
(6343, 'под'),
(6344, 'кран'),
(6345, 'то'),
(6346, 'быстр'),
(6347, 'высосет'),
(6348, 'содержим'),
(6349, 'осмос'),
(6350, 'Клет'),
(6351, 'черен'),
(6352, 'разрушат'),
(6353, 'завянет'),
(6354, 'нуж'),
(6355, 'физиологическ'),
(6356, 'раствор'),
(6357, 'сол'),
(6358, 'брос'),
(6359, 'поваренной'),
(6360, 'зависит'),
(6361, 'объем'),
(6362, 'Например'),
(6363, 'большу'),
(6364, 'клал'),
(6365, 'чайной'),
(6366, 'лож'),
(6367, 'месяц'),
(6368, 'Ещ'),
(6369, 'Перед'),
(6370, 'став'),
(6371, 'подрез'),
(6372, 'обязател'),
(6373, 'Ина'),
(6374, 'воздух'),
(6375, 'питан'),
(6376, 'будет'),
(6377, 'Даш'),
(6378, 'Звер'),
(6379, 'Существует'),
(6380, 'ли'),
(6381, 'программ'),
(6382, 'тип'),
(6383, 'распознаван'),
(6384, 'лиц'),
(6385, 'Picasa'),
(6386, 'умеет'),
(6387, 'пытает'),
(6388, 'распознав'),
(6389, 'показыв'),
(6390, 'пот'),
(6391, 'разн'),
(6392, 'одн'),
(6393, 'чел'),
(6394, 'поис'),
(6395, 'одинаковых'),
(6396, 'подойдет'),
(6397, 'ACDSee'),
(6398, 'опц'),
(6399, 'Find'),
(6400, 'Duplicates'),
(6401, 'ну'),
(6402, 'предложил'),
(6403, 'Railgun'),
(6404, 'сам'),
(6405, 'зна'),
(6406, 'за'),
(6407, 'Маерск'),
(6408, 'Ес'),
(6409, 'плюс'),
(6410, 'том'),
(6411, 'мы'),
(6412, 'холодной'),
(6413, 'водой'),
(6414, 'Холод'),
(6415, 'стресс'),
(6416, 'правил'),
(6417, 'ег'),
(6418, 'создав'),
(6419, 'использ'),
(6420, 'делает'),
(6421, 'сильне'),
(6422, 'контраст'),
(6423, 'горячег'),
(6424, 'душ'),
(6425, 'усиливает'),
(6426, 'выработ'),
(6427, 'гормон'),
(6428, 'удовольств'),
(6429, 'эндорфин'),
(6430, 'счаст'),
(6431, 'ходят'),
(6432, 'ряд'),
(6433, 'Виктор'),
(6434, 'Гинзбург'),
(6435, 'выстрадал'),
(6436, 'кажду'),
(6437, 'букв'),
(6438, 'сценар'),
(6439, 'Generation'),
(6440, 'П&raquo'),
(6441, '&ndash'),
(6442, 'экранизац'),
(6443, 'проз'),
(6444, 'Пелевин'),
(6445, 'адаптированн'),
(6446, 'москв'),
(6447, 'рожден'),
(6448, 'живущим'),
(6449, 'снят'),
(6450, 'известном'),
(6451, 'роман'),
(6452, 'загадочн'),
(6453, 'российск'),
(6454, 'писател'),
(6455, 'включен'),
(6456, 'официальну'),
(6457, 'Международн'),
(6458, 'Карловых'),
(6459, 'Вар'),
(6460, 'пройдет'),
(6461, 'июл'),
(6462, 'встретил'),
(6463, 'корреспондент'),
(6464, 'Русской'),
(6465, 'служб'),
(6466, 'Голос'),
(6467, 'Америки&raquo'),
(6468, 'Олег'),
(6469, 'Сулькин'),
(6470, 'Книг'),
(6471, 'вышл'),
(6472, 'свет'),
(6473, '99'),
(6474, 'вызвал'),
(6475, 'ажиотаж'),
(6476, 'ум'),
(6477, 'мгновен'),
(6478, 'культовой'),
(6479, 'Считалос'),
(6480, 'этот'),
(6481, 'орешек'),
(6482, 'невозмож'),
(6483, 'разгрыз'),
(6484, 'решилис'),
(6485, 'врем'),
(6486, 'искал'),
(6487, 'подходящ'),
(6488, 'Написал'),
(6489, 'нескольк'),
(6490, 'покупал'),
(6491, 'опцион'),
(6492, 'числ'),
(6493, 'повес'),
(6494, 'Жук'),
(6495, 'муравейнике&raquo'),
(6496, 'брать'),
(6497, 'Стругацких'),
(6498, 'Мен'),
(6499, 'тянул'),
(6500, 'сложным'),
(6501, 'философским'),
(6502, 'экспериментальным'),
(6503, 'отказывал'),
(6504, 'гигантск'),
(6505, 'количеств'),
(6506, 'жанровых'),
(6507, 'неинтерес'),
(6508, 'очен'),
(6509, 'слож'),
(6510, 'убед'),
(6511, 'хэпп'),
(6512, 'энд'),
(6513, 'снял'),
(6514, 'лиш'),
(6515, 'документальну'),
(6516, 'Неску'),
(6517, 'сад&raquo'),
(6518, 'Да'),
(6519, 'Тож'),
(6520, 'достат'),
(6521, 'экспериментальн'),
(6522, 'вещ'),
(6523, 'сексуальной'),
(6524, 'революции&raquo'),
(6525, 'сделан'),
(6526, '1991'),
(6527, '93'),
(6528, '94'),
(6529, 'обошл'),
(6530, 'вес'),
(6531, 'мировой'),
(6532, 'круг'),
(6533, 'Когд'),
(6534, 'прочел'),
(6535, 'обнаружил'),
(6536, 'вс'),
(6537, 'интересовал'),
(6538, 'понима'),
(6539, 'захотелос'),
(6540, 'туд'),
(6541, 'залез'),
(6542, 'истор'),
(6543, 'пропуст'),
(6544, 'через'),
(6545, 'мой'),
(6546, 'собств'),
(6547, 'опыт'),
(6548, 'знаменит'),
(6549, 'скрытность'),
(6550, 'непубличность'),
(6551, 'близкой'),
(6552, 'мистификаторств'),
(6553, 'отчаст'),
(6554, 'напоминает'),
(6555, 'Сэлинджер'),
(6556, 'пробилис'),
(6557, 'далек'),
(6558, 'мра'),
(6559, 'отшельн'),
(6560, 'прячущий'),
(6561, 'ценит'),
(6562, 'прайвеси&raquo'),
(6563, 'Недав'),
(6564, 'московских'),
(6565, 'газет'),
(6566, 'появилас'),
(6567, 'Реал'),
(6568, 'человек'),
(6569, 'Журналист'),
(6570, 'поехал'),
(6571, 'Чертан'),
(6572, 'живет'),
(6573, 'опросил'),
(6574, 'сосед'),
(6575, 'Какой'),
(6576, 'рассказал'),
(6577, 'садил'),
(6578, 'лифт'),
(6579, 'Пелевиным'),
(6580, 'попросил'),
(6581, 'подпис'),
(6582, 'Олегов'),
(6583, 'будт'),
(6584, 'послал'),
(6585, 'тр'),
(6586, 'Дик'),
(6587, 'чушь!'),
(6588, 'нелепиц'),
(6589, 'нег'),
(6590, 'пишут!'),
(6591, 'путешествует'),
(6592, 'потом'),
(6593, 'ем'),
(6594, 'тяжел'),
(6595, 'там'),
(6596, 'свободен'),
(6597, 'разрешен'),
(6598, 'вед'),
(6599, 'убедил'),
(6600, 'ва'),
(6601, 'внушительн'),
(6602, 'резюм'),
(6603, 'Сокур'),
(6604, 'Звягинц'),
(6605, 'постфактум'),
(6606, 'удивляет'),
(6607, 'виж'),
(6608, 'книжк'),
(6609, 'заметил'),
(6610, 'неэкранизируем'),
(6611, 'возразил'),
(6612, 'продолжал'),
(6613, 'убежд'),
(6614, 'покорил'),
(6615, 'собственной'),
(6616, 'верой'),
(6617, 'успех'),
(6618, 'кажет'),
(6619, 'понял'),
(6620, 'настроен'),
(6621, 'серьез'),
(6622, 'творческ'),
(6623, 'подход'),
(6624, 'профессионализм'),
(6625, 'участвовал'),
(6626, 'над'),
(6627, 'сценарием'),
(6628, 'писал'),
(6629, 'Джиной'),
(6630, 'мо'),
(6631, 'женой'),
(6632, 'посылал'),
(6633, 'развернут'),
(6634, 'описан'),
(6635, 'Скажем'),
(6636, 'тех'),
(6637, 'развил'),
(6638, 'заявленных'),
(6639, 'лин'),
(6640, 'виртуальн'),
(6641, 'президен'),
(6642, 'Геро'),
(6643, 'Вавилен'),
(6644, 'Татарском'),
(6645, 'хватал'),
(6646, 'героизм'),
(6647, 'изменил'),
(6648, 'формул'),
(6649, 'существован'),
(6650, 'перышк'),
(6651, 'дуновен'),
(6652, 'ветр'),
(6653, 'приземлялос'),
(6654, 'ног'),
(6655, 'богин'),
(6656, 'Иштар'),
(6657, 'драматургичес'),
(6658, 'Татарск'),
(6659, 'сил'),
(6660, 'побеждающ'),
(6661, 'обстоятельств'),
(6662, 'благодар'),
(6663, 'которой'),
(6664, 'становил'),
(6665, 'властелин'),
(6666, 'Понравилос'),
(6667, 'вот'),
(6668, 'невежественн'),
(6669, 'час'),
(6670, 'обвинил'),
(6671, 'двух'),
(6672, 'прям'),
(6673, 'противоположных'),
(6674, 'грех'),
(6675, 'тут'),
(6676, 'пахнет'),
(6677, 'Второй'),
(6678, 'буквал'),
(6679, 'подстрочн'),
(6680, 'сложн'),
(6681, 'структур'),
(6682, 'массой'),
(6683, 'боковых'),
(6684, 'пришлос'),
(6685, 'отсек'),
(6686, 'руководствовалис'),
(6687, 'составляющ'),
(6688, 'вавилонск'),
(6689, 'тема&raquo'),
(6690, 'абстрактн'),
(6691, 'сумбурн'),
(6692, 'Вавилон'),
(6693, 'зол'),
(6694, 'переосмыслил'),
(6695, 'своим'),
(6696, 'язык'),
(6697, 'нюанс'),
(6698, 'нереал'),
(6699, 'охват'),
(6700, 'сохран'),
(6701, 'кристаллиз'),
(6702, 'су'),
(6703, 'воссоздает'),
(6704, '90'),
(6705, 'жил'),
(6706, 'постоян'),
(6707, 'приезжал'),
(6708, 'част'),
(6709, 'надолг'),
(6710, 'Снимал'),
(6711, 'ко'),
(6712, 'HBO'),
(6713, 'удачен'),
(6714, 'взгляд'),
(6715, 'Владим'),
(6716, 'Епифанц'),
(6717, 'рол'),
(6718, 'остальн'),
(6719, 'почт'),
(6720, 'знак'),
(6721, 'узнаваем'),
(6722, 'Михаил'),
(6723, 'Ефрем'),
(6724, 'Рен'),
(6725, 'Литвин'),
(6726, 'Меньш'),
(6727, 'Тактар'),
(6728, 'Андр'),
(6729, 'Панин'),
(6730, 'Серг'),
(6731, 'Шнур'),
(6732, 'Охлобыстин'),
(6733, 'выстраивал'),
(6734, 'роскош'),
(6735, 'кастинг'),
(6736, 'рад'),
(6737, 'пафос'),
(6738, 'сказ'),
(6739, 'осмыслен'),
(6740, 'раскладывал'),
(6741, 'актерск'),
(6742, 'пасьянс'),
(6743, 'банальн'),
(6744, 'убедительных'),
(6745, 'Ник'),
(6746, 'брал'),
(6747, 'без'),
(6748, 'проб'),
(6749, 'монстр'),
(6750, 'площадк'),
(6751, 'муча'),
(6752, 'муторн'),
(6753, 'Ханин'),
(6754, 'рассматривал'),
(6755, '40'),
(6756, 'выбрал'),
(6757, 'телеведущег'),
(6758, 'Александр'),
(6759, 'Гордон'),
(6760, 'оказал'),
(6761, 'великолепен'),
(6762, 'од'),
(6763, 'работать!'),
(6764, 'касает'),
(6765, 'ужасной'),
(6766, 'вклю'),
(6767, 'директор'),
(6768, 'отговаривал'),
(6769, 'бр'),
(6770, 'мол'),
(6771, 'качок&raquo'),
(6772, 'бо'),
(6773, 'других'),
(6774, 'дум'),
(6775, 'дом'),
(6776, 'прислал'),
(6777, 'оказалас'),
(6778, 'идеальной!'),
(6779, 'прошел'),
(6780, 'прокат'),
(6781, 'довольн'),
(6782, 'собрал'),
(6783, 'миллион'),
(6784, 'доллар'),
(6785, 'СНГ'),
(6786, 'говорят'),
(6787, 'неслыханн'),
(6788, 'достижен'),
(6789, 'счита'),
(6790, 'могл'),
(6791, 'посмотр'),
(6792, 'дв'),
(6793, 'наш'),
(6794, 'осторожничал'),
(6795, 'потратил'),
(6796, 'лишн'),
(6797, 'реклам'),
(6798, 'знал'),
(6799, 'регион'),
(6800, 'Параллел'),
(6801, 'выпустил'),
(6802, 'Кр'),
(6803, '4&raquo'),
(6804, 'широкой'),
(6805, 'порадовал'),
(6806, 'народ'),
(6807, 'врубает'),
(6808, 'находит'),
(6809, 'вруб'),
(6810, 'Русск'),
(6811, 'стеб'),
(6812, 'особен'),
(6813, 'стил'),
(6814, 'труд'),
(6815, 'понятным'),
(6816, 'иностранц'),
(6817, 'рабочих'),
(6818, 'просмотр'),
(6819, 'Лос'),
(6820, 'Анджелес'),
(6821, 'Восторг'),
(6822, 'хохот'),
(6823, 'восприним'),
(6824, 'Европ'),
(6825, 'узнаем'),
(6826, 'вписывает'),
(6827, 'стереотипн'),
(6828, 'поверхност'),
(6829, 'глубок'),
(6830, 'дух'),
(6831, 'лжеценност'),
(6832, 'потер'),
(6833, 'нравственных'),
(6834, 'ориент'),
(6835, 'Бог'),
(6836, 'следующ'),
(6837, 'Занимаюс'),
(6838, 'монтаж'),
(6839, 'телевизионной'),
(6840, 'верс'),
(6841, 'планирует'),
(6842, 'сер'),
(6843, 'повод'),
(6844, 'показ'),
(6845, 'ведем'),
(6846, 'нескол'),
(6847, 'телеканал'),
(6848, 'Затем'),
(6849, 'собираюс'),
(6850, 'экраниз'),
(6851, 'один'),
(6852, 'вампирский&raquo'),
(6853, 'Empire'),
(6854, 'V&raquo'),
(6855, 'Школ'),
(6856, 'Мистер'),
(6857, 'расставан'),
(6858, 'Америк'),
(6859, 'проходит'),
(6860, 'сезон'),
(6861, 'выпускных'),
(6862, 'церемон'),
(6863, 'бал'),
(6864, 'торжеств'),
(6865, 'мал'),
(6866, 'отличают'),
(6867, 'особенн'),
(6868, 'уклад'),
(6869, 'многолетн'),
(6870, 'традиц'),
(6871, 'них'),
(6872, 'выпус'),
(6873, 'неповторим'),
(6874, 'порой'),
(6875, 'старейше'),
(6876, 'учебн'),
(6877, 'заведен'),
(6878, 'девочек'),
(6879, 'штат'),
(6880, 'Мэриленд'),
(6881, 'Oldfields'),
(6882, 'School'),
(6883, 'основан'),
(6884, 'боле'),
(6885, '150'),
(6886, 'назад'),
(6887, 'корпус'),
(6888, 'затаились&raquo'),
(6889, 'лес'),
(6890, 'предгор'),
(6891, 'Аппала'),
(6892, 'Дево'),
(6893, 'живут'),
(6894, 'замкнут'),
(6895, 'полн'),
(6896, 'пансион'),
(6897, 'такой'),
(6898, 'институт'),
(6899, 'благородных'),
(6900, 'девиц&raquo'),
(6901, 'американским'),
(6902, 'мерк'),
(6903, 'обучен'),
(6904, 'влетает'),
(6905, 'родител'),
(6906, 'копеечку&raquo'),
(6907, 'окол'),
(6908, 'тыся'),
(6909, 'Сред'),
(6910, 'выпускниц'),
(6911, 'разных'),
(6912, 'встрет'),
(6913, 'известн'),
(6914, 'фамил'),
(6915, 'Дюпон'),
(6916, 'Рокфеллер'),
(6917, 'Уоллис'),
(6918, 'Симпсон'),
(6919, 'барышн'),
(6920, 'британск'),
(6921, 'монарх'),
(6922, 'Эдуард'),
(6923, 'Восьмой'),
(6924, 'отрек'),
(6925, 'престол'),
(6926, 'дав'),
(6927, 'век'),
(6928, 'Сегодн'),
(6929, 'учениц'),
(6930, 'американ'),
(6931, 'стран'),
(6932, 'Географ'),
(6933, 'Аз'),
(6934, 'Афр'),
(6935, 'Латинск'),
(6936, 'Амер'),
(6937, 'ником'),
(6938, 'ни'),
(6939, 'пока&hellip'),
(6940, 'Церемониал'),
(6941, 'прощан'),
(6942, 'школой'),
(6943, 'поверк'),
(6944, 'сюжет&raquo'),
(6945, 'показал'),
(6946, 'значител'),
(6947, 'древним'),
(6948, 'античн'),
(6949, 'белых'),
(6950, 'тун'),
(6951, 'бос'),
(6952, 'бук'),
(6953, 'сходил'),
(6954, 'попар'),
(6955, 'склон'),
(6956, 'выс'),
(6957, 'холм'),
(6958, 'расходилис'),
(6959, 'V&ndash'),
(6960, 'образ'),
(6961, 'выстраиваяс'),
(6962, 'шеренг'),
(6963, 'лужайк'),
(6964, 'Дале'),
(6965, 'следовал'),
(6966, 'честв'),
(6967, 'королевы&raquo'),
(6968, 'восседал'),
(6969, 'трон'),
(6970, 'сень'),
(6971, 'вековых'),
(6972, 'сосен'),
(6973, 'гол'),
(6974, 'корон'),
(6975, 'вен'),
(6976, 'полевых'),
(6977, 'торжествен'),
(6978, 'поклон'),
(6979, 'подходил'),
(6980, 'свой'),
(6981, 'букет'),
(6982, 'корол'),
(6983, 'менял'),
(6984, 'конфигурац'),
(6985, 'выстраивалис'),
(6986, 'полукруг'),
(6987, 'младших'),
(6988, 'оставалис'),
(6989, 'сзад'),
(6990, 'зачитывал'),
(6991, 'вручал'),
(6992, 'диплом'),
(6993, 'Никаких'),
(6994, 'длинных'),
(6995, 'ре'),
(6996, 'конц'),
(6997, 'объят'),
(6998, 'родственн'),
(6999, 'Слез'),
(7000, 'девуш'),
(7001, 'холл'),
(7002, 'веранд'),
(7003, 'прихорашивалис'),
(7004, 'фотографировалис'),
(7005, 'пам'),
(7006, 'готовяс'),
(7007, 'волнующ'),
(7008, 'торжественном'),
(7009, 'воскликн'),
(7010, 'Прощай'),
(7011, 'здравствуй'),
(7012, 'жизнь!&raquo'),
(7013, 'стоят'),
(7014, 'особняк'),
(7015, 'во'),
(7016, 'первых'),
(7017, 'уровен'),
(7018, 'образования&hellip'),
(7019, 'вторых'),
(7020, 'прививает'),
(7021, 'уважен'),
(7022, 'жизн'),
(7023, 'воспитанниц'),
(7024, 'остает'),
(7025, 'чувств'),
(7026, 'локт'),
(7027, 'крут'),
(7028, 'прожит'),
(7029, 'вмест'),
(7030, 'четыр'),
(7031, 'ложной'),
(7032, 'скромност'),
(7033, 'будущем'),
(7034, 'эл'),
(7035, 'Обходит'),
(7036, 'всем'),
(7037, 'дор'),
(7038, 'согласитес'),
(7039, 'Библиот'),
(7040, 'Конгресс'),
(7041, 'открыл'),
(7042, 'Музыкал'),
(7043, 'автомат'),
(7044, 'ранн'),
(7045, 'джаз'),
(7046, 'поэз'),
(7047, 'юмор'),
(7048, 'опер'),
(7049, 'танцевальн'),
(7050, 'муз'),
(7051, 'звукозапис'),
(7052, 'сопровождает'),
(7053, 'информац'),
(7054, 'сделана&raquo'),
(7055, 'Биллингтон'),
(7056, 'глав'),
(7057, 'Вашингтон'),
(7058, 'дн'),
(7059, 'пригласил'),
(7060, 'лауре'),
(7061, 'прем'),
(7062, 'Грэмми&raquo'),
(7063, 'музыкан'),
(7064, 'Гарр'),
(7065, 'Конн'),
(7066, 'младшег'),
(7067, 'открыт'),
(7068, 'вебсай'),
(7069, 'вперв'),
(7070, 'цифр'),
(7071, 'формат'),
(7072, 'редких'),
(7073, 'исторических'),
(7074, 'собран'),
(7075, 'произведен'),
(7076, 'популярной'),
(7077, 'раннег'),
(7078, 'политическ'),
(7079, 'Композиц'),
(7080, 'Артур'),
(7081, 'Тосканин'),
(7082, 'Энрик'),
(7083, 'Каруз'),
(7084, 'Джордж'),
(7085, 'Гершвин'),
(7086, 'великих'),
(7087, 'музыкант'),
(7088, 'доступн'),
(7089, 'бесплатн'),
(7090, 'прослушиван'),
(7091, 'изучен'),
(7092, 'Национал'),
(7093, 'автомат&raquo'),
(7094, 'National'),
(7095, 'Jukebox'),
(7096, 'совмест'),
(7097, 'Music'),
(7098, 'Entertainment'),
(7099, 'Интерн'),
(7100, 'могут'),
(7101, 'доступ'),
(7102, 'огромном'),
(7103, 'записанных'),
(7104, 'межд'),
(7105, '1901'),
(7106, '1925'),
(7107, 'представил'),
(7108, 'пресс'),
(7109, 'конференц'),
(7110, 'обладает'),
(7111, 'крупнейш'),
(7112, 'коллекц'),
(7113, 'хранят'),
(7114, 'оцифровывают'),
(7115, 'отделен'),
(7116, 'Вирджин'),
(7117, 'оттуд'),
(7118, 'поступают'),
(7119, 'Ричард'),
(7120, 'Стор'),
(7121, 'президент'),
(7122, 'коммерческой'),
(7123, 'говорит'),
(7124, 'замечательн'),
(7125, 'музыкальных'),
(7126, 'сокровищ'),
(7127, 'которым'),
(7128, 'отслед'),
(7129, 'развит'),
(7130, 'американской'),
(7131, 'корн'),
(7132, 'запис'),
(7133, 'самых'),
(7134, 'влиятельных'),
(7135, 'артист'),
(7136, 'всех'),
(7137, 'времен&raquo'),
(7138, 'Юб'),
(7139, 'Блейк'),
(7140, 'видеоклип'),
(7141, 'размещенн'),
(7142, 'Музыкальн'),
(7143, 'автомата&raquo'),
(7144, 'исполняет'),
(7145, 'песн'),
(7146, 'Гарри&raquo'),
(7147, 'I&rsquo'),
(7148, 'Just'),
(7149, 'Wild'),
(7150, 'About'),
(7151, 'Harry'),
(7152, 'написанну'),
(7153, '1921'),
(7154, 'виде'),
(7155, 'младш'),
(7156, 'сидит'),
(7157, 'пиан'),
(7158, 'играет'),
(7159, 'автор'),
(7160, 'котором'),
(7161, '43'),
(7162, 'приглашен'),
(7163, 'сыграл'),
(7164, 'ту'),
(7165, 'саму'),
(7166, 'поделил'),
(7167, 'воспоминан'),
(7168, 'встре'),
(7169, 'Тогд'),
(7170, 'дев'),
(7171, '95'),
(7172, '96'),
(7173, 'никогд'),
(7174, 'забуд'),
(7175, 'сидел'),
(7176, 'ним'),
(7177, 'оглядываюс'),
(7178, 'потрясающу'),
(7179, 'музык'),
(7180, 'Причем'),
(7181, 'смысл'),
(7182, 'фактичес'),
(7183, 'таб'),
(7184, 'любв'),
(7185, 'чернокож'),
(7186, 'смотрел'),
(7187, 'ру'),
(7188, 'думал'),
(7189, 'видел'),
(7190, 'больших'),
(7191, 'рук'),
(7192, 'длинн'),
(7193, 'пальц'),
(7194, 'представ'),
(7195, 'повезл'),
(7196, 'вооч'),
(7197, 'своих'),
(7198, 'дет'),
(7199, 'новым'),
(7200, 'услыш'),
(7201, 'замечател'),
(7202, 'аплодиру'),
(7203, 'это!&raquo'),
(7204, 'автомате&raquo'),
(7205, 'перву'),
(7206, 'джазову'),
(7207, 'Original'),
(7208, 'Dixieland'),
(7209, 'Jazz'),
(7210, 'Band'),
(7211, 'Блюз'),
(7212, 'конюшни&raquo'),
(7213, 'Livery'),
(7214, 'Stable'),
(7215, 'Blues'),
(7216, 'Джин'),
(7217, 'Деанн'),
(7218, 'выложен'),
(7219, 'небольш'),
(7220, 'появят'),
(7221, 'динам'),
(7222, 'развивающий'),
(7223, 'архив'),
(7224, 'ближайш'),
(7225, 'десят'),
(7226, 'файлов&raquo'),
(7227, 'вирджинск'),
(7228, '100'),
(7229, 'звуковых'),
(7230, 'настояще'),
(7231, 'посетител'),
(7232, 'сай'),
(7233, 'прослуш'),
(7234, 'конверт'),
(7235, 'этикет'),
(7236, 'пластин'),
(7237, 'биограф'),
(7238, 'исполнител'),
(7239, 'Disney'),
(7240, '–'),
(7241, 'Pixar'),
(7242, '23'),
(7243, 'выходит'),
(7244, 'полнометраж'),
(7245, 'анимацион'),
(7246, '2&raquo'),
(7247, 'сиквел'),
(7248, 'мультфильм'),
(7249, 'Тачки&raquo'),
(7250, '2006'),
(7251, 'Лассеттер'),
(7252, 'одним'),
(7253, 'основател'),
(7254, 'ведущим'),
(7255, 'креативным'),
(7256, 'Walt'),
(7257, 'Animation'),
(7258, 'принимал'),
(7259, 'Тачек'),
(7260, 'послужн'),
(7261, 'списк'),
(7262, 'режиссур'),
(7263, 'Рататуй&raquo'),
(7264, 'ВАЛЛ'),
(7265, 'И&raquo'),
(7266, 'игрушек'),
(7267, 'побег&raquo'),
(7268, 'Галин'),
(7269, 'Галкин'),
(7270, 'встретилас'),
(7271, 'Эмеривилл'),
(7272, 'неподалек'),
(7273, 'Сан'),
(7274, 'Франциск'),
(7275, 'Расскажит'),
(7276, 'детств'),
(7277, 'вырос'),
(7278, 'работал'),
(7279, 'менеджер'),
(7280, 'отдел'),
(7281, 'запчаст'),
(7282, 'дилерск'),
(7283, 'центр'),
(7284, 'Chevrolet'),
(7285, 'помогал'),
(7286, 'выходным'),
(7287, 'летних'),
(7288, 'каникул'),
(7289, 'немудр'),
(7290, 'важну'),
(7291, 'Период'),
(7292, 'моег'),
(7293, 'взрослен'),
(7294, 'совпал'),
(7295, 'расцв'),
(7296, 'американских'),
(7297, 'автомобил'),
(7298, 'мощным'),
(7299, 'двигателем'),
(7300, 'Corvette'),
(7301, 'Camaro'),
(7302, 'Chevelle'),
(7303, 'считалис'),
(7304, 'абсолют'),
(7305, 'тачками&raquo'),
(7306, 'страст'),
(7307, 'увлечен'),
(7308, 'мам'),
(7309, 'учителем'),
(7310, 'рисован'),
(7311, 'перенял'),
(7312, 'люб'),
(7313, 'творчеств'),
(7314, 'счит'),
(7315, 'слиян'),
(7316, 'сем'),
(7317, 'любил'),
(7318, 'Гран'),
(7319, 'при&raquo'),
(7320, 'старшеклассн'),
(7321, 'Исчезающ'),
(7322, 'точка&raquo'),
(7323, 'потрясающ'),
(7324, 'замечат'),
(7325, 'классных'),
(7326, 'любимых'),
(7327, 'автомобильных'),
(7328, 'Американск'),
(7329, 'граффити&raquo'),
(7330, 'кем'),
(7331, 'училис'),
(7332, 'реализ'),
(7333, 'мечт'),
(7334, 'аниматор'),
(7335, 'поступил'),
(7336, 'открывший'),
(7337, 'факультет'),
(7338, 'мультипликац'),
(7339, 'калифорнийск'),
(7340, 'искусств'),
(7341, 'преподавал'),
(7342, 'мультипликатор'),
(7343, 'однокурсн'),
(7344, 'Брэд'),
(7345, 'Берд'),
(7346, 'Тим'),
(7347, 'Бартон'),
(7348, 'учеб'),
(7349, 'дважд'),
(7350, 'выигрывал'),
(7351, 'престижну'),
(7352, 'студенческу'),
(7353, 'Student'),
(7354, 'Academy'),
(7355, 'Award'),
(7356, 'рекорд'),
(7357, 'никт'),
(7358, 'побил'),
(7359, 'расст'),
(7360, 'Креативн'),
(7361, 'второсортн'),
(7362, 'казалос'),
(7363, 'жажд'),
(7364, 'власт'),
(7365, 'однак'),
(7366, 'влас'),
(7367, 'совсем'),
(7368, 'привлекал'),
(7369, 'хотелос'),
(7370, 'дел'),
(7371, 'Однажд'),
(7372, 'попытал'),
(7373, 'обойт'),
(7374, 'перспектив'),
(7375, 'сделал'),
(7376, 'уволил'),
(7377, 'шок'),
(7378, 'боял'),
(7379, 'призн'),
(7380, 'говорил'),
(7381, 'ушел'),
(7382, '2004'),
(7383, '05'),
(7384, 'управлял'),
(7385, 'Эйснер'),
(7386, 'многим'),
(7387, 'разорвут'),
(7388, 'отношен'),
(7389, 'отразилос'),
(7390, 'Давайт'),
(7391, 'начн'),
(7392, 'сначал'),
(7393, 'договорилис'),
(7394, 'производств'),
(7395, 'игрушек&raquo'),
(7396, 'заинтересован'),
(7397, 'легендарной'),
(7398, 'владел'),
(7399, 'Диснейлендами&raquo'),
(7400, 'тематичес'),
(7401, 'лучшим'),
(7402, 'маркетолог'),
(7403, 'нашег'),
(7404, 'Изначал'),
(7405, 'договор'),
(7406, 'общественной'),
(7407, 'пересмотр'),
(7408, 'усл'),
(7409, 'втор'),
(7410, 'делил'),
(7411, 'попол'),
(7412, 'расход'),
(7413, 'доход'),
(7414, 'Шл'),
(7415, 'нашим'),
(7416, 'терпелос'),
(7417, 'сотрудничеств'),
(7418, 'органичным'),
(7419, 'заход'),
(7420, 'туп'),
(7421, 'хотел'),
(7422, 'предоставлял'),
(7423, 'ей'),
(7424, 'занималис'),
(7425, 'остальным'),
(7426, 'развив'),
(7427, 'са'),
(7428, 'разрыв'),
(7429, 'диснеевских'),
(7430, 'парк'),
(7431, 'развивал'),
(7432, 'наших'),
(7433, 'Боб'),
(7434, 'Игер'),
(7435, 'ценил'),
(7436, 'заменил'),
(7437, 'совет'),
(7438, 'подружилис'),
(7439, 'вскор'),
(7440, 'приобрел'),
(7441, 'мног'),
(7442, 'волновалис'),
(7443, 'будуще'),
(7444, 'Зат'),
(7445, 'обеих'),
(7446, 'возникл'),
(7447, 'уверенность'),
(7448, 'удалос'),
(7449, 'произвест'),
(7450, 'коммерчес'),
(7451, 'успеш'),
(7452, 'одновремен'),
(7453, 'развлекат'),
(7454, 'киностуд'),
(7455, 'интересну'),
(7456, 'прик'),
(7457, 'кресл'),
(7458, 'сеанс'),
(7459, 'наполн'),
(7460, 'привлекательн'),
(7461, 'запоминающим'),
(7462, 'отождествл'),
(7463, 'перенест'),
(7464, 'философ'),
(7465, 'прос'),
(7466, 'начинает'),
(7467, 'продолжен'),
(7468, 'долж'),
(7469, 'минимум'),
(7470, 'зачасту'),
(7471, 'оригинал'),
(7472, 'хотит'),
(7473, 'повтор'),
(7474, 'вас'),
(7475, 'обстоят'),
(7476, 'текучесть'),
(7477, 'кадр'),
(7478, 'удержив'),
(7479, 'переход'),
(7480, 'наоборот'),
(7481, 'шес'),
(7482, 'Существуют'),
(7483, 'всяческ'),
(7484, 'законодательн'),
(7485, 'устан'),
(7486, 'связанн'),
(7487, 'принадлежность'),
(7488, 'разным'),
(7489, 'профсоюз'),
(7490, 'работают'),
(7491, 'двоюродн'),
(7492, 'Художн'),
(7493, 'уважают'),
(7494, 'те'),
(7495, 'отвечают'),
(7496, 'взаимность'),
(7497, 'прият'),
(7498, 'привезт'),
(7499, 'Рапунцель&raquo'),
(7500, 'наблюд'),
(7501, 'восхищалис'),
(7502, 'практикуем'),
(7503, 'подоб'),
(7504, 'обмен'),
(7505, 'приводит'),
(7506, 'тесн'),
(7507, 'общен'),
(7508, 'нивелирован'),
(7509, 'разниц'),
(7510, 'вверенн'),
(7511, 'происходит'),
(7512, 'самом'),
(7513, 'похожим'),
(7514, 'ведомой'),
(7515, 'кинематографис'),
(7516, 'культур'),
(7517, 'привносят'),
(7518, 'делают'),
(7519, 'различн'),
(7520, 'характер'),
(7521, 'групп'),
(7522, 'случай'),
(7523, 'Диснеевц'),
(7524, 'сказал'),
(7525, 'привержен'),
(7526, 'наслед'),
(7527, 'Уол'),
(7528, 'Дисне'),
(7529, 'пиксаровц'),
(7530, 'любят'),
(7531, 'создавалас'),
(7532, 'практичес'),
(7533, 'их'),
(7534, 'глаз'),
(7535, 'Каку'),
(7536, 'водит'),
(7537, 'коллекционирует'),
(7538, 'женат'),
(7539, 'красавиц'),
(7540, 'жен'),
(7541, 'Нэнс'),
(7542, 'протяжен'),
(7543, 'двадцат'),
(7544, 'трех'),
(7545, 'однокомнатной'),
(7546, 'кварт'),
(7547, 'склад'),
(7548, 'тратил'),
(7549, 'деньг'),
(7550, 'коллекционных'),
(7551, 'Jaguar'),
(7552, '1952'),
(7553, 'XK120'),
(7554, 'необыкновен'),
(7555, 'изысканн'),
(7556, 'прекрас'),
(7557, 'сконструированной'),
(7558, 'забавн'),
(7559, 'Messersmith'),
(7560, '1964'),
(7561, 'называют'),
(7562, 'пузыр'),
(7563, 'маленьк'),
(7564, 'трехколес'),
(7565, 'таким'),
(7566, 'верх'),
(7567, 'аэроплан'),
(7568, 'котору'),
(7569, 'вож'),
(7570, 'Merсedes'),
(7571, 'Benz'),
(7572, 'SL55'),
(7573, 'AMG'),
(7574, 'спортивн'),
(7575, 'езж'),
(7576, 'кабриолет'),
(7577, 'живем'),
(7578, 'Калифорн'),
(7579, 'виноградной'),
(7580, 'долин'),
(7581, 'красив'),
(7582, 'езд'),
(7583, 'открытым'),
(7584, 'ездим'),
(7585, 'микроавтобус'),
(7586, 'Chrysler'),
(7587, 'пятер'),
(7588, 'маль'),
(7589, 'развож'),
(7590, 'моих'),
(7591, 'кружк'),
(7592, 'буд'),
(7593, 'пор'),
(7594, 'прав'),
(7595, 'сядет'),
(7596, 'рул'),
(7597, 'открывает'),
(7598, 'автомобильной'),
(7599, 'гонкой'),
(7600, 'Ток'),
(7601, 'провест'),
(7602, 'благотворительну'),
(7603, 'премьер'),
(7604, 'Япон'),
(7605, 'произошл'),
(7606, 'трагед'),
(7607, 'план'),
(7608, 'счет'),
(7609, 'подумаем'),
(7610, 'ssfsd'),
(7611, 'sad'),
(7612, 'sdfdsgfhrtq4'),
(7613, 'g54hyj'),
(7614, 'jkfh'),
(7615, 'kdra'),
(7616, 'aret'),
(7617, '456'),
(7618, 'n5ubb7'),
(7619, 'hfgdfgdf'),
(7620, 'вапв'),
(7621, 'ssfsdsad'),
(7622, 'vapv54'),
(7623, 'вавыавыаывфаыф'),
(7624, 'товаров!!!'),
(7625, 'dfgdfgdfgfgfg'),
(7626, 'jhjhjkh'),
(7627, 'тест'),
(7628, 'Ssdfd'),
(7629, 'ааывавыф'),
(7630, 'всякой'),
(7631, 'предисл'),
(7632, 'последня'),
(7633, 'служит'),
(7634, 'объяснением'),
(7635, 'цел'),
(7636, 'сочинен'),
(7637, 'оправданием'),
(7638, 'обыкновен'),
(7639, 'читател'),
(7640, 'нравственной'),
(7641, 'журнальных'),
(7642, 'напад'),
(7643, 'читают'),
(7644, 'жал'),
(7645, 'публ'),
(7646, 'молод'),
(7647, 'простодушн'),
(7648, 'понимает'),
(7649, 'басн'),
(7650, 'нравоучен'),
(7651, 'угадывает'),
(7652, 'шут'),
(7653, 'чувствует'),
(7654, 'ирон'),
(7655, 'дур'),
(7656, 'воспитан'),
(7657, 'порядочн'),
(7658, 'обществ'),
(7659, 'порядочной'),
(7660, 'явн'),
(7661, 'бран'),
(7662, 'мес'),
(7663, 'современн'),
(7664, 'образованнос'),
(7665, 'изобрел'),
(7666, 'оруд'),
(7667, 'остр'),
(7668, 'невидим'),
(7669, 'мене'),
(7670, 'смертельн'),
(7671, 'одеждо'),
(7672, 'лест'),
(7673, 'наносит'),
(7674, 'неотразим'),
(7675, 'вер'),
(7676, 'удар'),
(7677, 'похож'),
(7678, 'провинциал'),
(7679, 'подслушав'),
(7680, 'разговор'),
(7681, 'дипломат'),
(7682, 'принадлежащих'),
(7683, 'враждебным'),
(7684, 'двор'),
(7685, 'остал'),
(7686, 'уверен'),
(7687, 'обманывает'),
(7688, 'правительств'),
(7689, 'польз'),
(7690, 'взаимной'),
(7691, 'нежнейш'),
(7692, 'дружб'),
(7693, 'испытал'),
(7694, 'несчастну'),
(7695, 'доверчивос'),
(7696, 'некоторых'),
(7697, 'журнал'),
(7698, 'буквальном'),
(7699, 'значен'),
(7700, 'Ин'),
(7701, 'ужас'),
(7702, 'обиделис'),
(7703, 'ставят'),
(7704, 'пример'),
(7705, 'безнравственн'),
(7706, 'Герой'),
(7707, 'тонк'),
(7708, 'замечал'),
(7709, 'сочинител'),
(7710, 'нарисовал'),
(7711, 'портрет'),
(7712, 'знакомых…'),
(7713, 'Стар'),
(7714, 'жалк'),
(7715, 'шутка!'),
(7716, 'Рус'),
(7717, 'сотворен'),
(7718, 'ней'),
(7719, 'обновляет'),
(7720, 'кром'),
(7721, 'подобных'),
(7722, 'нелепост'),
(7723, 'волшебн'),
(7724, 'волшебных'),
(7725, 'едв'),
(7726, 'избегнет'),
(7727, 'упр'),
(7728, 'покушен'),
(7729, 'оскорблен'),
(7730, 'личности!'),
(7731, 'милостив'),
(7732, 'государ'),
(7733, 'составл'),
(7734, 'поколен'),
(7735, 'оп'),
(7736, 'скажет'),
(7737, 'дурен'),
(7738, 'ежел'),
(7739, 'верил'),
(7740, 'возможност'),
(7741, 'трагических'),
(7742, 'романтических'),
(7743, 'злоде'),
(7744, 'отчег'),
(7745, 'верует'),
(7746, 'действительнос'),
(7747, 'Печорин'),
(7748, 'любовалис'),
(7749, 'вымысл'),
(7750, 'горазд'),
(7751, 'ужасн'),
(7752, 'уродлив'),
(7753, 'вымысел'),
(7754, 'пощад'),
(7755, 'отт'),
(7756, 'нежел'),
(7757, 'желал'),
(7758, 'нравственнос'),
(7759, 'выигрывает'),
(7760, 'Извинит'),
(7761, 'Довол'),
(7762, 'кормил'),
(7763, 'сласт'),
(7764, 'испортил'),
(7765, 'желуд'),
(7766, 'горьк'),
(7767, 'едк'),
(7768, 'истин'),
(7769, 'думайт'),
(7770, 'имел'),
(7771, 'нибуд'),
(7772, 'горду'),
(7773, 'исправителем'),
(7774, 'людских'),
(7775, 'Бож'),
(7776, 'избав'),
(7777, 'невежества!'),
(7778, 'весел'),
(7779, 'рис'),
(7780, 'каким'),
(7781, 'несчасть'),
(7782, 'слишк'),
(7783, 'встречал'),
(7784, 'указан'),
(7785, 'изле'),
(7786, '—'),
(7787, 'знает!'),
(7788, 'jpg'),
(7789, 'assdfas'),
(7790, 'asdfasd'),
(7791, '1234'),
(7792, '43546'),
(7793, 'asdfaszcvzx'),
(7794, 'iop'),
(7795, 'asdf'),
(7796, 'oipoijkkljjoijoijlk'),
(7797, 'ехал'),
(7798, 'перекладных'),
(7799, 'Тифлис'),
(7800, 'поклаж'),
(7801, 'тележ'),
(7802, 'состоял'),
(7803, 'чемодан'),
(7804, 'половин'),
(7805, 'набит'),
(7806, 'пут'),
(7807, 'Груз'),
(7808, 'потерян'),
(7809, 'счасть'),
(7810, 'солнц'),
(7811, 'начинал'),
(7812, 'прят'),
(7813, 'снеговой'),
(7814, 'хребет'),
(7815, 'въехал'),
(7816, 'Койшаурску'),
(7817, 'Осетин'),
(7818, 'извоз'),
(7819, 'неутомим'),
(7820, 'погонял'),
(7821, 'лошад'),
(7822, 'усп'),
(7823, 'взобр'),
(7824, 'горл'),
(7825, 'распевал'),
(7826, 'Славн'),
(7827, 'долина!'),
(7828, 'неприступн'),
(7829, 'красноват'),
(7830, 'скал'),
(7831, 'обвешанн'),
(7832, 'зеленым'),
(7833, 'плющ'),
(7834, 'увенчанн'),
(7835, 'куп'),
(7836, 'чинар'),
(7837, 'желт'),
(7838, 'обрыв'),
(7839, 'исчерченн'),
(7840, 'промоин'),
(7841, 'высок'),
(7842, 'золот'),
(7843, 'бахром'),
(7844, 'снег'),
(7845, 'вниз'),
(7846, 'Арагв'),
(7847, 'обнявшис'),
(7848, 'безыменной'),
(7849, 'речкой'),
(7850, 'шум'),
(7851, 'вырывающей'),
(7852, 'черн'),
(7853, 'мгло'),
(7854, 'ущел'),
(7855, 'тянет'),
(7856, 'серебряно'),
(7857, 'нить'),
(7858, 'сверкает'),
(7859, 'зме'),
(7860, 'свое'),
(7861, 'чешуе'),
(7862, ' Подъехав'),
(7863, 'подошв'),
(7864, 'Койшаурской'),
(7865, 'остановилис'),
(7866, 'возл'),
(7867, 'духан'),
(7868, 'толпилос'),
(7869, 'грузин'),
(7870, 'горц'),
(7871, 'поблизост'),
(7872, 'караван'),
(7873, 'верблюд'),
(7874, 'остановил'),
(7875, 'ночлег'),
(7876, 'должен'),
(7877, 'нан'),
(7878, 'бык'),
(7879, 'втащ'),
(7880, 'тележк'),
(7881, 'прокляту'),
(7882, 'осен'),
(7883, 'гололедиц'),
(7884, 'верст'),
(7885, 'длин'),
(7886, 'Нечег'),
(7887, 'нанял'),
(7888, 'нескольких'),
(7889, 'взвалил'),
(7890, 'пле'),
(7891, 'помог'),
(7892, 'мое'),
(7893, 'тележко'),
(7894, 'четвер'),
(7895, 'тащил'),
(7896, 'другу'),
(7897, 'бывал'),
(7898, 'доверх'),
(7899, 'накладен'),
(7900, 'удивил'),
(7901, 'шел'),
(7902, 'хозяин'),
(7903, 'покурив'),
(7904, 'маленькой'),
(7905, 'кабардинской'),
(7906, 'трубо'),
(7907, 'обделанной'),
(7908, 'серебр'),
(7909, 'офицерск'),
(7910, 'сюртук'),
(7911, 'эполет'),
(7912, 'черкесск'),
(7913, 'мохнат'),
(7914, 'шап'),
(7915, 'казал'),
(7916, 'пятидесят'),
(7917, 'смугл'),
(7918, 'показывал'),
(7919, 'знаком'),
(7920, 'закавказским'),
(7921, 'солнцем'),
(7922, 'преждевремен'),
(7923, 'поседевш'),
(7924, 'ус'),
(7925, 'соответствовал'),
(7926, 'твердой'),
(7927, 'походк'),
(7928, 'бодром'),
(7929, 'подошел'),
(7930, 'поклонил'),
(7931, 'отвечал'),
(7932, 'пустил'),
(7933, 'огр'),
(7934, 'клуб'),
(7935, 'дым'),
(7936, ' —'),
(7937, 'попут'),
(7938, ' Он'),
(7939, 'едет'),
(7940, 'Ставропол'),
(7941, 'точно…'),
(7942, 'казенн'),
(7943, 'тяжелу'),
(7944, 'тащат'),
(7945, 'пусту'),
(7946, 'скот'),
(7947, 'подвигают'),
(7948, 'помощь'),
(7949, 'этих'),
(7950, 'лукав'),
(7951, 'улыбнул'),
(7952, 'взглянул'),
(7953, 'Кавказ'),
(7954, 'с!'),
(7955, 'бест'),
(7956, 'азиаты!'),
(7957, 'думает'),
(7958, 'помогают'),
(7959, 'кричат'),
(7960, 'черт'),
(7961, 'разберет'),
(7962, 'понимают'),
(7963, 'запрягит'),
(7964, 'двадц'),
(7965, 'кол'),
(7966, 'крикнут'),
(7967, 'места…'),
(7968, 'плуты!'),
(7969, 'возьмеш'),
(7970, 'др'),
(7971, 'проезжающих…'),
(7972, 'Избаловал'),
(7973, 'мошенников!'),
(7974, 'Увидит'),
(7975, 'возьмут'),
(7976, 'водк'),
(7977, 'проведут!'),
(7978, 'служил'),
(7979, 'Петров'),
(7980, 'приосанившис'),
(7981, 'приехал'),
(7982, 'подпору'),
(7983, 'прибавил'),
(7984, 'получил'),
(7985, 'чин'),
(7986, 'против'),
(7987, 'считаюс'),
(7988, 'линейн'),
(7989, 'батальон'),
(7990, 'сме'),
(7991, 'спрос'),
(7992, 'кончил'),
(7993, 'идт'),
(7994, 'подл'),
(7995, 'вершин'),
(7996, 'закатилос'),
(7997, 'последовал'),
(7998, 'днем'),
(7999, 'промежут'),
(8000, 'бывает'),
(8001, 'юг'),
(8002, 'отлив'),
(8003, 'разл'),
(8004, 'хот'),
(8005, 'велел'),
(8006, 'полож'),
(8007, 'замен'),
(8008, 'оглянул'),
(8009, 'густой'),
(8010, 'туман'),
(8011, 'нахлынувш'),
(8012, 'волн'),
(8013, 'покрывал'),
(8014, 'совершен'),
(8015, 'ед'),
(8016, 'звук'),
(8017, 'долетал'),
(8018, 'слух'),
(8019, 'обступил'),
(8020, 'требовал'),
(8021, 'штабс'),
(8022, 'капитан'),
(8023, 'гроз'),
(8024, 'прикрикнул'),
(8025, 'вмиг'),
(8026, 'разбежалис'),
(8027, 'этак'),
(8028, 'народ!'),
(8029, 'хлеб'),
(8030, 'русс'),
(8031, 'назв'),
(8032, 'выучил'),
(8033, 'Офицер'),
(8034, 'дай'),
(8035, 'водку!'),
(8036, 'татар'),
(8037, 'непьющ'),
(8038, ' Д'),
(8039, 'станц'),
(8040, 'оставалос'),
(8041, 'тих'),
(8042, 'жужжан'),
(8043, 'комар'),
(8044, 'след'),
(8045, 'полет'),
(8046, 'чернел'),
(8047, 'вперед'),
(8048, 'син'),
(8049, 'изрыт'),
(8050, 'морщин');
INSERT INTO `bagira_search_words` (`w_id`, `w_name`) VALUES
(8051, 'покрыт'),
(8052, 'рисовалис'),
(8053, 'бледн'),
(8054, 'небосклон'),
(8055, 'сохранявшем'),
(8056, 'отблеск'),
(8057, 'зар'),
(8058, 'темн'),
(8059, 'неб'),
(8060, 'мельк'),
(8061, 'показалос'),
(8062, 'выш'),
(8063, 'север'),
(8064, 'обеим'),
(8065, 'торчал'),
(8066, 'камн'),
(8067, 'кой'),
(8068, 'выглядывал'),
(8069, 'кустарн'),
(8070, 'сухой'),
(8071, 'лист'),
(8072, 'шевелил'),
(8073, 'слыш'),
(8074, 'мертв'),
(8075, 'природ'),
(8076, 'фыркан'),
(8077, 'усталой'),
(8078, 'почтовой'),
(8079, 'трой'),
(8080, 'неровн'),
(8081, 'побрякиван'),
(8082, 'колоколь'),
(8083, 'Завтр'),
(8084, 'погода!'),
(8085, 'указал'),
(8086, 'пальцем'),
(8087, 'высоку'),
(8088, 'поднимавшу'),
(8089, 'спросил'),
(8090, 'Гуд'),
(8091, 'Посмотрит'),
(8092, 'курит'),
(8093, 'курилас'),
(8094, 'бок'),
(8095, 'ползал'),
(8096, 'струй'),
(8097, 'облак'),
(8098, 'лежал'),
(8099, 'казалас'),
(8100, 'пятн'),
(8101, ' Уж'),
(8102, 'различал'),
(8103, 'почтову'),
(8104, 'кровл'),
(8105, 'окружающих'),
(8106, 'сакл'),
(8107, 'мелькал'),
(8108, 'приветн'),
(8109, 'огон'),
(8110, 'пахнул'),
(8111, 'сырой'),
(8112, 'ветер'),
(8113, 'загудел'),
(8114, 'пошел'),
(8115, 'дожд'),
(8116, 'успел'),
(8117, 'накин'),
(8118, 'бурк'),
(8119, 'повалил'),
(8120, 'благоговением'),
(8121, 'посмотрел'),
(8122, 'Нам'),
(8123, 'придет'),
(8124, 'ноч'),
(8125, 'досадо'),
(8126, 'таку'),
(8127, 'метел'),
(8128, 'переедеш'),
(8129, 'ль'),
(8130, 'обвал'),
(8131, 'Крестовой'),
(8132, 'господин'),
(8133, 'висит'),
(8134, 'неимением'),
(8135, 'комнат'),
(8136, 'проезжающих'),
(8137, 'отвел'),
(8138, 'дымной'),
(8139, 'своег'),
(8140, 'спутн'),
(8141, 'вып'),
(8142, 'стакан'),
(8143, 'ча'),
(8144, 'иб'),
(8145, 'мной'),
(8146, 'чугун'),
(8147, 'чайн'),
(8148, 'единственн'),
(8149, 'отрад'),
(8150, 'путешеств'),
(8151, ' Сакл'),
(8152, 'прилеплен'),
(8153, 'скользк'),
(8154, 'мокр'),
(8155, 'ступен'),
(8156, 'вел'),
(8157, 'двер'),
(8158, 'Ощупь'),
(8159, 'вошел'),
(8160, 'наткнул'),
(8161, 'кор'),
(8162, 'хл'),
(8163, 'заменяет'),
(8164, 'лакейску'),
(8165, 'куд'),
(8166, 'блеют'),
(8167, 'овц'),
(8168, 'ворчит'),
(8169, 'соб'),
(8170, 'блеснул'),
(8171, 'тускл'),
(8172, 'отверст'),
(8173, 'наподоб'),
(8174, 'открылас'),
(8175, 'занимательн'),
(8176, 'широк'),
(8177, 'крыш'),
(8178, 'опиралас'),
(8179, 'закопченн'),
(8180, 'столб'),
(8181, 'Посередин'),
(8182, 'трещал'),
(8183, 'огонек'),
(8184, 'разлож'),
(8185, 'земл'),
(8186, 'выталкиваем'),
(8187, 'обрат'),
(8188, 'расстилал'),
(8189, 'вокруг'),
(8190, 'пелено'),
(8191, 'мог'),
(8192, 'осмотр'),
(8193, 'огн'),
(8194, 'старух'),
(8195, 'множеств'),
(8196, 'худощав'),
(8197, 'лохм'),
(8198, 'приютилис'),
(8199, 'закурил'),
(8200, 'труб'),
(8201, 'скор'),
(8202, 'зашипел'),
(8203, 'приветлив'),
(8204, 'люди!'),
(8205, 'указыв'),
(8206, 'грязных'),
(8207, 'хозя'),
(8208, 'остолбенен'),
(8209, 'Преглуп'),
(8210, 'Поверит'),
(8211, 'ничег'),
(8212, 'умеют'),
(8213, 'способн'),
(8214, 'каком'),
(8215, 'образованию!'),
(8216, 'мер'),
(8217, 'кабардинц'),
(8218, 'чеченц'),
(8219, 'разбойн'),
(8220, 'голыш'),
(8221, 'отчаянн'),
(8222, 'баш'),
(8223, 'оруж'),
(8224, 'никакой'),
(8225, 'охот'),
(8226, 'кинжал'),
(8227, 'увидиш'),
(8228, 'подлин'),
(8229, 'осетины!—'),
(8230, 'Чечн'),
(8231, 'дес'),
(8232, 'крепост'),
(8233, 'рото'),
(8234, 'Каменн'),
(8235, 'Брод'),
(8236, 'Слыхал'),
(8237, 'батюш'),
(8238, 'надоел'),
(8239, 'головорез'),
(8240, 'нын'),
(8241, 'слав'),
(8242, 'смирне'),
(8243, 'шаг'),
(8244, 'отойдеш'),
(8245, 'вал'),
(8246, 'космат'),
(8247, 'дьявол'),
(8248, 'караулит'),
(8249, 'чу'),
(8250, 'зазевал'),
(8251, 'гляд'),
(8252, 'либ'),
(8253, 'аркан'),
(8254, 'ше'),
(8255, 'пул'),
(8256, 'затылк'),
(8257, 'молодцы!'),
(8258, 'чай'),
(8259, 'приключен'),
(8260, 'подстрекаем'),
(8261, 'любопытств'),
(8262, 'бывать!'),
(8263, 'бывало…'),
(8264, 'начал'),
(8265, 'щип'),
(8266, 'лев'),
(8267, 'повесил'),
(8268, 'призадумал'),
(8269, 'стр'),
(8270, 'вытян'),
(8271, 'историйк'),
(8272, 'желан'),
(8273, 'свойственн'),
(8274, 'путешествующим'),
(8275, 'записывающим'),
(8276, 'поспел'),
(8277, 'вытащил'),
(8278, 'походных'),
(8279, 'налил'),
(8280, 'поставил'),
(8281, 'отхлебнул'),
(8282, 'бывало!'),
(8283, 'восклицан'),
(8284, 'подал'),
(8285, 'надежд'),
(8286, 'кавказц'),
(8287, 'поговор'),
(8288, 'порассказ'),
(8289, 'редк'),
(8290, 'удает'),
(8291, 'захолуст'),
(8292, 'ротой'),
(8293, 'здравствуйт'),
(8294, 'фельдфебел'),
(8295, 'здрав'),
(8296, 'жела'),
(8297, 'поболт'),
(8298, 'любопыт'),
(8299, 'опаснос'),
(8300, 'слу'),
(8301, 'бывают'),
(8302, 'чудн'),
(8303, 'поневол'),
(8304, 'пожалееш'),
(8305, 'записывают'),
(8306, 'iop2'),
(8307, '12313'),
(8308, 'asdfasdfasdf'),
(8309, 'asdfasdf'),
(8310, 'iasdjfpioajsdfklhasdlkf'),
(8311, 'asodf'),
(8312, 'jasdif'),
(8313, 'jals'),
(8314, 'dkf'),
(8315, 'djflkashdiadso'),
(8316, 'fjaew'),
(8317, 'ldkfjlaks'),
(8318, 'djfoiqwe'),
(8319, 'asd'),
(8320, 'jkf'),
(8321, 'asdijfp'),
(8322, 'oqiwje'),
(8323, 'rqw'),
(8324, 'ads'),
(8325, 'fhiudshp'),
(8326, 'ifqwej'),
(8327, 'lksadf'),
(8328, 'fkjhaslkdj'),
(8329, 'fas'),
(8330, 'fasd'),
(8331, 'fqew'),
(8332, 'rqwef'),
(8333, '123123123'),
(8334, 'dsfqw'),
(8335, '234'),
(8336, 'oooooooooooooppppppppaaaaaaa'),
(8337, '231'),
(8338, 'фыолв'),
(8339, 'радлфыв'),
(8340, 'фыщшв'),
(8341, 'ощшфыв'),
(8342, 'флыоврал'),
(8343, 'фыв'),
(8344, 'флывоад'),
(8345, 'лфыв'),
(8346, 'фывла'),
(8347, 'лдфыв'),
(8348, 'фывл'),
(8349, 'фылв'),
(8350, 'ролфыв'),
(8351, 'офлырваол'),
(8352, 'фоырв'),
(8353, 'алорфолыв'),
(8354, 'аы'),
(8355, 'флоывр'),
(8356, 'алофыв'),
(8357, 'алдофыв'),
(8358, 'алолфыв'),
(8359, 'флоыв'),
(8360, 'рлофыв'),
(8361, '123'),
(8362, 'ывфаыв'),
(8363, 'првиет'),
(8364, 'ысывапыв'),
(8365, 'коп'),
(8366, 'беременн'),
(8367, ' Очередн'),
(8368, 'Хекс'),
(8369, 'Трансформер'),
(8370, 'де'),
(8371, 'беременной'),
(8372, 'Грэм'),
(8373, 'автом'),
(8374, 'I’m'),
(8375, 'это!'),
(8376, 'конюшн'),
(8377, 'файл'),
(8378, 'затаилис'),
(8379, 'девиц'),
(8380, 'копеечк'),
(8381, 'пока…'),
(8382, 'сюжет'),
(8383, 'V–образ'),
(8384, 'жизнь!'),
(8385, 'образования…'),
(8386, 'venezia'),
(8387, 'fashion'),
(8388, 'png');

-- --------------------------------------------------------

--
-- Структура таблицы `bagira_tags`
--

CREATE TABLE IF NOT EXISTS `bagira_tags` (
  `t_id` int(11) NOT NULL AUTO_INCREMENT,
  `t_name` varchar(100) NOT NULL,
  `t_count` int(11) NOT NULL,
  PRIMARY KEY (`t_id`)
) ENGINE=InnoDB  DEFAULT CHARSET=cp1251 AUTO_INCREMENT=26 ;

--
-- Дамп данных таблицы `bagira_tags`
--

INSERT INTO `bagira_tags` (`t_id`, `t_name`, `t_count`) VALUES
(1, 'Джудда Апатоу', 2),
(2, 'Пола Радда', 2),
(3, 'Немножко беременна', 3),
(4, 'блинчики', 5),
(5, 'Москва', 3),
(6, '35 ММ', 3),
(7, 'Pixar', 1),
(8, 'Disney', 1),
(9, 'Джон Лассеттер', 1),
(10, 'Виктор Гинзбург', 1),
(11, 'Generation П', 1),
(12, 'школа', 2),
(13, 'США', 4),
(14, 'выпускной', 2),
(15, 'Музыкальный автомат', 2),
(16, 'Библиотека Конгресса', 2),
(17, 'Windows Phone', 1),
(18, 'iPhone', 1),
(19, 'WP7', 1),
(20, 'выа', 1),
(21, 'ываыва', 1),
(22, 'фы', 1),
(23, 'авппп', 1),
(24, 'ыва', 1),
(25, 'апва', 1);

-- --------------------------------------------------------

--
-- Структура таблицы `bagira_tags_rels`
--

CREATE TABLE IF NOT EXISTS `bagira_tags_rels` (
  `tr_tag_id` int(11) NOT NULL,
  `tr_obj_id` int(11) NOT NULL,
  KEY `tr_obj_id` (`tr_obj_id`),
  KEY `tr_tag_id` (`tr_tag_id`)
) ENGINE=InnoDB DEFAULT CHARSET=cp1251;

--
-- Дамп данных таблицы `bagira_tags_rels`
--

INSERT INTO `bagira_tags_rels` (`tr_tag_id`, `tr_obj_id`) VALUES
(4, 1581),
(5, 1581),
(6, 1581),
(1, 1579),
(2, 1579),
(3, 1579),
(4, 1579),
(7, 1766),
(8, 1766),
(9, 1766),
(10, 1763),
(11, 1763),
(12, 1764),
(13, 1764),
(14, 1764),
(17, 1611),
(18, 1611),
(19, 1611),
(13, 1765),
(15, 1765),
(16, 1765);

-- --------------------------------------------------------

--
-- Структура таблицы `bagira_template`
--

CREATE TABLE IF NOT EXISTS `bagira_template` (
  `t_id` int(11) NOT NULL AUTO_INCREMENT,
  `t_name` varchar(50) NOT NULL,
  `t_file` varchar(255) DEFAULT NULL,
  `t_type` tinyint(1) DEFAULT '0',
  `t_lang_id` int(11) NOT NULL,
  `t_domain_id` int(11) NOT NULL,
  PRIMARY KEY (`t_id`),
  KEY `t_domain_id` (`t_domain_id`),
  KEY `t_lang_id` (`t_lang_id`)
) ENGINE=InnoDB  DEFAULT CHARSET=cp1251 AUTO_INCREMENT=47 ;

--
-- Дамп данных таблицы `bagira_template`
--

INSERT INTO `bagira_template` (`t_id`, `t_name`, `t_file`, `t_type`, `t_lang_id`, `t_domain_id`) VALUES
(1, 'Стандартный', 'default', 0, 1, 1),
(20, 'Основной шаблон', 'default', 1, 1, 1),
(21, 'Домашняя', 'home', 0, 1, 1),
(22, 'Новости', 'news', 1, 1, 1),
(34, 'Вопрос - Ответ', 'faq', 1, 1, 1),
(36, 'Каталог товаров', 'catalog', 1, 1, 1),
(39, 'Контакты', 'contacts', 0, 1, 1),
(40, 'Фотогалерея', 'photogallery', 0, 1, 1),
(41, 'Фотогалерея', 'photogallery', 1, 1, 1),
(42, 'Фотоальбом', 'photoalbum', 1, 1, 1),
(43, 'Фотоальбом', 'photoalbum', 0, 1, 1),
(44, 'Пользователи', 'users', 0, 1, 1),
(45, 'Каталог', 'catalog', 0, 1, 1),
(46, 'Аналитика', 'analitic', 1, 1, 1);

-- --------------------------------------------------------

--
-- Структура таблицы `bagira___answer`
--

CREATE TABLE IF NOT EXISTS `bagira___answer` (
  `obj_id` int(11) NOT NULL,
  `count` int(11) NOT NULL,
  KEY `bagira___answer_fk_obj_id` (`obj_id`)
) ENGINE=InnoDB DEFAULT CHARSET=cp1251;

--
-- Дамп данных таблицы `bagira___answer`
--

INSERT INTO `bagira___answer` (`obj_id`, `count`) VALUES
(393, 0),
(394, 0),
(1573, 4),
(1574, 20),
(1575, 36),
(1576, 6),
(1577, 16);

-- --------------------------------------------------------

--
-- Структура таблицы `bagira___category`
--

CREATE TABLE IF NOT EXISTS `bagira___category` (
  `obj_id` int(11) NOT NULL,
  `image` varchar(255) NOT NULL,
  `addto` tinyint(1) NOT NULL,
  KEY `bagira___category_fk_obj_id` (`obj_id`)
) ENGINE=InnoDB DEFAULT CHARSET=cp1251;

--
-- Дамп данных таблицы `bagira___category`
--

INSERT INTO `bagira___category` (`obj_id`, `image`, `addto`) VALUES
(345, '', 0),
(346, '/upload/image/1128797_resized250.jpg', 1),
(347, '/upload/image/1126736_4_resized800.jpg', 1),
(348, '/upload/image/1128842_resized250.jpg', 1),
(1624, '', 0),
(1625, '', 1),
(1626, '', 1),
(1627, '', 1);

-- --------------------------------------------------------

--
-- Структура таблицы `bagira___category_faq`
--

CREATE TABLE IF NOT EXISTS `bagira___category_faq` (
  `obj_id` int(11) NOT NULL,
  `image` varchar(255) NOT NULL,
  `addto` tinyint(1) NOT NULL,
  KEY `bagira___category_faq_fk_obj_id` (`obj_id`)
) ENGINE=InnoDB DEFAULT CHARSET=cp1251;

--
-- Дамп данных таблицы `bagira___category_faq`
--

INSERT INTO `bagira___category_faq` (`obj_id`, `image`, `addto`) VALUES
(350, '', 1);

-- --------------------------------------------------------

--
-- Структура таблицы `bagira___category_review`
--

CREATE TABLE IF NOT EXISTS `bagira___category_review` (
  `obj_id` int(11) NOT NULL,
  `image` varchar(255) NOT NULL,
  `addto` tinyint(1) NOT NULL,
  KEY `bagira___category_review_fk_obj_id` (`obj_id`)
) ENGINE=InnoDB DEFAULT CHARSET=cp1251;

-- --------------------------------------------------------

--
-- Структура таблицы `bagira___eshop_delivery_method`
--

CREATE TABLE IF NOT EXISTS `bagira___eshop_delivery_method` (
  `obj_id` int(11) NOT NULL,
  `notice` text NOT NULL,
  `price` float(11,2) NOT NULL,
  KEY `bagira___delivery_method_fk_obj_id` (`obj_id`)
) ENGINE=InnoDB DEFAULT CHARSET=cp1251;

--
-- Дамп данных таблицы `bagira___eshop_delivery_method`
--

INSERT INTO `bagira___eshop_delivery_method` (`obj_id`, `notice`, `price`) VALUES
(1670, '', 0.00),
(1671, '', 800.00);

-- --------------------------------------------------------

--
-- Структура таблицы `bagira___eshop_goods`
--

CREATE TABLE IF NOT EXISTS `bagira___eshop_goods` (
  `obj_id` int(11) NOT NULL,
  `count` int(11) NOT NULL,
  `cost` float(11,2) NOT NULL,
  `goods_id` int(11) NOT NULL,
  KEY `bagira___eshop_goods_fk_obj_id` (`obj_id`)
) ENGINE=InnoDB DEFAULT CHARSET=cp1251;

--
-- Дамп данных таблицы `bagira___eshop_goods`
--

INSERT INTO `bagira___eshop_goods` (`obj_id`, `count`, `cost`, `goods_id`) VALUES
(1686, 1, 32100.00, 1629),
(1687, 2, 5430.00, 1628),
(1694, 1, 32120.00, 1630),
(1695, 1, 5430.00, 1628),
(1697, 1, 32120.00, 1630),
(1698, 1, 5430.00, 1628),
(1700, 1, 32120.00, 1630),
(1704, 3, 340.00, 1635),
(1705, 4, 5430.00, 1628),
(1707, 34, 3200.00, 1638),
(1708, 1, 7800.00, 1648),
(1709, 5, 4300.00, 1637),
(1759, 1, 5430.30, 1628);

-- --------------------------------------------------------

--
-- Структура таблицы `bagira___eshop_order`
--

CREATE TABLE IF NOT EXISTS `bagira___eshop_order` (
  `obj_id` int(11) NOT NULL,
  `date` datetime NOT NULL,
  `email` varchar(255) NOT NULL,
  `notice` text NOT NULL,
  `payment_date` datetime NOT NULL,
  `delivery_name` varchar(255) NOT NULL,
  `delivery_surname` varchar(255) NOT NULL,
  `delivery_phone` varchar(255) NOT NULL,
  `delivery_address` text NOT NULL,
  `delivery_notice` text NOT NULL,
  `payment_cost` float(11,2) NOT NULL,
  `is_payment` tinyint(1) NOT NULL,
  KEY `bagira___order_fk_obj_id` (`obj_id`)
) ENGINE=InnoDB DEFAULT CHARSET=cp1251;

--
-- Дамп данных таблицы `bagira___eshop_order`
--

INSERT INTO `bagira___eshop_order` (`obj_id`, `date`, `email`, `notice`, `payment_date`, `delivery_name`, `delivery_surname`, `delivery_phone`, `delivery_address`, `delivery_notice`, `payment_cost`, `is_payment`) VALUES
(1685, '2011-05-04 03:10:48', 'test@test.ru', '', '0000-00-00 00:00:00', 'Иван', 'Иванов', '3234567', '345678', '5654654b 5yhrh tr ebtbgv4t5f5gv', 0.00, 0),
(1693, '2011-05-05 07:24:06', 'test@test.ru', '', '0000-00-00 00:00:00', 'Иван', 'Иванов', 'adfadsf', 'sdafds', 'adsfdsafdsf', 0.00, 0),
(1696, '2011-05-05 07:24:42', 'test@test.ru', '', '0000-00-00 00:00:00', 'Иван', 'Иванов', 'adfadsf', 'sdafds', 'adsfdsafdsf', 0.00, 0),
(1699, '2011-05-05 07:26:38', 'test@test.ru', '', '0000-00-00 00:00:00', 'Иван', 'Иванов', 'fdgdf', 'dfgfdg', 'dfgdfgsdfg', 0.00, 0),
(1703, '2011-05-05 07:39:37', 'test@test.ru', '', '0000-00-00 00:00:00', 'Иван', 'Иванов', 'ewrew', 'rewrew', 'rewrewr', 0.00, 1),
(1706, '2011-05-05 07:43:34', 'test@test.ru', 'ывффафывав', '0000-00-00 00:00:00', 'Иван5', 'Иванов5', 'ergret5', 'reter352 4мпмпа4', 'erterter5', 0.00, 1),
(1758, '2011-06-21 16:20:57', 'test@test.ru', '', '0000-00-00 00:00:00', 'Иван', 'Иванов', 'ываыв', 'ыавыа', 'выаыв', 0.00, 0);

-- --------------------------------------------------------

--
-- Структура таблицы `bagira___eshop_payment_method`
--

CREATE TABLE IF NOT EXISTS `bagira___eshop_payment_method` (
  `obj_id` int(11) NOT NULL,
  `notice` text NOT NULL,
  KEY `bagira___eshop_payment_method_fk_obj_id` (`obj_id`)
) ENGINE=InnoDB DEFAULT CHARSET=cp1251;

--
-- Дамп данных таблицы `bagira___eshop_payment_method`
--

INSERT INTO `bagira___eshop_payment_method` (`obj_id`, `notice`) VALUES
(1678, ''),
(1679, ''),
(1680, ''),
(1681, '');

-- --------------------------------------------------------

--
-- Структура таблицы `bagira___eshop_status`
--

CREATE TABLE IF NOT EXISTS `bagira___eshop_status` (
  `obj_id` int(11) NOT NULL,
  `email_title` varchar(255) NOT NULL,
  `email_msg` longtext NOT NULL,
  `info` tinyint(1) NOT NULL,
  `notice` text NOT NULL,
  `number` int(11) NOT NULL,
  `is_delete` tinyint(1) NOT NULL,
  KEY `bagira___eshop_status_fk_obj_id` (`obj_id`)
) ENGINE=InnoDB DEFAULT CHARSET=cp1251;

--
-- Дамп данных таблицы `bagira___eshop_status`
--

INSERT INTO `bagira___eshop_status` (`obj_id`, `email_title`, `email_msg`, `info`, `notice`, `number`, `is_delete`) VALUES
(1664, 'Информация о заказе', '<p>\r\n	Добрый день, {username}!</p>\r\n<p>\r\n	Вы сделали заказ на нашем сайте следующих товаров:</p>\r\n<p>\r\n	{goods_list}</p>\r\n<p>\r\n	Вашему заказу присвоен номер <a href="/eshop/order-list/{order.id}" target="_blank">{order.number}</a>, общая стоимость заказа {order.cost} рублей.</p>\r\n<p>\r\n	&nbsp;</p>\r\n<p>\r\n	<strong>Информация о доставке:</strong></p>\r\n<p>\r\n	Получатель: {order.surname} {order.name} &nbsp;<br />\r\n	Телефон: {order.phone}&nbsp;<br />\r\n	Адрес: {order.address}<br />\r\n	Способ доставки: {order.delivery}<br />\r\n	Стоимость доставки: {order.delivery_price}&nbsp;</p>\r\n<p>\r\n	--<br />\r\n	Спасибо!</p>\r\n', 1, 'Статус сразу после заказа.', 1, 1),
(1666, 'Информаци о заказе', '<p>\r\n	Добрый день, {username}!</p>\r\n<p>\r\n	Сообщаем вам что вашему заказу под номером <a href="/eshop/order-list/{order.id}" target="_blank">{order.number}</a>, присвоен статус &quot;Проверка&quot;.</p>\r\n<p>\r\n	&nbsp;</p>\r\n<p>\r\n	Вы сделали заказ на нашем сайте следующих товаров:</p>\r\n<p>\r\n	{goods_list}</p>\r\n<p>\r\n	Общая стоимость заказа {order.cost} рублей.</p>\r\n<p>\r\n	--<br />\r\n	Спасибо!</p>\r\n<br />\r\n', 1, '2', 2, 0),
(1667, 'Информация о заказе', '<p>\r\n	Добрый день, {username}!</p>\r\n<p>\r\n	Сообщаем вам что вашему заказу под номером <a href="/eshop/order-list/{order.id}" target="_blank">{order.number}</a>, присвоен статус &quot;Отправка&quot;.</p>\r\n<p>\r\n	&nbsp;</p>\r\n<p>\r\n	Вы сделали заказ на нашем сайте следующих товаров:</p>\r\n<p>\r\n	{goods_list}</p>\r\n<p>\r\n	Общая стоимость заказа {order.cost} рублей.</p>\r\n<p>\r\n	--<br />\r\n	Спасибо!</p>\r\n<br />\r\n', 1, 'ывавыаыва', 3, 0);

-- --------------------------------------------------------

--
-- Структура таблицы `bagira___faq`
--

CREATE TABLE IF NOT EXISTS `bagira___faq` (
  `obj_id` int(11) NOT NULL,
  `email` varchar(255) NOT NULL,
  `content` text NOT NULL,
  `answer` longtext NOT NULL,
  `form_id` int(11) NOT NULL,
  `send_answer_to_user` tinyint(1) NOT NULL,
  `addto` tinyint(1) NOT NULL,
  KEY `bagira___faq_fk_obj_id` (`obj_id`)
) ENGINE=InnoDB DEFAULT CHARSET=cp1251;

--
-- Дамп данных таблицы `bagira___faq`
--

INSERT INTO `bagira___faq` (`obj_id`, `email`, `content`, `answer`, `form_id`, `send_answer_to_user`, `addto`) VALUES
(1612, 'mail@mail.ru', 'Я купил телевизор в вашем магазине, скажите пожалуйста сколько можно на нем настроить каналов?', '<p>\r\n	Данный ноутбук создан специально для аудиофилов, которые даже в дороге не хотят расставаться с музыкой. В нем реализована разработанная специалистами ASUS и Bang Olufsen ICEpower технология SonicMaster, представляющая собой комплекс аппаратных и программных средств улучшения качества звука. SonicMaster изменит ваши представления о звучании мобильных компьютеров! Узнать больше...</p>\r\n', 0, 0, 0),
(1757, 'test@test.ru', 'Какие профессии больше всего сейчас нужны человечеству? ', '<p>\r\n	инженеры(здесь имеется в виду обширное понятие-от инженеров-энергетиков до робототехников),программисты(здесь также имеется в виду обширное понятие-от прикладных программистов до зd-дизайнеров),врачи(они всегда нужны-как только нашли лекарство от одной болезни появляются 3 новых заболевания),экологи( сейчас много вакансий:ООН,Грин Пис,альтернативные источники энергии и т.д-наконец люди вспомнили что они млекопитающие ,а не паразиты).</p>\r\n', 1613, 0, 0),
(1760, '', 'Какими способами добиться, что бы цветы в вазе стояли дольше?', '<p>\r\n	Цветы будут долго стоять, если они будут получать воду из вазы.<br />\r\n	Если налить просто воду из под крана, то она быстро высосет из цветка содержимое (осмос).<br />\r\n	Клетки черенка разрушатся, и цветок завянет.<br />\r\n	<br />\r\n	Чтобы этого не было, нужно в вазу налить физиологический раствор (0.2% раствор соли в воде).<br />\r\n	Или просто в воду бросить поваренной соли, сколько, зависит от объема вазы.<br />\r\n	Например я в свою большую вазу клал пол чайной ложки соли.<br />\r\n	Цветы стояли пару месяцев.<br />\r\n	<br />\r\n	Еще важный момент.<br />\r\n	Перед тем как ставить цветы в вазу, черенки нужно подрезать, обязательно в воде.<br />\r\n	Иначе на воздухе клетки черенка разрушатся и питания не будет.</p>\r\n', 0, 0, 0),
(1761, '', 'Существует ли программа для фотографий по типу распознавание лица?', '<p>\r\n	Picasa умеет (пытается) именно распознавать лица, и показывать потом разные фотографии одного и того же человека. так что для поиска просто одинаковых картинок больше подойдет ACDSee, опция Find Duplicates. ну или то что предложил Railgun, правда я сам не знаю что это за программа.</p>\r\n', 0, 0, 0),
(1762, '', 'Есть ли плюсы в том,чтобы мыться холодной водой?', '<p>\r\n	Холод - это стресс. А стресс, если правильно его создавать и использовать, всегда делает Человека сильнее...<br />\r\n	А если это будет контрастный холод после горячего душа, то усиливается выработка гормонов удовольствия - эндорфинов.<br />\r\n	Так что контрастный душ и счастье ходят где-то рядом))</p>\r\n', 0, 0, 0);

-- --------------------------------------------------------

--
-- Структура таблицы `bagira___feedback`
--

CREATE TABLE IF NOT EXISTS `bagira___feedback` (
  `obj_id` int(11) NOT NULL,
  `email` varchar(255) NOT NULL,
  `content` text NOT NULL,
  `answer` longtext NOT NULL,
  `form_id` int(11) NOT NULL,
  `send_answer_to_user` tinyint(1) NOT NULL,
  `addto` tinyint(1) NOT NULL,
  KEY `bagira___feedback_fk_obj_id` (`obj_id`)
) ENGINE=InnoDB DEFAULT CHARSET=cp1251;

-- --------------------------------------------------------

--
-- Структура таблицы `bagira___feedback_form`
--

CREATE TABLE IF NOT EXISTS `bagira___feedback_form` (
  `obj_id` int(11) NOT NULL,
  `form_class` int(11) NOT NULL,
  `captcha` tinyint(1) NOT NULL,
  `msg` longtext NOT NULL,
  `mailing_list` varchar(255) NOT NULL,
  `admin_sender_address` varchar(255) NOT NULL,
  `admin_sender_name` varchar(255) NOT NULL,
  `admin_subject` varchar(255) NOT NULL,
  `admin_template` longtext NOT NULL,
  `send_notice` tinyint(1) NOT NULL,
  `notice_sender_address` varchar(255) NOT NULL,
  `notice_sender_name` varchar(255) NOT NULL,
  `notice_subject` varchar(255) NOT NULL,
  `notice_template` longtext NOT NULL,
  `send_answer` tinyint(1) NOT NULL,
  `answer_sender_address` varchar(255) NOT NULL,
  `answer_sender_name` varchar(255) NOT NULL,
  `answer_subject` varchar(255) NOT NULL,
  `answer_template` longtext NOT NULL,
  `any_sections` tinyint(1) NOT NULL,
  KEY `bagira___feedback_form_fk_obj_id` (`obj_id`)
) ENGINE=InnoDB DEFAULT CHARSET=cp1251;

--
-- Дамп данных таблицы `bagira___feedback_form`
--

INSERT INTO `bagira___feedback_form` (`obj_id`, `form_class`, `captcha`, `msg`, `mailing_list`, `admin_sender_address`, `admin_sender_name`, `admin_subject`, `admin_template`, `send_notice`, `notice_sender_address`, `notice_sender_name`, `notice_subject`, `notice_template`, `send_answer`, `answer_sender_address`, `answer_sender_name`, `answer_subject`, `answer_template`, `any_sections`) VALUES
(1613, 51, 1, '<p>Спасибо за ваш вопрос! В ближайшее время мы вам ответим!</p>', '', '{email}', '{name}', 'Сообщение с сайта {site_name}', '<p>Посетитель сайта {site_name}, воспользовавшись формой обратной связи, отправил следующее сообщение:</p><p><i>{content}</i></p><p>ФИО посетителя: {name}<br/>\r\nE-mail для связи: {email}</p><p>С уважением, Bagira.CMS</p>', 0, '{base_email}', '{site_name}', 'Уведомление с сайта {site_name}', '<p>Добрый день, {name}.</p><p>Это письмо — автоматическое уведомление о том, что отправленное вами сообщение принято к рассмотрению. Мы постараемся ответить вам в кратчайшие сроки.</p><p>Благодарим за обращение,<br/>\r\nАдминистрация сайта {sitename}.</p>', 0, '{base_email}', '{site_name}', 'Ответ на ваше сообщение с сайта {site_name}', '<p>Добрый день, {name}.</p><p>Не так давно, воспользовавшись формой обратной связи, вы отправили нам следующее сообщение:</p><p><i>{content}</i></p><p>Наш ответ:</p><p>{answer}</p><p>С уважением,<br/>\r\nАдминистрация сайта {sitename}.</p>', 0),
(1745, 52, 1, '<p>После проверки администратором ваш отзыв будет опубликован.</p>', '', '{email}', '{name}', 'Сообщение с сайта {site_name}', '<p>Посетитель сайта {site_name}, воспользовавшись формой обратной связи, отправил следующее сообщение:</p><p><i>{content}</i></p><p>ФИО посетителя: {name}<br/>\r\nE-mail для связи: {email}</p><p>С уважением, Bagira.CMS</p>', 0, '{base_email}', '{site_name}', 'Уведомление с сайта {site_name}', '<p>Добрый день, {name}.</p><p>Это письмо — автоматическое уведомление о том, что отправленное вами сообщение принято к рассмотрению. Мы постараемся ответить вам в кратчайшие сроки.</p><p>Благодарим за обращение,<br/>\r\nАдминистрация сайта {site_name}.</p>', 1, '{base_email}', '{site_name}', 'Ответ на ваше сообщение с сайта {site_name}', '<p>Добрый день, {name}.</p><p>Не так давно, воспользовавшись формой обратной связи, вы отправили нам следующее сообщение:</p><p><i>{content}</i></p><p>Наш ответ:</p><p>{answer}</p><p>С уважением,<br/>\r\nАдминистрация сайта {site_name}.</p>', 1);

-- --------------------------------------------------------

--
-- Структура таблицы `bagira___file`
--

CREATE TABLE IF NOT EXISTS `bagira___file` (
  `obj_id` int(11) NOT NULL,
  `file` varchar(255) NOT NULL,
  `addto` tinyint(1) NOT NULL,
  KEY `bagira___file_fk_obj_id` (`obj_id`)
) ENGINE=InnoDB DEFAULT CHARSET=cp1251;

-- --------------------------------------------------------

--
-- Структура таблицы `bagira___gallery`
--

CREATE TABLE IF NOT EXISTS `bagira___gallery` (
  `obj_id` int(11) NOT NULL,
  `image` varchar(255) NOT NULL,
  `addto` tinyint(1) NOT NULL,
  KEY `bagira___gallery_fk_obj_id` (`obj_id`)
) ENGINE=InnoDB DEFAULT CHARSET=cp1251;

--
-- Дамп данных таблицы `bagira___gallery`
--

INSERT INTO `bagira___gallery` (`obj_id`, `image`, `addto`) VALUES
(1570, '', 0),
(1590, '/upload/image/55.jpg', 1),
(1601, '/upload/image/turley_060604_9099_layout.jpg', 1);

-- --------------------------------------------------------

--
-- Структура таблицы `bagira___goods`
--

CREATE TABLE IF NOT EXISTS `bagira___goods` (
  `obj_id` int(11) NOT NULL,
  `image` varchar(255) NOT NULL,
  `price` float(11,2) NOT NULL,
  `content` longtext NOT NULL,
  `count` int(11) NOT NULL,
  `rate` float(11,2) NOT NULL,
  `ves_netto` varchar(255) NOT NULL,
  `ves_brutto` varchar(255) NOT NULL,
  `height` varchar(255) NOT NULL,
  `width` varchar(255) NOT NULL,
  `length` varchar(255) NOT NULL,
  `moshchnost` varchar(255) NOT NULL,
  `addto` tinyint(1) NOT NULL,
  KEY `bagira___goods_fk_obj_id` (`obj_id`)
) ENGINE=InnoDB DEFAULT CHARSET=cp1251;

--
-- Дамп данных таблицы `bagira___goods`
--

INSERT INTO `bagira___goods` (`obj_id`, `image`, `price`, `content`, `count`, `rate`, `ves_netto`, `ves_brutto`, `height`, `width`, `length`, `moshchnost`, `addto`) VALUES
(1628, '/upload/image/1125255_resized250.jpg', 5430.30, '<p>Благодаря плазменным телевизорам Samsung серии 7000 с поддержкой 3D изображения, вы полностью измените свое отношение к телевидению, поскольку вы получаете доступ в Интернет без компьютера, возможность общаться с друзьями по Skype, узнавать последние новости, прогнозы погоды и получать другую информацию в реальном времени. Плазменные телевизоры Samsung созданы для того, чтобы расширить возможности для развлечений. Виджеты Internet@TV, обмен контентом с помощью AllShare и взаимосвязь устройств с помощью функции USB 2.0 Movie делают плазменный телевизор Samsung настоящим медиацентром для организации развлечений.</p><p>Благодаря плазменным телевизорам Samsung серии 7000 с поддержкой 3D изображения, вы полностью измените свое отношение к телевидению, поскольку вы получаете доступ в Интернет без компьютера, возможность общаться с друзьями по Skype, узнавать последние новости, прогнозы погоды и получать другую информацию в реальном времени. Плазменные телевизоры Samsung созданы для того, чтобы расширить возможности для развлечений. Виджеты Internet@TV, обмен контентом с помощью AllShare и взаимосвязь устройств с помощью функции USB 2.0 Movie делают плазменный телевизор Samsung настоящим медиацентром для организации развлечений.</p>', 0, 3.86, '543', '544', '344', '666', '540', '544', 0),
(1629, '/upload/image/1128336_resized250.jpg', 32100.00, '<p>\r\n	Благодаря плазменным телевизорам Samsung серии 7000 с поддержкой 3D изображения, вы полностью измените свое отношение к телевидению, поскольку вы получаете доступ в Интернет без компьютера, возможность общаться с друзьями по Skype, узнавать последние новости, прогнозы погоды и получать другую информацию в реальном времени. Плазменные телевизоры Samsung созданы для того, чтобы расширить возможности для развлечений. Виджеты Internet@TV, обмен контентом с помощью AllShare и взаимосвязь устройств с помощью функции USB 2.0 Movie делают плазменный телевизор Samsung настоящим медиацентром для организации развлечений.</p>\r\n<p>\r\n	Благодаря плазменным телевизорам Samsung серии 7000 с поддержкой 3D изображения, вы полностью измените свое отношение к телевидению, поскольку вы получаете доступ в Интернет без компьютера, возможность общаться с друзьями по Skype, узнавать последние новости, прогнозы погоды и получать другую информацию в реальном времени. Плазменные телевизоры Samsung созданы для того, чтобы расширить возможности для развлечений. Виджеты Internet@TV, обмен контентом с помощью AllShare и взаимосвязь устройств с помощью функции USB 2.0 Movie делают плазменный телевизор Samsung настоящим медиацентром для организации развлечений.</p>\r\n', 0, 0.00, '324', '234', '56', '56756', '6565', '343', 0),
(1630, '/upload/image/1126518_resized250.jpg', 32120.00, 'Благодаря плазменным телевизорам Samsung серии 7000 с поддержкой 3D изображения, вы полностью измените свое отношение к телевидению, поскольку вы получаете доступ в Интернет без компьютера, возможность общаться с друзьями по Skype, узнавать последние новости, прогнозы погоды и получать другую информацию в реальном времени. Плазменные телевизоры Samsung созданы для того, чтобы расширить возможности для развлечений. Виджеты Internet@TV, обмен контентом с помощью AllShare и взаимосвязь устройств с помощью функции USB 2.0 Movie делают плазменный телевизор Samsung настоящим медиацентром для организации развлечений.Благодаря плазменным телевизорам Samsung серии 7000 с поддержкой 3D изображения, вы полностью измените свое отношение к телевидению, поскольку вы получаете доступ в Интернет без компьютера, возможность общаться с друзьями по Skype, узнавать последние новости, прогнозы погоды и получать другую информацию в реальном времени. Плазменные телевизоры Samsung созданы для того, чтобы расширить возможности для развлечений. Виджеты Internet@TV, обмен контентом с помощью AllShare и взаимосвязь устройств с помощью функции USB 2.0 Movie делают плазменный телевизор Samsung настоящим медиацентром для организации развлечений.', 0, 4.19, '23432', '765', '2342', '234', '34', '3434', 0),
(1631, '/upload/image/1127377_resized250.jpg', 5400.00, '<p>\r\n	Благодаря плазменным телевизорам Samsung серии 7000 с поддержкой 3D изображения, вы полностью измените свое отношение к телевидению, поскольку вы получаете доступ в Интернет без компьютера, возможность общаться с друзьями по Skype, узнавать последние новости, прогнозы погоды и получать другую информацию в реальном времени. Плазменные телевизоры Samsung созданы для того, чтобы расширить возможности для развлечений. Виджеты Internet@TV, обмен контентом с помощью AllShare и взаимосвязь устройств с помощью функции USB 2.0 Movie делают плазменный телевизор Samsung настоящим медиацентром для организации развлечений.</p>\r\n<p>\r\n	Благодаря плазменным телевизорам Samsung серии 7000 с поддержкой 3D изображения, вы полностью измените свое отношение к телевидению, поскольку вы получаете доступ в Интернет без компьютера, возможность общаться с друзьями по Skype, узнавать последние новости, прогнозы погоды и получать другую информацию в реальном времени. Плазменные телевизоры Samsung созданы для того, чтобы расширить возможности для развлечений. Виджеты Internet@TV, обмен контентом с помощью AllShare и взаимосвязь устройств с помощью функции USB 2.0 Movie делают плазменный телевизор Samsung настоящим медиацентром для организации развлечений.</p>\r\n', 0, 3.50, '324', '523', '34', '234', '876', '43543', 0),
(1632, '/upload/image/1039789_resized250.jpg', 55500.00, '<p>\r\n	Благодаря плазменным телевизорам Samsung серии 7000 с поддержкой 3D изображения, вы полностью измените свое отношение к телевидению, поскольку вы получаете доступ в Интернет без компьютера, возможность общаться с друзьями по Skype, узнавать последние новости, прогнозы погоды и получать другую информацию в реальном времени. Плазменные телевизоры Samsung созданы для того, чтобы расширить возможности для развлечений. Виджеты Internet@TV, обмен контентом с помощью AllShare и взаимосвязь устройств с помощью функции USB 2.0 Movie делают плазменный телевизор Samsung настоящим медиацентром для организации развлечений.</p>\r\n<p>\r\n	Благодаря плазменным телевизорам Samsung серии 7000 с поддержкой 3D изображения, вы полностью измените свое отношение к телевидению, поскольку вы получаете доступ в Интернет без компьютера, возможность общаться с друзьями по Skype, узнавать последние новости, прогнозы погоды и получать другую информацию в реальном времени. Плазменные телевизоры Samsung созданы для того, чтобы расширить возможности для развлечений. Виджеты Internet@TV, обмен контентом с помощью AllShare и взаимосвязь устройств с помощью функции USB 2.0 Movie делают плазменный телевизор Samsung настоящим медиацентром для организации развлечений.</p>\r\n', 0, 3.50, '54', '564', '23', '2145', '43', '454', 0),
(1633, '/upload/image/1128797_resized250.jpg', 420.00, '<p>\r\n	Благодаря плазменным телевизорам Samsung серии 7000 с поддержкой 3D изображения, вы полностью измените свое отношение к телевидению, поскольку вы получаете доступ в Интернет без компьютера, возможность общаться с друзьями по Skype, узнавать последние новости, прогнозы погоды и получать другую информацию в реальном времени. Плазменные телевизоры Samsung созданы для того, чтобы расширить возможности для развлечений. Виджеты Internet@TV, обмен контентом с помощью AllShare и взаимосвязь устройств с помощью функции USB 2.0 Movie делают плазменный телевизор Samsung настоящим медиацентром для организации развлечений.</p>\r\n<p>\r\n	Благодаря плазменным телевизорам Samsung серии 7000 с поддержкой 3D изображения, вы полностью измените свое отношение к телевидению, поскольку вы получаете доступ в Интернет без компьютера, возможность общаться с друзьями по Skype, узнавать последние новости, прогнозы погоды и получать другую информацию в реальном времени. Плазменные телевизоры Samsung созданы для того, чтобы расширить возможности для развлечений. Виджеты Internet@TV, обмен контентом с помощью AllShare и взаимосвязь устройств с помощью функции USB 2.0 Movie делают плазменный телевизор Samsung настоящим медиацентром для организации развлечений.</p>\r\n', 0, 3.00, '454', '543', '6544', '234', '45', '5656', 0),
(1634, '/upload/image/1039789_resized250.jpg', 4230.00, '<p>\r\n	Благодаря плазменным телевизорам Samsung серии 7000 с поддержкой 3D изображения, вы полностью измените свое отношение к телевидению, поскольку вы получаете доступ в Интернет без компьютера, возможность общаться с друзьями по Skype, узнавать последние новости, прогнозы погоды и получать другую информацию в реальном времени. Плазменные телевизоры Samsung созданы для того, чтобы расширить возможности для развлечений. Виджеты Internet@TV, обмен контентом с помощью AllShare и взаимосвязь устройств с помощью функции USB 2.0 Movie делают плазменный телевизор Samsung настоящим медиацентром для организации развлечений.</p>\r\n<p>\r\n	Благодаря плазменным телевизорам Samsung серии 7000 с поддержкой 3D изображения, вы полностью измените свое отношение к телевидению, поскольку вы получаете доступ в Интернет без компьютера, возможность общаться с друзьями по Skype, узнавать последние новости, прогнозы погоды и получать другую информацию в реальном времени. Плазменные телевизоры Samsung созданы для того, чтобы расширить возможности для развлечений. Виджеты Internet@TV, обмен контентом с помощью AllShare и взаимосвязь устройств с помощью функции USB 2.0 Movie делают плазменный телевизор Samsung настоящим медиацентром для организации развлечений.</p>\r\n', 0, 4.38, '4535', '45', '765', '765', '654', '54', 0),
(1635, '/upload/image/1128776_resized250.jpg', 340.00, '<p>\r\n	Благодаря плазменным телевизорам Samsung серии 7000 с поддержкой 3D изображения, вы полностью измените свое отношение к телевидению, поскольку вы получаете доступ в Интернет без компьютера, возможность общаться с друзьями по Skype, узнавать последние новости, прогнозы погоды и получать другую информацию в реальном времени. Плазменные телевизоры Samsung созданы для того, чтобы расширить возможности для развлечений. Виджеты Internet@TV, обмен контентом с помощью AllShare и взаимосвязь устройств с помощью функции USB 2.0 Movie делают плазменный телевизор Samsung настоящим медиацентром для организации развлечений.</p>\r\n<p>\r\n	Благодаря плазменным телевизорам Samsung серии 7000 с поддержкой 3D изображения, вы полностью измените свое отношение к телевидению, поскольку вы получаете доступ в Интернет без компьютера, возможность общаться с друзьями по Skype, узнавать последние новости, прогнозы погоды и получать другую информацию в реальном времени. Плазменные телевизоры Samsung созданы для того, чтобы расширить возможности для развлечений. Виджеты Internet@TV, обмен контентом с помощью AllShare и взаимосвязь устройств с помощью функции USB 2.0 Movie делают плазменный телевизор Samsung настоящим медиацентром для организации развлечений.</p>\r\n', 0, 0.00, '435', '4534', '345', '456', '345', '456', 0),
(1636, '/upload/image/1129505_resized250.jpg', 3210.00, '<p>\r\n	Благодаря плазменным телевизорам Samsung серии 7000 с поддержкой 3D изображения, вы полностью измените свое отношение к телевидению, поскольку вы получаете доступ в Интернет без компьютера, возможность общаться с друзьями по Skype, узнавать последние новости, прогнозы погоды и получать другую информацию в реальном времени. Плазменные телевизоры Samsung созданы для того, чтобы расширить возможности для развлечений. Виджеты Internet@TV, обмен контентом с помощью AllShare и взаимосвязь устройств с помощью функции USB 2.0 Movie делают плазменный телевизор Samsung настоящим медиацентром для организации развлечений.</p>\r\n<p>\r\n	Благодаря плазменным телевизорам Samsung серии 7000 с поддержкой 3D изображения, вы полностью измените свое отношение к телевидению, поскольку вы получаете доступ в Интернет без компьютера, возможность общаться с друзьями по Skype, узнавать последние новости, прогнозы погоды и получать другую информацию в реальном времени. Плазменные телевизоры Samsung созданы для того, чтобы расширить возможности для развлечений. Виджеты Internet@TV, обмен контентом с помощью AllShare и взаимосвязь устройств с помощью функции USB 2.0 Movie делают плазменный телевизор Samsung настоящим медиацентром для организации развлечений.</p>\r\n', 0, 0.00, '546', '465', '456', '456', '564', '564', 0),
(1637, '/upload/image/1129177_resized250.jpg', 4300.00, '<p>\r\n	Благодаря плазменным телевизорам Samsung серии 7000 с поддержкой 3D изображения, вы полностью измените свое отношение к телевидению, поскольку вы получаете доступ в Интернет без компьютера, возможность общаться с друзьями по Skype, узнавать последние новости, прогнозы погоды и получать другую информацию в реальном времени. Плазменные телевизоры Samsung созданы для того, чтобы расширить возможности для развлечений. Виджеты Internet@TV, обмен контентом с помощью AllShare и взаимосвязь устройств с помощью функции USB 2.0 Movie делают плазменный телевизор Samsung настоящим медиацентром для организации развлечений.</p>\r\n<p>\r\n	Благодаря плазменным телевизорам Samsung серии 7000 с поддержкой 3D изображения, вы полностью измените свое отношение к телевидению, поскольку вы получаете доступ в Интернет без компьютера, возможность общаться с друзьями по Skype, узнавать последние новости, прогнозы погоды и получать другую информацию в реальном времени. Плазменные телевизоры Samsung созданы для того, чтобы расширить возможности для развлечений. Виджеты Internet@TV, обмен контентом с помощью AllShare и взаимосвязь устройств с помощью функции USB 2.0 Movie делают плазменный телевизор Samsung настоящим медиацентром для организации развлечений.</p>\r\n', 0, 0.00, '654', '664', '456', '745', '65', '546', 0),
(1638, '/upload/image/1128842_resized250.jpg', 3200.00, '<p>\r\n	Благодаря плазменным телевизорам Samsung серии 7000 с поддержкой 3D изображения, вы полностью измените свое отношение к телевидению, поскольку вы получаете доступ в Интернет без компьютера, возможность общаться с друзьями по Skype, узнавать последние новости, прогнозы погоды и получать другую информацию в реальном времени. Плазменные телевизоры Samsung созданы для того, чтобы расширить возможности для развлечений. Виджеты Internet@TV, обмен контентом с помощью AllShare и взаимосвязь устройств с помощью функции USB 2.0 Movie делают плазменный телевизор Samsung настоящим медиацентром для организации развлечений.</p>\r\n<p>\r\n	Благодаря плазменным телевизорам Samsung серии 7000 с поддержкой 3D изображения, вы полностью измените свое отношение к телевидению, поскольку вы получаете доступ в Интернет без компьютера, возможность общаться с друзьями по Skype, узнавать последние новости, прогнозы погоды и получать другую информацию в реальном времени. Плазменные телевизоры Samsung созданы для того, чтобы расширить возможности для развлечений. Виджеты Internet@TV, обмен контентом с помощью AllShare и взаимосвязь устройств с помощью функции USB 2.0 Movie делают плазменный телевизор Samsung настоящим медиацентром для организации развлечений.</p>\r\n', 0, 0.00, '56456', '54654', '456', '546', '546', '64565', 0),
(1646, '/upload/image/55.jpg', 32110.00, '<p><object><param/><param/></object>Благодаря плазменным телевизорам Samsung серии 7000 с поддержкой 3D изображения, вы полностью измените свое отношение к телевидению, поскольку вы получаете доступ в Интернет без компьютера, возможность общаться с друзьями по Skype, узнавать последние новости, прогнозы погоды и получать другую информацию в реальном времени. Плазменные телевизоры Samsung созданы для того, чтобы расширить возможности для развлечений. Виджеты Internet@TV, обмен контентом с помощью AllShare и взаимосвязь устройств с помощью функции USB 2.0 Movie делают плазменный телевизор Samsung настоящим медиацентром для организации развлечений.</p><p>Благодаря плазменным телевизорам Samsung серии 7000 с поддержкой 3D изображения, вы полностью измените свое отношение к телевидению, поскольку вы получаете доступ в Интернет без компьютера, возможность общаться с друзьями по Skype, узнавать последние новости, прогнозы погоды и получать другую информацию в реальном времени. Плазменные телевизоры Samsung созданы для того, чтобы расширить возможности для развлечений. Виджеты Internet@TV, обмен контентом с помощью AllShare и взаимосвязь устройств с помощью функции USB 2.0 Movie делают плазменный телевизор Samsung настоящим медиацентром для организации развлечений.</p>', 0, 0.00, '45344', '345', '435', '35', '345', '45', 0),
(1648, '/upload/image/1129505_resized250.jpg', 7800.00, '<p>\r\n	Благодаря плазменным телевизорам Samsung серии 7000 с поддержкой 3D изображения, вы полностью измените свое отношение к телевидению, поскольку вы получаете доступ в Интернет без компьютера, возможность общаться с друзьями по Skype, узнавать последние новости, прогнозы погоды и получать другую информацию в реальном времени. Плазменные телевизоры Samsung созданы для того, чтобы расширить возможности для развлечений. Виджеты Internet@TV, обмен контентом с помощью AllShare и взаимосвязь устройств с помощью функции USB 2.0 Movie делают плазменный телевизор Samsung настоящим медиацентром для организации развлечений.</p>\r\n<p>\r\n	Благодаря плазменным телевизорам Samsung серии 7000 с поддержкой 3D изображения, вы полностью измените свое отношение к телевидению, поскольку вы получаете доступ в Интернет без компьютера, возможность общаться с друзьями по Skype, узнавать последние новости, прогнозы погоды и получать другую информацию в реальном времени. Плазменные телевизоры Samsung созданы для того, чтобы расширить возможности для развлечений. Виджеты Internet@TV, обмен контентом с помощью AllShare и взаимосвязь устройств с помощью функции USB 2.0 Movie делают плазменный телевизор Samsung настоящим медиацентром для организации развлечений.</p>\r\n', 0, 4.00, '567', '675', '765', '345', '756', '345', 0),
(1649, '/upload/image/1128776_resized250.jpg', 7600.00, '<p>\r\n	Благодаря плазменным телевизорам Samsung серии 7000 с поддержкой 3D изображения, вы полностью измените свое отношение к телевидению, поскольку вы получаете доступ в Интернет без компьютера, возможность общаться с друзьями по Skype, узнавать последние новости, прогнозы погоды и получать другую информацию в реальном времени. Плазменные телевизоры Samsung созданы для того, чтобы расширить возможности для развлечений. Виджеты Internet@TV, обмен контентом с помощью AllShare и взаимосвязь устройств с помощью функции USB 2.0 Movie делают плазменный телевизор Samsung настоящим медиацентром для организации развлечений.</p>\r\n<p>\r\n	Благодаря плазменным телевизорам Samsung серии 7000 с поддержкой 3D изображения, вы полностью измените свое отношение к телевидению, поскольку вы получаете доступ в Интернет без компьютера, возможность общаться с друзьями по Skype, узнавать последние новости, прогнозы погоды и получать другую информацию в реальном времени. Плазменные телевизоры Samsung созданы для того, чтобы расширить возможности для развлечений. Виджеты Internet@TV, обмен контентом с помощью AllShare и взаимосвязь устройств с помощью функции USB 2.0 Movie делают плазменный телевизор Samsung настоящим медиацентром для организации развлечений.</p>\r\n', 0, 4.38, '765', '67', '657', '657', '743', '76', 0);

-- --------------------------------------------------------

--
-- Структура таблицы `bagira___handbook`
--

CREATE TABLE IF NOT EXISTS `bagira___handbook` (
  `obj_id` int(11) NOT NULL,
  KEY `bagira___handbook_fk_obj_id` (`obj_id`)
) ENGINE=InnoDB DEFAULT CHARSET=cp1251;

-- --------------------------------------------------------

--
-- Структура таблицы `bagira___list_color`
--

CREATE TABLE IF NOT EXISTS `bagira___list_color` (
  `obj_id` int(11) NOT NULL,
  KEY `bagira___list_color_fk_obj_id` (`obj_id`)
) ENGINE=InnoDB DEFAULT CHARSET=cp1251;

--
-- Дамп данных таблицы `bagira___list_color`
--

INSERT INTO `bagira___list_color` (`obj_id`) VALUES
(1738),
(1739),
(1740),
(1741),
(1742),
(1743),
(1744),
(1774);

-- --------------------------------------------------------

--
-- Структура таблицы `bagira___list_garantiya`
--

CREATE TABLE IF NOT EXISTS `bagira___list_garantiya` (
  `obj_id` int(11) NOT NULL,
  KEY `bagira___list_garantiya_fk_obj_id` (`obj_id`)
) ENGINE=InnoDB DEFAULT CHARSET=cp1251;

--
-- Дамп данных таблицы `bagira___list_garantiya`
--

INSERT INTO `bagira___list_garantiya` (`obj_id`) VALUES
(1732),
(1734),
(1736),
(1737);

-- --------------------------------------------------------

--
-- Структура таблицы `bagira___list_strana_proizvoditel`
--

CREATE TABLE IF NOT EXISTS `bagira___list_strana_proizvoditel` (
  `obj_id` int(11) NOT NULL,
  KEY `bagira___list_strana_proizvoditel_fk_obj_id` (`obj_id`)
) ENGINE=InnoDB DEFAULT CHARSET=cp1251;

--
-- Дамп данных таблицы `bagira___list_strana_proizvoditel`
--

INSERT INTO `bagira___list_strana_proizvoditel` (`obj_id`) VALUES
(1731),
(1733),
(1735),
(1775);

-- --------------------------------------------------------

--
-- Структура таблицы `bagira___news`
--

CREATE TABLE IF NOT EXISTS `bagira___news` (
  `obj_id` int(11) NOT NULL,
  `publ_date` datetime NOT NULL,
  `image` varchar(255) NOT NULL,
  `notice` longtext NOT NULL,
  `content` longtext NOT NULL,
  `author` varchar(255) NOT NULL,
  `addto` tinyint(1) NOT NULL,
  KEY `bagira___news_fk_obj_id` (`obj_id`)
) ENGINE=InnoDB DEFAULT CHARSET=cp1251;

--
-- Дамп данных таблицы `bagira___news`
--

INSERT INTO `bagira___news` (`obj_id`, `publ_date`, `image`, `notice`, `content`, `author`, `addto`) VALUES
(1579, '2011-03-17 00:00:00', '/upload/image/2.jpg', '<p>\r\n	Очередная комедия Джудда Апатоу расскажет об уже знакомых персонажах из фильма &laquo;Немножко беременна&raquo;. Правда, это будут не герои Сета Рогена и Кэтрин Хайгл, а семейная пара в исполнении Пола Радда и Лесли Манн.</p>\r\n', '<p>\r\n	&nbsp;Очередная комедия Джудда Апатоу расскажет об уже знакомых персонажах из фильма &laquo;Немножко беременна&raquo;. Правда, это будут не герои Сета Рогена и Кэтрин Хайгл, а семейная пара в исполнении Пола Радда и Лесли Манн. Кого именно может сыграть Меган Фокс, не разглашается, но актриса ведет переговоры об участии в проекте.</p>\r\n<p>\r\n	Несмотря на свою комедийную сущность, фильм Апатоу ознаменует возвращение Меган Фокс в мир серьезного кино. Последние проекты актрисы постигла плачевная участь: &laquo;Джона Хекс&raquo; не понравился не только критикам, но и большинству зрителей, а лента &laquo;Игры страсти&raquo;, где Меган снялась с Микки Рурком, и вовсе должна была миновать большой экран, но в последний момент студия решила выпустить картину в США 6 мая ограниченным релизом. &laquo;Игры страсти&raquo; были показаны на кинофестивале в Торонто в прошлом сентябре и удостоились крайне негативной реакции.</p>\r\n<p>\r\n	Также стоит помнить, что Меган Фокс вылетела из успешной франшизы Майкла Бэя &laquo;Трансформеры&raquo;, и в третьем фильме место подруги Шайи ЛаБафа заняла английская супермодель Роузи Хантингтон-Уайтли.</p>\r\n<p>\r\n	Поэтому, для того чтобы удержаться на плаву в Голливуде, молодой звезде отчаянно нужен хороший материал. Вполне возможно, что кино Джудда Апатоу придаст ее карьере новый толчок или же вообще направит в другое русло. Меган только что закончила съемки в картине &laquo;Друзья с детьми&raquo;, где ее коллегами стали Джон Хэмм и Кристен Уиг.</p>\r\n<p>\r\n	Спин-офф от &laquo;Немножко беременной&raquo; на сегодняшний день не имеет названия. Супруга режиссера Лесли Манн и актер Пол Радд снова играют Дебби и Пита, но действие развернется уже спустя пять лет после событий, показанных в оригинальном фильме.</p>\r\n<p>\r\n	Съемки начнутся этим летом, а релиз намечен на 1 июня 2012 года.</p>\r\n', 'Айзик Гаримов', 0),
(1581, '2011-03-17 00:00:00', '', 'Подходит к завершению отбор работ для проходящего уже в третий раз фестиваля Art of Remake, объявление победителей которого состоится 30 марта.', '\r\n\r\n<p>Подходит к завершению отбор работ для проходящего уже в третий раз фестиваля Art of Remake, объявление победителей которого состоится 30 марта. Каждый год участникам смотра предлагают переснять сцены из легендарных фильмов, таких как «Криминальное чтиво», «Матрица», «Звездные войны».</p>\r\n\r\n<p>В этом году организаторы предлагают фильммейкерам-любителям переснять ленты «Пятый элемент» Люка Бессона, «Брат 2» Алексея Балабанова и «Пилу» Джеймса Вана.</p>\r\n\r\n<p>Победители будут разделены по нескольким категориям. В номинации «Лучший ремейк» (награда здесь составляет 50 000 рублей) призера выберет жюри фестиваля. Призеры в номинациях «Лучший продакт-плейсмент Efes Pilsener» (победитель получит 30 000 рублей) и «Незабываемые впечатления Efes Pilsener» (приз равняется 45 000 рублей) отберет бренд-команда Efes Pilsener. Обладатель приза зрительских симпатий (30 000 рублей) определится при помощи зрительского голосования на сайте http://art-of-remake.ru.</p>\r\n\r\n<p>В этом году главной жертвой кинолюбителей стал «Пятый элемент»: </p>', '', 0),
(1611, '2011-03-17 00:00:00', '', '<p>\r\n	Ребята в Microsoft, конечно же, молодцы. После долгого затишья со стороны компании и ожидания со стороны пользователей, они таки выдали на-гора свое детище &mdash; операционную систему для смартфонов Windows Phone 7. Постараемся разобраться максимально детально в</p>\r\n', '<p>\r\n	Обзор мобильной ОС Windows Phone<br />\r\n	Ребята в Microsoft, конечно же, молодцы. После долгого затишья со стороны компании и ожидания со стороны пользователей, они таки выдали на-гора свое детище &mdash; операционную систему для смартфонов Windows Phone 7. Постараемся разобраться максимально детально в</p>\r\n<p>\r\n	Прежде чем я скажу первое слово, касательно обзора, хочу рассказать про медиа-составляющую этого обзора, а именно скриншоты. Знаете вы, или нет, WP7 не предполагает, что вам понадобится сделать снимок экрана. Так что наилучшим способом снять скриншот на смартфоне с этой ОС является iPhone. Или любой другой фотоаппарат.</p>\r\n<p>\r\n	А теперь к теме.</p>\r\n', '', 0),
(1763, '2011-06-22 09:04:00', '/upload/image/2343.jpg', '<p>\r\n	&laquo;Generation П&raquo; &ndash; первая экранизация прозы Виктора Пелевина, адаптированная для кино режиссером Виктором Гинзбургом, москвичом по рождению, живущим в США. Фильм, снятый по известному роману самого загадочного российского писателя, включен в официальную программу Международного кинофестиваля в Карловых Варах, который пройдет с 1 по 9 июля. В Москве с Виктором Гинзбургом встретился корреспондент Русской службы &laquo;Голоса Америки&raquo; Олег Сулькин.</p>\r\n', '<p>\r\n	Олег Сулькин:&nbsp;Книга Пелевина вышла в свет в 99-м, вызвала ажиотаж в умах и мгновенно стала культовой. Считалось, что этот орешек невозможно разгрызть. Как вы решились на экранизацию?</p>\r\n<p>\r\n	Виктор Гинзбург:&nbsp;Долгое время искал подходящий проект игрового фильма. Написал несколько сценариев, покупал опционы, в том числе на повесть &laquo;Жук в муравейнике&raquo; братьев Стругацких. Меня всегда тянуло к сложным, философским, экспериментальным темам. И я отказывался от гигантского количества жанровых проектов. Мне это просто неинтересно. Но в Голливуде, например, очень сложно убедить людей, что не нужен хэппи-энд.<br />\r\n	<br />\r\n	О.С.:&nbsp;Вы до этого сняли лишь одну документальную картину, &laquo;Нескучный сад&raquo;?<br />\r\n	<br />\r\n	В.Г.:&nbsp;Да. Тоже достаточно экспериментальная вещь, о &laquo;сексуальной революции&raquo; в России. Она была сделана в 1991 году, вышла на экраны в 93-94-м, обошла весь мировой фестивальный круг. Когда я прочел роман Пелевина, в нем я обнаружил все, что меня интересовало, что я понимаю, и что я не понимаю. Мне захотелось туда залезть, рассказать эту историю, пропустить через мой собственный опыт.<br />\r\n	<br />\r\n	О.С.:&nbsp;Пелевин знаменит своей скрытностью, непубличностью, близкой к мистификаторству, чем отчасти напоминает Сэлинджера. Как вы к нему пробились?&nbsp;<br />\r\n	<br />\r\n	В.Г.:&nbsp;Он далеко не мрачный отшельник, прячущийся от мира. Просто очень ценит &laquo;прайвеси&raquo;. Недавно в одной из московских газет появилась статья. А существует ли Пелевин? Реальный ли это человек? Журналист поехала в Чертаново, где он живет, и опросила соседей. Какой-то тип рассказал, что садился в лифт с Пелевиным и попросил подписать книгу. А Виктор Олегович будто бы послал его на три буквы. Дикая чушь! Какие нелепицы про него пишут! Он много путешествует по миру, может быть, потому что в России ему тяжело. Он не может быть там свободен.<br />\r\n	<br />\r\n	О.С.:&nbsp;Вам нужно было получить его разрешение на экранизацию, ведь так? Как вы его убедили? Ведь за вами нет внушительного резюме, вы же не Сокуров, не Звягинцев...<br />\r\n	<br />\r\n	В.Г.:&nbsp;Меня самого это постфактум удивляет. Я ему рассказал, как вижу его книжку. Он заметил, что она неэкранизируема. Я возразил и продолжал его убеждать.<br />\r\n	<br />\r\n	О.С.:&nbsp;Вы его покорили собственной верой в успех?<br />\r\n	<br />\r\n	В.Г.:&nbsp;Мне кажется, Виктор понял, что я настроен серьезно, что у меня есть творческий подход и профессионализм.<br />\r\n	<br />\r\n	О.С.:&nbsp;Пелевин участвовал в работе над сценарием?<br />\r\n	<br />\r\n	В.Г.:&nbsp;Нет. Сценарий писали мы с Джиной Гинзбург, моей женой. Я выстрадал каждую букву сценария. Пелевину посылал развернутые описания сцен. Скажем, тех, которые я развил из заявленных в романе линий, например, всей истории создания виртуального президента. Герою книги Вавилену Татарскому не хватало героизма, не хватало действия, которое изменило бы формулу его существования. В романе он перышко, которое от дуновения ветра приземлялось у ног богини Иштар. Для фильма важно драматургически, чтобы в Татарском появилась сила, побеждающая обстоятельства, сила, благодаря которой он становился властелином, а не жертвой обстоятельств.&nbsp;<br />\r\n	<br />\r\n	О.С.:&nbsp;Понравилось это Пелевину?<br />\r\n	<br />\r\n	В.Г.:&nbsp;Да, понравилось. А вот российская критика, ее невежественная часть, обвинила меня в двух прямо противоположных грехах. Первый: тут Пелевиным и не пахнет. Второй: фильм &ndash; буквальный подстрочник романа.<br />\r\n	<br />\r\n	О.С.:&nbsp;У романа сложная структура, с массой боковых линий, которые вам пришлось отсекать. Чем вы руководствовались?<br />\r\n	<br />\r\n	В.Г.:&nbsp;Самая сложная составляющая &ndash; &laquo;вавилонская тема&raquo;. Она в романе абстрактна и в чем-то сумбурна. Тему Вавилона, тему золота я переосмыслил и рассказал своим языком. Гигантское количество нюансов романа нереально было охватить. Важно было сохранить и кристаллизировать суть.<br />\r\n	<br />\r\n	О.С.:&nbsp;Вы воссоздаете на экране 90-е годы. Вы в то время жили в России?<br />\r\n	<br />\r\n	В.Г.:&nbsp;Не жил постоянно, но приезжал часто и надолго. Снимал кое-что для канала HBO.&nbsp;<br />\r\n	<br />\r\n	О.С.:&nbsp;Очень удачен, на мой взгляд, Владимир Епифанцев в роли Татарского. И остальные актеры почти все знаковые, узнаваемые &ndash; Михаил Ефремов, Рената Литвинова, Владимир Меньшов, Олег Тактаров, Андрей Панин, Сергей Шнуров, Иван Охлобыстин. Как вы выстраивали этот роскошный кастинг?<br />\r\n	<br />\r\n	В.Г.:&nbsp;Я был бы рад с пафосом сказать, что осмысленно раскладывал актерский пасьянс. Все банальней: просто я искал убедительных актеров. Никого не брал без проб. Я вообще монстр на площадке, мучаю актеров. Они все прошли через муторные пробы. Например, на роль Ханина я рассматривал 30-40 актеров, а выбрал не актера, а телеведущего Александра Гордона. Он оказался на площадке великолепен, одно удовольствие работать!&nbsp;<br />\r\n	<br />\r\n	Что касается Епифанцева, то его первая проба была ужасной. Меня все, включая директора по кастингу, отговаривали его брать: мол, он &laquo;качок&raquo;, снимался только в боевиках. Я стал пробовать других, но продолжал думать про него. А он снял сам свою пробу дома и прислал мне. Она оказалась идеальной!&nbsp;<br />\r\n	<br />\r\n	О.С.:&nbsp;Как прошел прокат в России? Вы довольны?<br />\r\n	<br />\r\n	В.Г.:&nbsp;Фильм собрал почти пять миллионов долларов в России и СНГ. Мне говорят, для такого фильма, как этот, &ndash;неслыханное достижение. Я считаю, его могли посмотреть в два-три раза больше людей, если бы наш прокатчик не осторожничал и потратил лишний миллион долларов на рекламу. Про наш фильм не знали в регионах. Параллельно выпустили &laquo;Крик-4&raquo;, и реклама его была в регионах широкой. Что меня порадовало: народ врубается, каждый находит в фильме что-то свое.<br />\r\n	<br />\r\n	О.С.:&nbsp;Будет ли врубаться мировой зритель? Русский стеб, особенно в стиле Пелевина, трудно сделать понятным иностранцам.&nbsp;<br />\r\n	<br />\r\n	В.Г.:&nbsp;У нас была пара рабочих просмотров в Лос-Анджелесе. Восторг и хохот. Как он будет восприниматься в Европе, узнаем в Карловых Варах. Наш фильм не вписывается в стереотипные ожидания. Он только на поверхности стебный, а вообще-то глубоко духовный, &ndash; о лжеценностях, о потере нравственных ориентиров, о поиске Бога.&nbsp;<br />\r\n	<br />\r\n	О.С.:&nbsp;Ваш следующий проект?<br />\r\n	<br />\r\n	В.Г.:&nbsp;Занимаюсь монтажом телевизионной версии &laquo;Generation П&raquo;, планируется 7 серий, по поводу показа его ведем переговоры с несколькими телеканалами. Затем собираюсь экранизировать еще один, на этот раз &laquo;вампирский&raquo; роман Пелевина &mdash; Empire &laquo;V&raquo;.</p>\r\n', '', 0),
(1764, '2011-06-22 09:06:00', '/upload/image/4848.jpg', '<p>\r\n	В июне в Америке проходит сезон выпускных церемоний и балов. В большинстве школ торжества мало отличаются одно от другого, но есть школы особенные, со своим укладом, многолетними традициями и правилами, и в них церемония выпуска &ndash; неповторима, порой загадочна.</p>\r\n', '<p>\r\n	Одна из таких школ &ndash; старейшее учебное заведение для девочек в штате Мэриленд &ndash; Oldfields School &ndash; основана более 150 лет назад. Ее корпуса &laquo;затаились&raquo; в лесу, в предгорьях Аппалачей. Девочки живут замкнуто, на полном пансионе, можно сказать, такой вот &laquo;институт благородных девиц&raquo;. Даже по американским меркам, обучение влетает родителям &laquo;в копеечку&raquo;: около 40 тысяч долларов в год.&nbsp;<br />\r\n	<br />\r\n	Среди выпускниц разных лет можно встретить известные фамилии: Дюпон, Рокфеллер или вот Уоллис Симпсон &ndash; барышня, ради которой британский монарх Эдуард Восьмой отрекся от престола. Но это было давно, в прошлом веке. Сегодня среди учениц школы не только американки, но и девочки из других стран. География обширная: Азия, Африка, Латинская Америка. В Штатах, правда, фамилии девочек никому ни о чем не говорят, возможно, пока&hellip;<br />\r\n	<br />\r\n	Церемониал прощания со школой. Ему, как и самой школе, тоже 150 лет. Но на поверку &laquo;сюжет&raquo; мне показался значительно более древним &ndash; прямо-таки античная мистерия: девочки в белых туниках, босиком, с букетами цветов, сходили попарно или по одной по склону высокого зеленого холма, потом расходились как бы V&ndash;образно, выстраиваясь в две шеренги на лужайке. Далее следовало загадочное чествование &laquo;королевы&raquo; &ndash; лучшей ученицы выпуска. Она восседала на зеленом троне под сенью вековых сосен, на голове ее корона &ndash; венок полевых цветов. Каждая ученица торжественно, с поклоном, подходила к трону и клала свой букет к ногам королевы.&nbsp;<br />\r\n	<br />\r\n	Потом буква V на лужайке меняла конфигурацию &ndash; выпускницы выстраивались полукругом, а девочки младших классов оставались сзади. Директор школы зачитывал имена выпускниц и вручал дипломы. Никаких длинных речей...<br />\r\n	<br />\r\n	В конце церемонии &ndash; объятия подруг, друзей, родственников. Слезы расставания.&nbsp;<br />\r\n	<br />\r\n	А еще, за несколько часов до этого, девочки (нет, выпускницы все же &ndash; это уже девушки) в холле главного корпуса, на веранде прихорашивались, фотографировались на память, готовясь к волнующему и торжественному моменту, после которого, хоть и со слезами, но уж точно можно будет воскликнуть: &laquo;Прощай школа, здравствуй новая другая жизнь!&raquo;&nbsp;<br />\r\n	<br />\r\n	Такие школы, как Oldfields School, в Штатах стоят особняком: во-первых, конечно, уровень образования&hellip; Во- вторых, в них прививается уважение к традиции, и на всю жизнь у воспитанниц остается чувство локтя &ndash; как ни крути, прожито вместе четыре года, плюс &ndash; без ложной скромности &ndash; это люди одного круга, в будущем &ndash; элита. Обходится это всем дорого, но, согласитесь, дорогого стоит.</p>\r\n', '', 0),
(1765, '2011-06-22 09:09:00', '/upload/image/ALB_Library_Congress_480.jpg', '<p>\r\n	&laquo;Здесь есть ранний джаз, известные речи, поэзия, юмор, опера, танцевальная музыка &ndash; и каждая звукозапись сопровождается информацией о том, когда она была сделана&raquo;, - Джеймс Биллингтон, глава Библиотеки Конгресса США.</p>\r\n', '<p>\r\n	Библиотека Конгресса в Вашингтоне на днях пригласила лауреата премии &laquo;Грэмми&raquo;, музыканта Гарри Конника-младшего для участия в церемонии открытия вебсайта, на котором впервые представлены в цифровом формате 10 тысяч редких и исторических звукозаписей.</p>\r\n<p>\r\n	Здесь собраны произведения популярной музыки, оперы, раннего джаза, а также поэзия и известные политические речи. Композиции в исполнении Артуро Тосканини, Энрико Карузо, Джорджа Гершвина и других великих музыкантов доступны для бесплатного прослушивания и изучения.<br />\r\n	<br />\r\n	&laquo;Национальный музыкальный автомат&raquo; (National Jukebox) &ndash; совместный проект Библиотеки Конгресса и Sony Music Entertainment. Благодаря ему, пользователи Интернета могут получить доступ к огромному собранию музыки и речей, записанных в США между 1901 и 1925 годами.<br />\r\n	<br />\r\n	Глава Библиотеки Конгресса Джеймс Биллингтон представил &laquo;Музыкальный автомат&raquo; на пресс-конференции в Вашингтоне: &laquo;Здесь есть ранний джаз, известные речи, поэзия, юмор, опера, танцевальная музыка &ndash; и каждая звукозапись сопровождается информацией о том, когда она была сделана&raquo;.<br />\r\n	<br />\r\n	Библиотека Конгресса обладает крупнейшей коллекцией исторических звукозаписей в стране. Они хранятся и оцифровываются в отделении библиотеки в Вирджинии. Именно оттуда они поступают в &laquo;Музыкальный автомат&raquo;.<br />\r\n	<br />\r\n	Ричард Стори, президент отделения коммерческой музыки Sony Music Entertainment, говорит: &laquo;В этом каталоге замечательная коллекция музыкальных сокровищ, по которым можно отследить развитие американской музыки и ее корни. Здесь записи самых влиятельных, самых великих артистов всех времен&raquo;.<br />\r\n	<br />\r\n	Один из таких музыкантов &ndash; Юби Блейк. На видеоклипе, размещенном на сайте &laquo;Музыкального автомата&raquo;, он исполняет песню &laquo;Я просто без ума от Гарри&raquo; (I&rsquo;m Just Wild About Harry), написанную в 1921 году. На видео молодой Гарри Конник-младший сидит за пианино и играет вместе с автором песни.<br />\r\n	<br />\r\n	Конник, которому сегодня 43 года, был приглашен на открытие &laquo;Музыкального автомата&raquo;. Он сыграл ту самую песню и поделился воспоминаниями о встрече с Юби Блейком:<br />\r\n	<br />\r\n	&laquo;Тогда мне было девять лет, а ему 95 или 96 и я никогда не забуду, как сидел рядом с ним. Сейчас я оглядываюсь назад и понимаю, что он писал потрясающую музыку. Причем не только в музыкальном смысле, ведь эта песня, фактически, сняла табу на тему любви между чернокожими людьми на экране и в музыке. Но тогда я смотрел на руки этого человека и думал, что никогда не видел таких больших рук. У него были такие длинные пальцы, что невозможно представить. Мне повезло, я видел все это воочию, но сегодня я смотрю на своих детей и понимаю, что, благодаря новым технологиям, они тоже могут услышать эти песни. И это просто замечательно, я аплодирую вам за это!&raquo;<br />\r\n	<br />\r\n	В &laquo;Музыкальном автомате&raquo; можно найти первую джазовую звукозапись, на которой Original Dixieland Jazz Band играет &laquo;Блюз конюшни&raquo; (Livery Stable Blues).&nbsp;<br />\r\n	<br />\r\n	Джин Деанна, глава отделения звукозаписей Библиотеки Конгресса, говорит, что пока в &laquo;Музыкальном автомате&raquo; выложена лишь небольшая часть материалов, которые появятся там в будущем. &laquo;Для нас это динамичный, развивающийся архив исторических звукозаписей и в ближайшие несколько лет там появятся еще десятки тысяч файлов&raquo;, &ndash; говорит он.<br />\r\n	<br />\r\n	В вирджинском отделении библиотеки хранятся около 100 тысяч звуковых материалов. В настоящее время посетители сайта &laquo;Национальный музыкальный автомат&raquo; могут прослушать 10 тысяч из них. Они также могут просмотреть тысячи фотографий конвертов и этикеток для пластинок и биографий исполнителей.</p>\r\n', '', 0),
(1766, '2011-06-22 09:10:00', '/upload/image/4844.jpg', '<p>\r\n	23 июня в российский прокат выходит полнометражный анимационный фильм &laquo;Тачки-2&raquo; &ndash; сиквел мультфильма &laquo;Тачки&raquo;, снятого в 2006 году. Его режиссер Джон Лассеттер является одним из основателей студии Pixar, а также ведущим креативным директором студий Pixar и Walt Disney Animation, которые принимали участие в создании &laquo;Тачек-2&raquo;. В послужном списке Лассеттера &ndash; режиссура лент &laquo;Рататуй&raquo;, &laquo;ВАЛЛ-И&raquo; и &laquo;История игрушек: большой побег&raquo;.&nbsp;</p>\r\n', '<p>\r\n	Корреспондент &laquo;Голоса Америки&raquo; Галина Галкина встретилась с Джоном Лассеттером в студии Pixar в Эмеривилле, неподалеку от Сан-Франциско.<br />\r\n	<br />\r\n	Галина Галкина:&nbsp;Расскажите, пожалуйста, о своем детстве.<br />\r\n	<br />\r\n	Джон Лассеттер:&nbsp;Я вырос в Лос-Анджелесе. Мой отец работал менеджером отдела запчастей дилерского центра Chevrolet. В детстве я помогал ему по выходным дням и на летних каникулах. Можно сказать, что я вырос среди машин, и поэтому немудрено, что они сыграли в моей жизни важную роль.&nbsp;<br />\r\n	<br />\r\n	Период моего взросления совпал с периодом расцвета американских автомобилей с мощным двигателем: это были Chevrolet Corvette, Chevrolet Camaro, Chevrolet Chevelle, они считались абсолютно &laquo;крутыми тачками&raquo;, и я был страстно ими увлечен. А моя мама была учителем рисования, и от нее я перенял любовь не только к рисованию, но и вообще к творчеству. Поэтому можно считать, что &laquo;Тачки&raquo; &ndash; это как бы слияние двух увлечений в моей семье.&nbsp;<br />\r\n	<br />\r\n	Г.Г.:&nbsp;А вы любили в детстве смотреть фильмы про машины?<br />\r\n	<br />\r\n	Д.Л.:&nbsp;О, конечно, это и &laquo;Гран-при&raquo;, и еще один, который я смотрел, когда, кажется, был старшеклассником &ndash; &laquo;Исчезающая точка&raquo;. Это был потрясающий фильм, просто замечательный. Да, есть много классных, всеми любимых автомобильных фильмов &ndash; &laquo;Американские граффити&raquo; тоже один из них.&nbsp;<br />\r\n	<br />\r\n	Г.Г.:&nbsp;Где, у кого и с кем вы учились, чтобы реализовать свою мечту стать аниматором?<br />\r\n	<br />\r\n	Д.Л.:&nbsp;Я поступил на только открывшийся тогда факультет мультипликации в калифорнийском Институте искусств, где преподавали мультипликаторы студии Disney. А моими однокурсниками были Брэд Берд и Тим Бартон. За время учебы я дважды выигрывал престижную студенческую награду Student Academy Award, и мой рекорд пока еще никто не побил.<br />\r\n	<br />\r\n	Г.Г.:&nbsp;Вам в свое время пришлось расстаться со студией Disney. Почему?<br />\r\n	<br />\r\n	Д.Л.:&nbsp;Креативными менеджерами в Disney тогда были второсортные аниматоры, которым казалось, что я жажду власти, однако власть меня совсем не привлекала &ndash; мне просто хотелось делать хорошие фильмы. Однажды я попытался обойти менеджера, чтобы пробить перспективный проект, и он сделал все, чтобы меня уволили. Я был в шоке и боялся признаться, что меня уволили &ndash; говорил всем, что сам ушел.&nbsp;<br />\r\n	<br />\r\n	Г.Г.:&nbsp;Когда в 2004-05 году компанией Disney управлял Майкл Эйснер, многим казалось что Disney и ваше детище Pixar разорвут отношения друг с другом. Это как-то отразилось на вашей работе?&nbsp;<br />\r\n	<br />\r\n	Д.Л.:&nbsp;Давайте-ка я начну сначала. В 1991 году мы договорились с Disney о производстве &laquo;Истории игрушек&raquo;. В то время мы были очень заинтересованы в работе с этой легендарной компанией, которая владела не только &laquo;Диснейлендами&raquo;, но и другими тематическими парками, а также была лучшим маркетологом нашего товара. Изначально договор был на 3 картины, но когда Pixar стала общественной компанией, мы решили пересмотреть условия нашего договора.&nbsp;<br />\r\n	<br />\r\n	По условиям второго договора мы все делили с Disney пополам: расходы на производство фильма и доходы от его показа. Шло время, и нашим новым менеджерам просто не терпелось пересмотреть условия второго договора. Мне наше сотрудничество с Disney казалось очень органичным, однако переговоры стали заходить в тупик.. Disney хотела, чтобы мы предоставляли ей персонажи, а они уже занимались всем остальным. Мы же хотели развивать свои персонажи сами.&nbsp;<br />\r\n	<br />\r\n	Мне не хотелось разрыва отношений: наши герои были во всех диснеевских парках, но мне также не хотелось, чтобы Disney развивал наших героев без нас. Когда Боб Игер, который нас очень ценил, заменил Эйснера в совете директоров Disney, то мы еще и подружились с ним. А вскоре договорились о слиянии.<br />\r\n	<br />\r\n	Г.Г.:&nbsp;До того, как Disney приобрела студию Pixar, многие волновались за ее будущее. Зато теперь, когда вы стали креативным директором обеих студий, возникла уверенностью в успехе. Как вам это удалось?&nbsp;<br />\r\n	<br />\r\n	Д.Л.:&nbsp;Чтобы сегодня произвести коммерчески успешный и одновременно развлекательный фильм, киностудии нужно сделать три вещи. Первое: рассказать интересную историю, которая должна приковать зрителей к креслам на время сеанса. Второе: наполнить ее привлекательными и запоминающимися героями, с которыми зрители могут отождествлять себя. Третье: перенести действие в реальный узнаваемый мир. Моя философия очень проста: самое главное &ndash; это качество, а качество всегда начинается с хорошей истории. Все остальное, как говорится, уже дело техники. Что касается продолжения оригинального фильма, то оно должно быть как минимум такого же качества, а зачастую и более высокого, чем оригинал, если вы хотите повторить его успех.<br />\r\n	<br />\r\n	Г.Г.:&nbsp;А как у вас обстоят дела с текучестью кадров? Трудно удерживать людей от перехода из Pixar в Disney и наоборот?<br />\r\n	<br />\r\n	Д.Л.:&nbsp;Вы знаете, Pixar находится под Сан-Франциско, а Disney &ndash; в Лос-Анджелесе. Это час лету на самолете или часов пять-шесть на машине. Существуют также всяческие законодательные установки, связанные, например, с принадлежностью к разным профсоюзам, что люди, которые работают там, не могут работать здесь. Но при этом мы как бы двоюродные братья. Художники Pixar глубоко уважают художников Disney, а те отвечают им взаимностью. Мне было приятно, например, привезти на Pixar &laquo;Рапунцель&raquo; и наблюдать за тем, как мультипликаторы восхищались им. И мы практикуем подобный обмен опытом.&nbsp;<br />\r\n	<br />\r\n	Г.Г.:&nbsp;Не приводит ли такое тесное общение между мультипликаторами к нивелированию разницы между вверенными вам студиями?<br />\r\n	<br />\r\n	Д.Л.:&nbsp;Возможно, это уже происходит &ndash; мне самому кажется, что Disney стал более похожим на Pixar в том смысле, что теперь она стали студией, ведомой кинематографистами. Однако, Disney &ndash; это Disney, а Pixar &ndash; это Pixar, потому что культуру привносят люди, которые делают фильмы. Существуют различные по характеру группы людей. И они на разных студиях не случайно. Диснеевцы, как я уже сказал, привержены наследию Уолта Диснея, а пиксаровцы любят свою студию, которая создавалась практически на их глазах.<br />\r\n	<br />\r\n	Г.Г.:&nbsp;Какую машину вы водите и коллекционируете ли вы машины?<br />\r\n	<br />\r\n	Д.Л.:&nbsp;Вот что я хотел бы сказать: если бы я не был женат на моей красавице жене Нэнси на протяжении двадцати трех лет, то я все еще жил бы в однокомнатной квартире, и у меня был бы склад, полный машин. Это то, на что бы я тратил все свои деньги.&nbsp;<br />\r\n	<br />\r\n	У меня есть пара коллекционных машин. Это Jaguar 1952 года XK120, она необыкновенно изысканна. Мне кажется, что такой прекрасно сконструированной машины больше нет. У меня также есть очень забавная машина &ndash; Messersmith 1964 года. Ее называют машина-пузырь. Это маленький трехколесный автомобиль с таким верхом, почти как у аэроплана.&nbsp;<br />\r\n	<br />\r\n	Что касается машины, которую я вожу, то у меня есть Merсedes-Benz SL55 AMG, такая маленькая спортивная машина, на которой я езжу на работу. Это кабриолет &ndash; ведь мы живем в Калифорнии, в виноградной долине, где так красиво, поэтому мне нравится ездить с открытым верхом. А еще мы ездим на микроавтобусе Chrysler, потому что у нас большая семья &ndash; пятеро мальчиков. Я развожу всех моих детей по школам и кружкам и буду это делать до тех пор, пока каждый из них не получит права и не сядет за руль.<br />\r\n	<br />\r\n	Г.Г.:&nbsp;Ваш фильм открывается автомобильной гонкой в Токио. Вы не планируете провести благотворительную премьеру в Японии?<br />\r\n	<br />\r\n	Д.Л.:&nbsp;В Японии совсем недавно произошла трагедия, поэтому у нас пока нет никаких планов на этот счет, но мы обязательно подумаем об этом.</p>\r\n', '', 0);

-- --------------------------------------------------------

--
-- Структура таблицы `bagira___news_feed`
--

CREATE TABLE IF NOT EXISTS `bagira___news_feed` (
  `obj_id` int(11) NOT NULL,
  `rss_export` tinyint(1) NOT NULL,
  `image` varchar(255) NOT NULL,
  `addto` tinyint(1) NOT NULL,
  KEY `bagira___news_feed_fk_obj_id` (`obj_id`)
) ENGINE=InnoDB DEFAULT CHARSET=cp1251;

--
-- Дамп данных таблицы `bagira___news_feed`
--

INSERT INTO `bagira___news_feed` (`obj_id`, `rss_export`, `image`, `addto`) VALUES
(340, 1, '', 1),
(1568, 1, '', 1);

-- --------------------------------------------------------

--
-- Структура таблицы `bagira___page`
--

CREATE TABLE IF NOT EXISTS `bagira___page` (
  `obj_id` int(11) NOT NULL,
  `content` longtext NOT NULL,
  `addto` tinyint(1) NOT NULL,
  KEY `bagira___page_fk_obj_id` (`obj_id`)
) ENGINE=InnoDB DEFAULT CHARSET=cp1251;

--
-- Дамп данных таблицы `bagira___page`
--

INSERT INTO `bagira___page` (`obj_id`, `content`, `addto`) VALUES
(60, '<br/>\r\n', 0),
(338, '<br/>\r\n', 0),
(339, '<p>Во всякой книге предисловие есть первая и вместе с тем последняя вещь; оно или служит объяснением цели сочинения, или оправданием и ответом на критики. Но обыкновенно читателям дела нет до нравственной цели и до журнальных нападок, и потому они не читают предисловий. А жаль, что это так, особенно у нас. Наша публика так еще молода и простодушна, что не понимает басни, если в конце ее на находит нравоучения. Она не угадывает шутки, не чувствует иронии; она просто дурно воспитана. Она еще не знает, что в порядочном обществе и в порядочной книге явная брань не может иметь места; что современная образованность изобрела орудие более острое, почти невидимое и тем не менее смертельное, которое, под одеждою лести, наносит неотразимый и верный удар. Наша публика похожа на провинциала, который, подслушав разговор двух дипломатов, принадлежащих к враждебным дворам, остался бы уверен, что каждый из них обманывает свое правительство в пользу взаимной нежнейшей дружбы.</p><p> </p><p>Эта книга испытала на себе еще недавно несчастную доверчивость некоторых читателей и даже журналов к буквальному значению слов. Иные ужасно обиделись, и не шутя, что им ставят в пример такого безнравственного человека, как Герой Нашего Времени; другие же очень тонко замечали, что сочинитель нарисовал свой портрет и портреты своих знакомых… Старая и жалкая шутка! Но, видно, Русь так уж сотворена, что все в ней обновляется, кроме подобных нелепостей. Самая волшебная из волшебных сказок у нас едва ли избегнет упрека в покушении на оскорбление личности!</p><p> </p><p>Герой Нашего Времени, милостивые государи мои, точно, портрет, но не одного человека: это портрет, составленный из пороков всего нашего поколения, в полном их развитии. Вы мне опять скажете, что человек не может быть так дурен, а я вам скажу, что ежели вы верили возможности существования всех трагических и романтических злодеев, отчего же вы не веруете в действительность Печорина? Если вы любовались вымыслами гораздо более ужасными и уродливыми, отчего же этот характер, даже как вымысел, не находит у вас пощады? Уж не оттого ли, что в нем больше правды, нежели бы вы того желали?..</p><p>Вы скажете, что нравственность от этого не выигрывает? Извините. Довольно людей кормили сластями; у них от этого испортился желудок: нужны горькие лекарства, едкие истины. Но не думайте, однако, после этого, чтоб автор этой книги имел когда-нибудь гордую мечту сделаться исправителем людских пороков. Боже его избави от такого невежества! Ему просто было весело рисовать современного человека, каким он его понимает, и к его и вашему несчастью, слишком часто встречал. Будет и того, что болезнь указана, а как ее излечить — это уж бог знает!</p>', 0),
(1569, '<p>Я ехал на перекладных из Тифлиса. Вся поклажа моей тележки состояла из одного небольшого чемодана, который до половины был набит путевыми записками о Грузии. Большая часть из них, к счастию для вас, потеряна, а чемодан с остальными вещами, к счастью для меня, остался цел.Уж солнце начинало прятаться за снеговой хребет, когда я въехал в Койшаурскую долину. Осетин-извозчик неутомимо погонял лошадей, чтоб успеть до ночи взобраться на Койшаурскую гору, и во все горло распевал песни. Славное место эта долина! Со всех сторон горы неприступные, красноватые скалы, обвешанные зеленым плющом и увенчанные купами чинар, желтые обрывы, исчерченные промоинами, а там высоко-высоко золотая бахрома снегов, а внизу Арагва, обнявшись с другой безыменной речкой, шумно вырывающейся из черного, полного мглою ущелья, тянется серебряною нитью и сверкает, как змея своею чешуею. Подъехав к подошве Койшаурской горы, мы остановились возле духана. Тут толпилось шумно десятка два грузин и горцев; поблизости караван верблюдов остановился для ночлега. Я должен был нанять быков, чтоб втащить мою тележку на эту проклятую гору, потому что была уже осень и гололедица, — а эта гора имеет около двух верст длины.Нечего делать, я нанял шесть быков и нескольких осетин. Один из них взвалил себе на плечи мой чемодан, другие стали помогать быкам почти одним криком.За моею тележкою четверка быков тащила другую как ни в чем не бывало, несмотря на то, что она была доверху накладена. Это обстоятельство меня удивило. За нею шел ее хозяин, покуривая из маленькой кабардинской трубочки, обделанной в серебро. На нем был офицерский сюртук без эполет и черкесская мохнатая шапка. Он казался лет пятидесяти; смуглый цвет лица его показывал, что оно давно знакомо с закавказским солнцем, и преждевременно поседевшие усы не соответствовали его твердой походке и бодрому виду. Я подошел к нему и поклонился: он молча отвечал мне на поклон и пустил огромный клуб дыма. — Мы с вами попутчики, кажется? Он молча опять поклонился.<br/>\r\n— Вы, верно, едете в Ставрополь?<br/>\r\n— Так-с точно… с казенными вещами.<br/>\r\n— Скажите, пожалуйста, отчего это вашу тяжелую тележку четыре быка тащат шутя, а мою, пустую, шесть скотов едва подвигают с помощью этих осетин?<br/>\r\nОн лукаво улыбнулся и значительно взглянул на меня.<br/>\r\n— Вы, верно, недавно на Кавказе?<br/>\r\n— С год, — отвечал я.<br/>\r\nОн улыбнулся вторично.<br/>\r\n— А что ж?<br/>\r\n— Да так-с! Ужасные бестии эти азиаты! Вы думаете, они помогают, что кричат? А черт их разберет, что они кричат? Быки-то их понимают; запрягите хоть двадцать, так коли они крикнут по-своему, быки все ни с места… Ужасные плуты! А что с них возьмешь?.. Любят деньги драть с проезжающих… Избаловали мошенников! Увидите, они еще с вас возьмут на водку. Уж я их знаю, меня не проведут!<br/>\r\n— А вы давно здесь служите?<br/>\r\n— Да, я уж здесь служил при Алексее Петровиче 1, — отвечал он, приосанившись. — Когда он приехал на Линию, я был подпоручиком, — прибавил он, — и при нем получил два чина за дела против горцев.<br/>\r\n— А теперь вы?..— Теперь считаюсь в третьем линейном батальоне. А вы, смею спросить?.. Я сказал ему.Разговор этим кончился и мы продолжали молча идти друг подле друга. На вершине горы нашли мы снег. Солнце закатилось, и ночь последовала за днем без промежутка, как это обыкновенно бывает на юге; но благодаря отливу снегов мы легко могли различать дорогу, которая все еще шла в гору, хотя уже не так круто. Я велел положить чемодан свой в тележку, заменить быков лошадьми и в последний раз оглянулся на долину; но густой туман, нахлынувший волнами из ущелий, покрывал ее совершенно, ни единый звук не долетал уже оттуда до нашего слуха. Осетины шумно обступили меня и требовали на водку; но штабс-капитан так грозно на них прикрикнул, что они вмиг разбежались.— Ведь этакий народ! — сказал он, — и хлеба по-русски назвать не умеет, а выучил: «Офицер, дай на водку!» Уж татары по мне лучше: те хоть непьющие... До станции оставалось еще с версту. Кругом было тихо, так тихо, что по жужжанию комара можно было следить за его полетом. Налево чернело глубокое ущелье; за ним и впереди нас темно-синие вершины гор, изрытые морщинами, покрытые слоями снега, рисовались на бледном небосклоне, еще сохранявшем последний отблеск зари. На темном небе начинали мелькать звезды, и странно, мне показалось, что оно гораздо выше, чем у нас на севере. По обеим сторонам дороги торчали голые, черные камни; кой-где из-под снега выглядывали кустарники, но ни один сухой листок не шевелился, и весело было слышать среди этого мертвого сна природы фырканье усталой почтовой тройки и неровное побрякиванье русского колокольчика.— Завтра будет славная погода! — сказал я. Штабс-капитан не отвечал ни слова и указал мне пальцем на высокую гору, поднимавшуюся прямо против нас. — Что ж это? — спросил я.<br/>\r\n— Гуд-гора.<br/>\r\n— Ну так что ж?— Посмотрите, как курится.И в самом деле, Гуд-гора курилась; по бокам ее ползали легкие струйки — облаков, а на вершине лежала черная туча, такая черная, что на темном небе она казалась пятном. Уж мы различали почтовую станцию, кровли окружающих ее саклей, и перед нами мелькали приветные огоньки, когда пахнул сырой, холодный ветер, ущелье загудело и пошел мелкий дождь. Едва успел я накинуть бурку, как повалил снег. Я с благоговением посмотрел на штабс-капитана...— Нам придется здесь ночевать, — сказал он с досадою, — в такую метель через горы не переедешь. Что? были ль обвалы на Крестовой? — спросил он извозчика. — Не было, господин, — отвечал осетин-извозчик, — а висит много, много.За неимением комнаты для проезжающих на станции, нам отвели ночлег в дымной сакле. Я пригласил своего спутника выпить вместе стакан чая, ибо со мной был чугунный чайник — единственная отрада моя в путешествиях по Кавказу. Сакля была прилеплена одним боком к скале; три скользкие, мокрые ступени вели к ее двери. Ощупью вошел я и наткнулся на корову (хлев у этих людей заменяет лакейскую). Я не знал, куда деваться: тут блеют овцы, там ворчит собака. К счастью, в стороне блеснул тусклый свет и помог мне найти другое отверстие наподобие двери. Тут открылась картина довольно занимательная: широкая сакля, которой крыша опиралась на два закопченные столба, была полна народа. Посередине трещал огонек, разложенный на земле, и дым, выталкиваемый обратно ветром из отверстия в крыше, расстилался вокруг такой густой пеленою, что я долго не мог осмотреться; у огня сидели две старухи, множество детей и один худощавый грузин, все в лохмотьях. Нечего было делать, мы приютились у огня, закурили трубки, и скоро чайник зашипел приветливо.— Жалкие люди! — сказал я штабс-капитану, указывая на наших грязных хозяев, которые молча на нас смотрели в каком-то остолбенении. — Преглупый народ! — отвечал он. — Поверите ли? ничего не умеют, не способны ни к какому образованию! Уж по крайней мере наши кабардинцы или чеченцы хотя разбойники, голыши, зато отчаянные башки, а у этих и к оружию никакой охоты нет: порядочного кинжала ни на одном не увидишь. Уж подлинно осетины!— А вы долго были в Чечне? — Да, я лет десять стоял там в крепости с ротою, у Каменного Брода, — знаете?— Слыхал.— Вот, батюшка, надоели нам эти головорезы; нынче, слава богу, смирнее; а бывало, на сто шагов отойдешь за вал, уже где-нибудь косматый дьявол сидит и караулит: чуть зазевался, того и гляди — либо аркан на шее, либо пуля в затылке. А молодцы!.. — А, чай, много с вами бывало приключений? — сказал я, подстрекаемый любопытством.— Как не бывать! бывало… Тут он начал щипать левый ус, повесил голову и призадумался. Мне страх хотелось вытянуть из него какую-нибудь историйку — желание, свойственное всем путешествующим и записывающим людям. Между тем чай поспел; я вытащил из чемодана два походных стаканчика, налил и поставил один перед ним. Он отхлебнул и сказал как будто про себя: «Да, бывало!» Это восклицание подало мне большие надежды. Я знаю, старые кавказцы любят поговорить, порассказать; им так редко это удается: другой лет пять стоит где-нибудь в захолустье с ротой, и целые пять лет ему никто не скажет «здравствуйте» (потому что фельдфебель говорит «здравия желаю»). А поболтать было бы о чем: кругом народ дикий, любопытный; каждый день опасность, случаи бывают чудные, и тут поневоле пожалеешь о том, что у нас так мало записывают. </p>', 1),
(1571, '<br />\r\n', 0),
(1578, 'В новейшей цифровой фотокамере Samsung ST60 гармонично сочетаются компактность с высокойфункциональностью. Эта стильная камера толщиной всего 16,5мм является самой тонкой в мире камерой в своем классе. Она легко умещается в кармане и ее всегда можно иметь при себе.', 0),
(1582, '\r\n\r\n', 0),
(1583, '\r\n\r\n', 0),
(1584, '\r\n\r\n', 0),
(1585, '\r\n\r\n', 0),
(1586, 'Мы находимся по адресу:\r\n<br/>            Омск,\r\n<br/>улица Фрунзе, дом 52', 0),
(1713, '<p><strong>1. Общие положения</strong></p>\r\n\r\n<p>1.1. Настоящее Лицензионное соглашение далее Соглашение является общей офертой и заключается между пользователем программного продукта "Bagira.CMS" далее Пользователь и ООО "Махогани групп" далее Группа.</p>\r\n\r\n<p>1.2. Перед использованием Продукта внимательно ознакомьтесь с условиями данного Соглашения. Если Вы не согласны с условиями данного Соглашения, Вы не можете использовать данный Продукт.</p>\r\n\r\n<p><strong>2. Основные термины настоящего Соглашения</strong></p>\r\n\r\n<p>2.1. Продукт - программа для ЭВМ "Bagira.CMS", предназначенная для управления сайтами.</p>\r\n\r\n<p>2.2. Экземпляр Продукта - копия Продукта "Bagira.CMS", включающая в себя программный код Продукта, а также документацию по использованию Продукта.</p>\r\n\r\n<p>2.4. Модуль Продукта - независимая часть Продукта, созданная Группой, и отвечающая за выполнение определенных функций.</p>\r\n\r\n<p>2.5. Сайт - совокупность одного Экземпляра Продукта, базы данных или любой другой информации.</p>\r\n\r\n<p><strong>3. Предмет Соглашения</strong></p>\r\n\r\n<p>3.1. Предметом настоящего Соглашения является право использования одного Экземпляра Продукта "Bagira.CMS", предоставляемое Пользователю Группой в порядке и на условиях, установленных настоящим Соглашением.</p>\r\n\r\n<p>3.2. Все положения настоящего Соглашения распространяются как на весь продукт в целом, так и на его отдельные Модули. </p>\r\n\r\n<p>3.3. Соглашение не предоставляет право собственности на Продукт и его Модули, а только право использования Экземпляра Продукта и его Модулей в соответствии с условиями настоящего Соглашения.</p>\r\n\r\n<p><strong>4. Авторские права</strong></p>\r\n\r\n<p>4.1. Продукт "Bagira.CMS" является интеллектуальной собственностью ООО "Махогани групп".</p>\r\n\r\n<p>4.2. Всеми правами собственности и авторскими правами на Продукт "Bagira.CMS", включая документацию и исходный текст, обладает ООО "Махогани групп".</p>\r\n\r\n<p>4.3. Продукт защищен законом РФ "О правовой охране программ для электронных вычислительных машин и баз данных", Законом РФ "Об авторском праве и смежных правах", а также международными договорами.</p>\r\n\r\n<p>4.4. В случае нарушения авторских прав предусматривается ответственность в соответствии с действующим законодательством РФ.</p>\r\n\r\n<p><strong>5. Условия использования Продукта и ограничения</strong></p>\r\n\r\n<p>5.1. Настоящее Соглашение предоставляет право установки Экземпляра Продукта.</p>\r\n\r\n<p>5.2. Пользователь не может копировать Продукт, передавать его третьим лицам или распространять Продукт и его Модули с целью получения выгоды без разрешения Группы.</p>\r\n\r\n<p>5.3. Пользователь может изменять, добавлять или удалять любые файлы приобретенного Экземпляра Продукта в соответствии с Российским Законодательством об авторском праве. </p>\r\n\r\n<p>5.4. Запрещается удалять любую информацию об авторских правах.</p>\r\n\r\n<p>5.5. Запрещается любое использование Продукта, противоречащее действующему законодательству РФ.</p>\r\n\r\n<p><strong>6. Ответственность сторон</strong></p>\r\n\r\n<p>6.1. За нарушение условий настоящего Соглашения наступает ответственность, предусмотренная законодательством РФ.</p>\r\n\r\n<p>6.2. Группа&nbsp; и ее поставщики ни при каких обстоятельствах не несут ответственности перед Пользователем Продукта или другими лицами за любые последствия, связанные с использованием или с невозможностью использования продукта, включая любой прямой или косвенный ущерб, любую потерю прибыли, информации или сбережений, штрафные санкции, разглашение или распространение закрытой информации, нарушение неприкосновенности частной жизни, а также прочие убытки имущественного или иного характера даже в случае предварительного уведомления о возможности такого ущерба, или по любому иску третьей стороны.</p>\r\n\r\n<p>6.3. Пользователь соглашается с тем, что использует продукт на свой страх и риск, без каких-либо гарантий со стороны Группы.</p>\r\n\r\n<p><strong>7. Изменение и расторжение Соглашения</strong></p>\r\n\r\n<p>7.1. Группа оставляет за собой право внести изменения в настоящее соглашение в любой момент, опубликовав соответствующие изменения на интернет-сайте по адресу www.bagira-cms.ru за 10 календарных дней до вступления этих изменений в силу.</p>\r\n\r\n<p>7.2. В случае невыполнения пользователем одного из вышеуказанных положений, Группа имеет право в одностороннем порядке расторгнуть настоящее соглашение, уведомив об этом Пользователя.</p>\r\n\r\n<p>7.3. При расторжении соглашения Пользователь обязан прекратить использование Продукта, полностью удалить экземпляр Продукта и уничтожить все копии Продукта и каких-либо его составляющих.</p>\r\n\r\n<p>7.4. Пользователь может расторгнуть данное соглашение в любое время, полностью удалив Экземпляр Продукта, а также все копии Продукта и его компонентов.</p>\r\n\r\n<p>7.5. Настоящее Лицензионное соглашение распространяется также на все новые версии Продукта.</p>\r\n', 0),
(1778, '', 0),
(1782, '', 0);

-- --------------------------------------------------------

--
-- Структура таблицы `bagira___photo`
--

CREATE TABLE IF NOT EXISTS `bagira___photo` (
  `obj_id` int(11) NOT NULL,
  `image` varchar(255) NOT NULL,
  `addto` tinyint(1) NOT NULL,
  KEY `bagira___photo_fk_obj_id` (`obj_id`)
) ENGINE=InnoDB DEFAULT CHARSET=cp1251;

--
-- Дамп данных таблицы `bagira___photo`
--

INSERT INTO `bagira___photo` (`obj_id`, `image`, `addto`) VALUES
(1597, '/upload/image/52.jpg', 0),
(1598, '/upload/image/55.jpg', 0),
(1600, '/upload/image/51.jpg', 0),
(1602, '/upload/image/turley_050911_6019.jpg', 0),
(1603, '/upload/image/turley_050913_6487.jpg', 0),
(1639, '/upload/image/1126736_2_resized800.jpg', 0),
(1640, '/upload/image/1126736_3_resized373.jpg', 0),
(1641, '/upload/image/1126736_4_resized800.jpg', 0),
(1642, '/upload/image/1128797_resized250.jpg', 0),
(1643, '/upload/image/1128336_resized250.jpg', 0),
(1644, '/upload/image/1126518_resized250.jpg', 0),
(1645, '/upload/image/1129505_resized250_1.jpg', 0),
(1647, '/upload/image/1129505_resized250_1.jpg', 0),
(1780, '/upload/image/1_1.jpg', 0);

-- --------------------------------------------------------

--
-- Структура таблицы `bagira___review`
--

CREATE TABLE IF NOT EXISTS `bagira___review` (
  `obj_id` int(11) NOT NULL,
  `email` varchar(255) NOT NULL,
  `content` text NOT NULL,
  `answer` longtext NOT NULL,
  `form_id` int(11) NOT NULL,
  `send_answer_to_user` tinyint(1) NOT NULL,
  `user_rate` int(11) NOT NULL,
  `addto` tinyint(1) NOT NULL,
  KEY `bagira___user_review_fk_obj_id` (`obj_id`)
) ENGINE=InnoDB DEFAULT CHARSET=cp1251;

--
-- Дамп данных таблицы `bagira___review`
--

INSERT INTO `bagira___review` (`obj_id`, `email`, `content`, `answer`, `form_id`, `send_answer_to_user`, `user_rate`, `addto`) VALUES
(1749, 'test@test.ru', 'В новейшей цифровой фотокамере Samsung ST60 гармонично сочетаются компактность с высокойфункциональностью. Эта стильная камера толщиной всего 16,5мм является самой тонкой в мире камерой в своем классе. Она легко умещается в кармане и ее всегда можно иметь при себе.\r\n', '', 1745, 0, 3, 0),
(1752, 'test@test.ru', 'А мне нравится. Хорошая мыльница!', '', 1745, 0, 3, 0),
(1767, 'test@test.ru', 'dfgdfgdfgfgfg', '', 1745, 0, 5, 0);

-- --------------------------------------------------------

--
-- Структура таблицы `bagira___section`
--

CREATE TABLE IF NOT EXISTS `bagira___section` (
  `obj_id` int(11) NOT NULL,
  `addto` tinyint(1) NOT NULL,
  KEY `bagira___section_fk_obj_id` (`obj_id`)
) ENGINE=InnoDB DEFAULT CHARSET=cp1251;

-- --------------------------------------------------------

--
-- Структура таблицы `bagira___sex`
--

CREATE TABLE IF NOT EXISTS `bagira___sex` (
  `obj_id` int(11) NOT NULL,
  KEY `bagira___sex_fk_obj_id` (`obj_id`)
) ENGINE=InnoDB DEFAULT CHARSET=cp1251;

--
-- Дамп данных таблицы `bagira___sex`
--

INSERT INTO `bagira___sex` (`obj_id`) VALUES
(30),
(31);

-- --------------------------------------------------------

--
-- Структура таблицы `bagira___subscribe_msg`
--

CREATE TABLE IF NOT EXISTS `bagira___subscribe_msg` (
  `obj_id` int(11) NOT NULL,
  `file` varchar(255) NOT NULL,
  `last_subscribe` datetime NOT NULL,
  `message` longtext NOT NULL,
  `part_count_awaiting` int(11) NOT NULL,
  `error_part_num` int(11) NOT NULL,
  `error_iteration_num` int(11) NOT NULL,
  `part_count` int(11) NOT NULL,
  KEY `bagira___soobshchenie_rassylki_fk_obj_id` (`obj_id`)
) ENGINE=InnoDB DEFAULT CHARSET=cp1251;

--
-- Дамп данных таблицы `bagira___subscribe_msg`
--

INSERT INTO `bagira___subscribe_msg` (`obj_id`, `file`, `last_subscribe`, `message`, `part_count_awaiting`, `error_part_num`, `error_iteration_num`, `part_count`) VALUES
(358, '', '2011-02-12 00:00:00', '<br />', 0, 0, 0, 0),
(1712, '', '2011-08-17 15:18:20', '<pre>\r\n     Ты хочешь знать, что делал я\r\n     На воле? Жил - и жизнь моя\r\n     Без этих трех блаженных дней\r\n     Была б печальней и мрачней\r\n     Бессильной старости твоей.\r\n     Давным-давно задумал я\r\n     Взглянуть на дальние поля,\r\n     Узнать, прекрасна ли земля,\r\n     Узнать, для воли иль тюрьмы\r\n     На этот свет родимся мы.\r\n     И в час ночной, ужасный час,\r\n     Когда гроза пугала вас,\r\n     Когда, столпясь при алтаре,\r\n     Вы ниц лежали на земле,\r\n     Я убежал. О, я как брат\r\n     Обняться с бурей был бы рад!\r\n     Глазами тучи я следил,\r\n     Рукою молнию ловил...\r\n     Скажи мне, что средь этих стен\r\n     Могли бы дать вы мне взамен\r\n     Той дружбы краткой, но живой,\r\n     Меж бурным сердцем и грозой?,.\r\n</pre>\r\n', 0, 0, 0, 1);

-- --------------------------------------------------------

--
-- Структура таблицы `bagira___subscribe_user`
--

CREATE TABLE IF NOT EXISTS `bagira___subscribe_user` (
  `obj_id` int(11) NOT NULL,
  `second_name` varchar(255) NOT NULL,
  `first_name` varchar(255) NOT NULL,
  `user_id` int(11) NOT NULL,
  KEY `bagira___subscribe_user_fk_obj_id` (`obj_id`)
) ENGINE=InnoDB DEFAULT CHARSET=cp1251;

--
-- Дамп данных таблицы `bagira___subscribe_user`
--

INSERT INTO `bagira___subscribe_user` (`obj_id`, `second_name`, `first_name`, `user_id`) VALUES
(1537, '', '', 0),
(1726, '', '', 0),
(1753, 'Иванов2', 'Иван', 29),
(1768, 'Иванов', 'Иван', 29);

-- --------------------------------------------------------

--
-- Структура таблицы `bagira___subscription`
--

CREATE TABLE IF NOT EXISTS `bagira___subscription` (
  `obj_id` int(11) NOT NULL,
  `active` tinyint(1) NOT NULL,
  `admin_notice` text NOT NULL,
  `lang` int(11) NOT NULL,
  `domain` int(11) NOT NULL,
  `last_subscribe` datetime NOT NULL,
  `subject` varchar(255) NOT NULL,
  `back_email` varchar(255) NOT NULL,
  `template` varchar(255) NOT NULL,
  `back_name` varchar(255) NOT NULL,
  `name_format` int(11) NOT NULL,
  KEY `bagira___subscription_fk_obj_id` (`obj_id`)
) ENGINE=InnoDB DEFAULT CHARSET=cp1251;

--
-- Дамп данных таблицы `bagira___subscription`
--

INSERT INTO `bagira___subscription` (`obj_id`, `active`, `admin_notice`, `lang`, `domain`, `last_subscribe`, `subject`, `back_email`, `template`, `back_name`, `name_format`) VALUES
(72, 1, '', 1, 1, '2011-08-17 15:18:20', 'Новости компании', 'test@bagira-cms.ru', 'default', 'Демо-сайт Bagira.CMS', 1),
(357, 1, '', 2, 1, '0000-00-00 00:00:00', 'news', 'test@test.ru', 'default', '', 0),
(361, 1, '', 1, 1, '2011-02-20 11:15:58', 'Специальное предложение', 'test@bagira-cms.ru', 'default', 'Демо-сайт Bagira.CMS', 1);

-- --------------------------------------------------------

--
-- Структура таблицы `bagira___user`
--

CREATE TABLE IF NOT EXISTS `bagira___user` (
  `obj_id` int(11) NOT NULL,
  `email` varchar(255) NOT NULL,
  `password` varchar(255) NOT NULL,
  `surname` varchar(255) NOT NULL,
  `login` varchar(255) NOT NULL,
  `happy_day` date NOT NULL,
  `active` tinyint(1) NOT NULL,
  `last_visit` datetime NOT NULL,
  `last_ip` varchar(255) NOT NULL,
  `avatara` varchar(255) NOT NULL,
  `error_passw` int(11) NOT NULL,
  `def_modul` int(11) NOT NULL,
  `md5_flag` varchar(255) NOT NULL,
  `remember_me` varchar(255) NOT NULL,
  KEY `bagira___user_fk_obj_id` (`obj_id`)
) ENGINE=InnoDB DEFAULT CHARSET=cp1251;

--
-- Дамп данных таблицы `bagira___user`
--

INSERT INTO `bagira___user` (`obj_id`, `email`, `password`, `surname`, `login`, `happy_day`, `active`, `last_visit`, `last_ip`, `avatara`, `error_passw`, `def_modul`, `md5_flag`, `remember_me`) VALUES
(29, 'test@test.ru', '008fcfd9f7404da93192337640c4b081', 'Иванов', 'test@test.ru', '2010-12-30', 1, '2012-07-09 14:05:34', '127.0.0.1', '', 0, 3, '', 'f11a78bd8a15b52ce2a8ffa34435fd12'),
(402, 'asdasd@sdasd.ru', '1cee28c2684abd8d3ccf17f4333bfa3f', 'asfsa', 'asdasd@sdasd.ru', '0000-00-00', 1, '0000-00-00 00:00:00', '', '', 0, 0, '', '');

-- --------------------------------------------------------

--
-- Структура таблицы `bagira___user_group`
--

CREATE TABLE IF NOT EXISTS `bagira___user_group` (
  `obj_id` int(11) NOT NULL,
  `active` tinyint(1) NOT NULL,
  `notice` text NOT NULL,
  KEY `bagira___user_group_fk_obj_id` (`obj_id`)
) ENGINE=InnoDB DEFAULT CHARSET=cp1251;

--
-- Дамп данных таблицы `bagira___user_group`
--

INSERT INTO `bagira___user_group` (`obj_id`, `active`, `notice`) VALUES
(32, 1, ''),
(41, 1, ''),
(43, 1, ''),
(48, 1, '');

-- --------------------------------------------------------

--
-- Структура таблицы `bagira___vote`
--

CREATE TABLE IF NOT EXISTS `bagira___vote` (
  `obj_id` int(11) NOT NULL,
  `publ_date` date NOT NULL,
  `close` tinyint(1) NOT NULL,
  `question` text NOT NULL,
  `multiselect` tinyint(1) NOT NULL,
  `addto` tinyint(1) NOT NULL,
  KEY `bagira___vote_fk_obj_id` (`obj_id`)
) ENGINE=InnoDB DEFAULT CHARSET=cp1251;

--
-- Дамп данных таблицы `bagira___vote`
--

INSERT INTO `bagira___vote` (`obj_id`, `publ_date`, `close`, `question`, `multiselect`, `addto`) VALUES
(1572, '2011-03-17', 0, 'Сколько времени вы тратите на поиск свободного времени?', 0, 0);

--
-- Ограничения внешнего ключа сохраненных таблиц
--

--
-- Ограничения внешнего ключа таблицы `bagira_classes`
--
ALTER TABLE `bagira_classes`
  ADD CONSTRAINT `bagira_classes_ibfk_1` FOREIGN KEY (`c_parent_id`) REFERENCES `bagira_classes` (`c_id`) ON DELETE CASCADE ON UPDATE CASCADE,
  ADD CONSTRAINT `bagira_classes_ibfk_2` FOREIGN KEY (`c_base_class`) REFERENCES `bagira_classes` (`c_id`) ON DELETE NO ACTION ON UPDATE NO ACTION;

--
-- Ограничения внешнего ключа таблицы `bagira_comments`
--
ALTER TABLE `bagira_comments`
  ADD CONSTRAINT `bagira_comments_fk` FOREIGN KEY (`c_obj_id`) REFERENCES `bagira_objects` (`o_id`) ON DELETE CASCADE ON UPDATE CASCADE,
  ADD CONSTRAINT `bagira_comments_fk1` FOREIGN KEY (`c_parent_id`) REFERENCES `bagira_comments` (`c_id`) ON DELETE CASCADE ON UPDATE CASCADE;

--
-- Ограничения внешнего ключа таблицы `bagira_domains`
--
ALTER TABLE `bagira_domains`
  ADD CONSTRAINT `bagira_domains_fk` FOREIGN KEY (`d_domain_id`) REFERENCES `bagira_domains` (`d_id`) ON DELETE CASCADE ON UPDATE CASCADE,
  ADD CONSTRAINT `bagira_domains_fk1` FOREIGN KEY (`d_def_lang`) REFERENCES `bagira_langs` (`l_id`) ON DELETE NO ACTION ON UPDATE NO ACTION;

--
-- Ограничения внешнего ключа таблицы `bagira_fgroup`
--
ALTER TABLE `bagira_fgroup`
  ADD CONSTRAINT `bagira_fgroup_fk1` FOREIGN KEY (`fg_class_id`) REFERENCES `bagira_classes` (`c_id`) ON DELETE CASCADE ON UPDATE CASCADE;

--
-- Ограничения внешнего ключа таблицы `bagira_fields`
--
ALTER TABLE `bagira_fields`
  ADD CONSTRAINT `bagira_fields_fk` FOREIGN KEY (`f_list_id`) REFERENCES `bagira_classes` (`c_id`) ON DELETE CASCADE ON UPDATE CASCADE,
  ADD CONSTRAINT `bagira_fields_fk1` FOREIGN KEY (`f_group_id`) REFERENCES `bagira_fgroup` (`fg_id`) ON DELETE CASCADE ON UPDATE CASCADE;

--
-- Ограничения внешнего ключа таблицы `bagira_modules_rgu`
--
ALTER TABLE `bagira_modules_rgu`
  ADD CONSTRAINT `bagira_modules_rgu_fk` FOREIGN KEY (`rgu_right_id`) REFERENCES `bagira_modules_rights` (`mr_id`) ON DELETE CASCADE ON UPDATE CASCADE,
  ADD CONSTRAINT `bagira_modules_rgu_fk1` FOREIGN KEY (`rgu_obj_id`) REFERENCES `bagira_objects` (`o_id`) ON DELETE CASCADE ON UPDATE CASCADE;

--
-- Ограничения внешнего ключа таблицы `bagira_modules_rights`
--
ALTER TABLE `bagira_modules_rights`
  ADD CONSTRAINT `bagira_modules_rights_fk` FOREIGN KEY (`mr_mod_id`) REFERENCES `bagira_modules` (`m_id`) ON DELETE CASCADE ON UPDATE CASCADE,
  ADD CONSTRAINT `bagira_modules_rights_fk1` FOREIGN KEY (`mr_parent_id`) REFERENCES `bagira_modules_rights` (`mr_id`) ON DELETE CASCADE ON UPDATE CASCADE;

--
-- Ограничения внешнего ключа таблицы `bagira_objects`
--
ALTER TABLE `bagira_objects`
  ADD CONSTRAINT `bagira_objects_fk1` FOREIGN KEY (`o_class_id`) REFERENCES `bagira_classes` (`c_id`) ON DELETE CASCADE ON UPDATE CASCADE;

--
-- Ограничения внешнего ключа таблицы `bagira_pages`
--
ALTER TABLE `bagira_pages`
  ADD CONSTRAINT `bagira_pages_fk` FOREIGN KEY (`p_obj_id`) REFERENCES `bagira_objects` (`o_id`) ON DELETE CASCADE ON UPDATE CASCADE,
  ADD CONSTRAINT `bagira_pages_fk1` FOREIGN KEY (`domain_id`) REFERENCES `bagira_domains` (`d_id`) ON DELETE NO ACTION ON UPDATE NO ACTION,
  ADD CONSTRAINT `bagira_pages_fk2` FOREIGN KEY (`template_id`) REFERENCES `bagira_template` (`t_id`) ON DELETE NO ACTION ON UPDATE NO ACTION,
  ADD CONSTRAINT `bagira_pages_fk3` FOREIGN KEY (`lang_id`) REFERENCES `bagira_langs` (`l_id`) ON DELETE NO ACTION ON UPDATE NO ACTION,
  ADD CONSTRAINT `bagira_pages_fk4` FOREIGN KEY (`template2_id`) REFERENCES `bagira_template` (`t_id`) ON DELETE NO ACTION ON UPDATE NO ACTION;

--
-- Ограничения внешнего ключа таблицы `bagira_rels`
--
ALTER TABLE `bagira_rels`
  ADD CONSTRAINT `bagira_rels_fk` FOREIGN KEY (`r_parent_id`) REFERENCES `bagira_objects` (`o_id`) ON DELETE CASCADE ON UPDATE CASCADE,
  ADD CONSTRAINT `bagira_rels_fk1` FOREIGN KEY (`r_children_id`) REFERENCES `bagira_objects` (`o_id`) ON DELETE CASCADE ON UPDATE CASCADE,
  ADD CONSTRAINT `bagira_rels_fk2` FOREIGN KEY (`r_field_id`) REFERENCES `bagira_fields` (`f_id`) ON DELETE CASCADE ON UPDATE CASCADE;

--
-- Ограничения внешнего ключа таблицы `bagira_revue`
--
ALTER TABLE `bagira_revue`
  ADD CONSTRAINT `bagira_revue_fk` FOREIGN KEY (`rev_obj_id`) REFERENCES `bagira_objects` (`o_id`) ON DELETE CASCADE ON UPDATE CASCADE;

--
-- Ограничения внешнего ключа таблицы `bagira_rights`
--
ALTER TABLE `bagira_rights`
  ADD CONSTRAINT `bagira_rights_fk` FOREIGN KEY (`r_obj_id`) REFERENCES `bagira_objects` (`o_id`) ON DELETE CASCADE ON UPDATE CASCADE,
  ADD CONSTRAINT `bagira_rights_fk1` FOREIGN KEY (`r_group_id`) REFERENCES `bagira_objects` (`o_id`) ON DELETE CASCADE ON UPDATE CASCADE;

--
-- Ограничения внешнего ключа таблицы `bagira_search_rankings`
--
ALTER TABLE `bagira_search_rankings`
  ADD CONSTRAINT `bagira_search_rankings_fk` FOREIGN KEY (`sr_word_id`) REFERENCES `bagira_search_words` (`w_id`) ON DELETE CASCADE ON UPDATE CASCADE,
  ADD CONSTRAINT `bagira_search_rankings_fk1` FOREIGN KEY (`sr_obj_id`) REFERENCES `bagira_objects` (`o_id`) ON DELETE CASCADE ON UPDATE CASCADE,
  ADD CONSTRAINT `bagira_search_rankings_fk2` FOREIGN KEY (`sr_domain_id`) REFERENCES `bagira_domains` (`d_id`) ON DELETE CASCADE ON UPDATE CASCADE,
  ADD CONSTRAINT `bagira_search_rankings_fk3` FOREIGN KEY (`sr_lang_id`) REFERENCES `bagira_langs` (`l_id`) ON DELETE CASCADE ON UPDATE CASCADE;

--
-- Ограничения внешнего ключа таблицы `bagira_tags_rels`
--
ALTER TABLE `bagira_tags_rels`
  ADD CONSTRAINT `bagira_tags_rels_fk` FOREIGN KEY (`tr_obj_id`) REFERENCES `bagira_objects` (`o_id`) ON DELETE CASCADE ON UPDATE CASCADE,
  ADD CONSTRAINT `bagira_tags_rels_fk1` FOREIGN KEY (`tr_tag_id`) REFERENCES `bagira_tags` (`t_id`) ON DELETE CASCADE ON UPDATE CASCADE;

--
-- Ограничения внешнего ключа таблицы `bagira_template`
--
ALTER TABLE `bagira_template`
  ADD CONSTRAINT `bagira_template_fk` FOREIGN KEY (`t_lang_id`) REFERENCES `bagira_langs` (`l_id`) ON DELETE CASCADE ON UPDATE CASCADE,
  ADD CONSTRAINT `bagira_template_fk1` FOREIGN KEY (`t_domain_id`) REFERENCES `bagira_domains` (`d_id`) ON DELETE CASCADE ON UPDATE CASCADE;

--
-- Ограничения внешнего ключа таблицы `bagira___answer`
--
ALTER TABLE `bagira___answer`
  ADD CONSTRAINT `bagira___answer_fk_obj_id` FOREIGN KEY (`obj_id`) REFERENCES `bagira_objects` (`o_id`) ON DELETE CASCADE ON UPDATE CASCADE;

--
-- Ограничения внешнего ключа таблицы `bagira___category`
--
ALTER TABLE `bagira___category`
  ADD CONSTRAINT `bagira___category_fk_obj_id` FOREIGN KEY (`obj_id`) REFERENCES `bagira_objects` (`o_id`) ON DELETE CASCADE ON UPDATE CASCADE;

--
-- Ограничения внешнего ключа таблицы `bagira___category_faq`
--
ALTER TABLE `bagira___category_faq`
  ADD CONSTRAINT `bagira___category_faq_fk_obj_id` FOREIGN KEY (`obj_id`) REFERENCES `bagira_objects` (`o_id`) ON DELETE CASCADE ON UPDATE CASCADE;

--
-- Ограничения внешнего ключа таблицы `bagira___category_review`
--
ALTER TABLE `bagira___category_review`
  ADD CONSTRAINT `bagira___category_review_fk_obj_id` FOREIGN KEY (`obj_id`) REFERENCES `bagira_objects` (`o_id`) ON DELETE CASCADE ON UPDATE CASCADE;

--
-- Ограничения внешнего ключа таблицы `bagira___eshop_delivery_method`
--
ALTER TABLE `bagira___eshop_delivery_method`
  ADD CONSTRAINT `bagira___delivery_method_fk_obj_id` FOREIGN KEY (`obj_id`) REFERENCES `bagira_objects` (`o_id`) ON DELETE CASCADE ON UPDATE CASCADE;

--
-- Ограничения внешнего ключа таблицы `bagira___eshop_goods`
--
ALTER TABLE `bagira___eshop_goods`
  ADD CONSTRAINT `bagira___eshop_goods_fk_obj_id` FOREIGN KEY (`obj_id`) REFERENCES `bagira_objects` (`o_id`) ON DELETE CASCADE ON UPDATE CASCADE;

--
-- Ограничения внешнего ключа таблицы `bagira___eshop_order`
--
ALTER TABLE `bagira___eshop_order`
  ADD CONSTRAINT `bagira___order_fk_obj_id` FOREIGN KEY (`obj_id`) REFERENCES `bagira_objects` (`o_id`) ON DELETE CASCADE ON UPDATE CASCADE;

--
-- Ограничения внешнего ключа таблицы `bagira___eshop_payment_method`
--
ALTER TABLE `bagira___eshop_payment_method`
  ADD CONSTRAINT `bagira___eshop_payment_method_fk_obj_id` FOREIGN KEY (`obj_id`) REFERENCES `bagira_objects` (`o_id`) ON DELETE CASCADE ON UPDATE CASCADE;

--
-- Ограничения внешнего ключа таблицы `bagira___eshop_status`
--
ALTER TABLE `bagira___eshop_status`
  ADD CONSTRAINT `bagira___eshop_status_fk_obj_id` FOREIGN KEY (`obj_id`) REFERENCES `bagira_objects` (`o_id`) ON DELETE CASCADE ON UPDATE CASCADE;

--
-- Ограничения внешнего ключа таблицы `bagira___faq`
--
ALTER TABLE `bagira___faq`
  ADD CONSTRAINT `bagira___faq_fk_obj_id` FOREIGN KEY (`obj_id`) REFERENCES `bagira_objects` (`o_id`) ON DELETE CASCADE ON UPDATE CASCADE;

--
-- Ограничения внешнего ключа таблицы `bagira___feedback`
--
ALTER TABLE `bagira___feedback`
  ADD CONSTRAINT `bagira___feedback_fk_obj_id` FOREIGN KEY (`obj_id`) REFERENCES `bagira_objects` (`o_id`) ON DELETE CASCADE ON UPDATE CASCADE;

--
-- Ограничения внешнего ключа таблицы `bagira___feedback_form`
--
ALTER TABLE `bagira___feedback_form`
  ADD CONSTRAINT `bagira___feedback_form_fk_obj_id` FOREIGN KEY (`obj_id`) REFERENCES `bagira_objects` (`o_id`) ON DELETE CASCADE ON UPDATE CASCADE;

--
-- Ограничения внешнего ключа таблицы `bagira___file`
--
ALTER TABLE `bagira___file`
  ADD CONSTRAINT `bagira___file_fk_obj_id` FOREIGN KEY (`obj_id`) REFERENCES `bagira_objects` (`o_id`) ON DELETE CASCADE ON UPDATE CASCADE;

--
-- Ограничения внешнего ключа таблицы `bagira___gallery`
--
ALTER TABLE `bagira___gallery`
  ADD CONSTRAINT `bagira___gallery_fk_obj_id` FOREIGN KEY (`obj_id`) REFERENCES `bagira_objects` (`o_id`) ON DELETE CASCADE ON UPDATE CASCADE;

--
-- Ограничения внешнего ключа таблицы `bagira___goods`
--
ALTER TABLE `bagira___goods`
  ADD CONSTRAINT `bagira___goods_fk_obj_id` FOREIGN KEY (`obj_id`) REFERENCES `bagira_objects` (`o_id`) ON DELETE CASCADE ON UPDATE CASCADE;

--
-- Ограничения внешнего ключа таблицы `bagira___handbook`
--
ALTER TABLE `bagira___handbook`
  ADD CONSTRAINT `bagira___handbook_fk_obj_id` FOREIGN KEY (`obj_id`) REFERENCES `bagira_objects` (`o_id`) ON DELETE CASCADE ON UPDATE CASCADE;

--
-- Ограничения внешнего ключа таблицы `bagira___list_color`
--
ALTER TABLE `bagira___list_color`
  ADD CONSTRAINT `bagira___list_color_fk_obj_id` FOREIGN KEY (`obj_id`) REFERENCES `bagira_objects` (`o_id`) ON DELETE CASCADE ON UPDATE CASCADE;

--
-- Ограничения внешнего ключа таблицы `bagira___list_garantiya`
--
ALTER TABLE `bagira___list_garantiya`
  ADD CONSTRAINT `bagira___list_garantiya_fk_obj_id` FOREIGN KEY (`obj_id`) REFERENCES `bagira_objects` (`o_id`) ON DELETE CASCADE ON UPDATE CASCADE;

--
-- Ограничения внешнего ключа таблицы `bagira___list_strana_proizvoditel`
--
ALTER TABLE `bagira___list_strana_proizvoditel`
  ADD CONSTRAINT `bagira___list_strana_proizvoditel_fk_obj_id` FOREIGN KEY (`obj_id`) REFERENCES `bagira_objects` (`o_id`) ON DELETE CASCADE ON UPDATE CASCADE;

--
-- Ограничения внешнего ключа таблицы `bagira___news`
--
ALTER TABLE `bagira___news`
  ADD CONSTRAINT `bagira___news_fk_obj_id` FOREIGN KEY (`obj_id`) REFERENCES `bagira_objects` (`o_id`) ON DELETE CASCADE ON UPDATE CASCADE;

--
-- Ограничения внешнего ключа таблицы `bagira___news_feed`
--
ALTER TABLE `bagira___news_feed`
  ADD CONSTRAINT `bagira___news_feed_fk_obj_id` FOREIGN KEY (`obj_id`) REFERENCES `bagira_objects` (`o_id`) ON DELETE CASCADE ON UPDATE CASCADE;

--
-- Ограничения внешнего ключа таблицы `bagira___page`
--
ALTER TABLE `bagira___page`
  ADD CONSTRAINT `bagira___page_fk_obj_id` FOREIGN KEY (`obj_id`) REFERENCES `bagira_objects` (`o_id`) ON DELETE CASCADE ON UPDATE CASCADE;

--
-- Ограничения внешнего ключа таблицы `bagira___photo`
--
ALTER TABLE `bagira___photo`
  ADD CONSTRAINT `bagira___photo_fk_obj_id` FOREIGN KEY (`obj_id`) REFERENCES `bagira_objects` (`o_id`) ON DELETE CASCADE ON UPDATE CASCADE;

--
-- Ограничения внешнего ключа таблицы `bagira___review`
--
ALTER TABLE `bagira___review`
  ADD CONSTRAINT `bagira___user_review_fk_obj_id` FOREIGN KEY (`obj_id`) REFERENCES `bagira_objects` (`o_id`) ON DELETE CASCADE ON UPDATE CASCADE;

--
-- Ограничения внешнего ключа таблицы `bagira___section`
--
ALTER TABLE `bagira___section`
  ADD CONSTRAINT `bagira___section_fk_obj_id` FOREIGN KEY (`obj_id`) REFERENCES `bagira_objects` (`o_id`) ON DELETE CASCADE ON UPDATE CASCADE;

--
-- Ограничения внешнего ключа таблицы `bagira___sex`
--
ALTER TABLE `bagira___sex`
  ADD CONSTRAINT `bagira___sex_fk_obj_id` FOREIGN KEY (`obj_id`) REFERENCES `bagira_objects` (`o_id`) ON DELETE CASCADE ON UPDATE CASCADE;

--
-- Ограничения внешнего ключа таблицы `bagira___subscribe_msg`
--
ALTER TABLE `bagira___subscribe_msg`
  ADD CONSTRAINT `bagira___soobshchenie_rassylki_fk_obj_id` FOREIGN KEY (`obj_id`) REFERENCES `bagira_objects` (`o_id`) ON DELETE CASCADE ON UPDATE CASCADE;

--
-- Ограничения внешнего ключа таблицы `bagira___subscribe_user`
--
ALTER TABLE `bagira___subscribe_user`
  ADD CONSTRAINT `bagira___subscribe_user_fk_obj_id` FOREIGN KEY (`obj_id`) REFERENCES `bagira_objects` (`o_id`) ON DELETE CASCADE ON UPDATE CASCADE;

--
-- Ограничения внешнего ключа таблицы `bagira___subscription`
--
ALTER TABLE `bagira___subscription`
  ADD CONSTRAINT `bagira___subscription_fk_obj_id` FOREIGN KEY (`obj_id`) REFERENCES `bagira_objects` (`o_id`) ON DELETE CASCADE ON UPDATE CASCADE;

--
-- Ограничения внешнего ключа таблицы `bagira___user`
--
ALTER TABLE `bagira___user`
  ADD CONSTRAINT `bagira___user_fk_obj_id` FOREIGN KEY (`obj_id`) REFERENCES `bagira_objects` (`o_id`) ON DELETE CASCADE ON UPDATE CASCADE;

--
-- Ограничения внешнего ключа таблицы `bagira___user_group`
--
ALTER TABLE `bagira___user_group`
  ADD CONSTRAINT `bagira___user_group_fk_obj_id` FOREIGN KEY (`obj_id`) REFERENCES `bagira_objects` (`o_id`) ON DELETE CASCADE ON UPDATE CASCADE;

--
-- Ограничения внешнего ключа таблицы `bagira___vote`
--
ALTER TABLE `bagira___vote`
  ADD CONSTRAINT `bagira___vote_fk_obj_id` FOREIGN KEY (`obj_id`) REFERENCES `bagira_objects` (`o_id`) ON DELETE CASCADE ON UPDATE CASCADE;

/*!40101 SET CHARACTER_SET_CLIENT=@OLD_CHARACTER_SET_CLIENT */;
/*!40101 SET CHARACTER_SET_RESULTS=@OLD_CHARACTER_SET_RESULTS */;
/*!40101 SET COLLATION_CONNECTION=@OLD_COLLATION_CONNECTION */;
